22,1,other1,1,cue,right,-1.0,-1,-1,i,i,-1.0,0.5121360239209025,-1,1,none,none,-1,-1,-1.0,0,21974,11:36:57.491907,other
22,2,other1,1,gabor,0,0.009459394751527034,n,x,-1,i,1.1338397481904394,-1.0,0,-1,congruent,miss,space,0,2.853564775829,5682,21974,11:36:57.491907,other
22,3,other1,1,gabor,90,0.009459394751527034,n,n,-1,z,1.0123627739767471,-1.0,1,-1,incongruent,CR,z,3,1.522293888807326,12099,21974,11:36:57.491907,other
22,4,other1,1,cue,right,-1.0,-1,-1,i,i,-1.0,0.5830878634387773,-1,1,none,none,-1,-1,-1.0,17250,21974,11:36:57.491907,other
22,5,other1,1,cue,left,-1.0,-1,-1,z,z,-1.0,0.3917004487766462,-1,1,none,none,-1,-1,-1.0,23632,21974,11:36:57.491907,other
22,6,other1,1,cue,left,-1.0,-1,-1,z,z,-1.0,0.2403370108695526,-1,1,none,none,-1,-1,-1.0,29232,21974,11:36:57.491907,other
22,7,other1,1,gabor,0,0.009459394751527034,n,x,-1,i,0.7122370918550587,-1.0,0,-1,congruent,miss,z,3,1.1541462620416496,31832,21974,11:36:57.491907,other
22,8,other1,1,cue,right,-1.0,-1,-1,i,i,-1.0,0.5490265875478144,-1,1,none,none,-1,-1,-1.0,36115,21974,11:36:57.491907,other
22,9,other1,1,gabor,0,0.009459394751527034,n,x,-1,z,0.5728282394247799,-1.0,0,-1,incongruent,miss,x,3,1.0117042196243349,39115,21974,11:36:57.491907,other
22,10,other1,1,gabor,0,0.009459394751527034,n,x,-1,z,0.6816264103717913,-1.0,0,-1,incongruent,miss,x,2,1.9965655334535768,43215,21974,11:36:57.491907,other
22,11,other1,1,gabor,0,0.009459394751527034,n,x,-1,i,0.6462710655796401,-1.0,0,-1,congruent,miss,x,3,2.146320025160094,48500,21974,11:36:57.491907,other
22,12,other1,1,gabor,0,0.009459394751527034,n,x,-1,z,0.5410575038913521,-1.0,0,-1,incongruent,miss,n,2,3.694007232194053,53714,21974,11:36:57.491907,other
22,13,other1,1,gabor,0,0.009459394751527034,n,x,-1,i,0.5834960519378001,-1.0,0,-1,congruent,miss,n,3,1.9415196055279007,60465,21974,11:36:57.491907,other
22,14,other1,1,cue,left,-1.0,-1,-1,z,z,-1.0,0.5133022219206396,-1,1,none,none,-1,-1,-1.0,65414,21974,11:36:57.491907,other
22,15,other1,1,gabor,90,0.009459394751527034,n,n,-1,z,0.5230949059387058,-1.0,1,-1,incongruent,CR,z,2,5.108063201249934,68381,21974,11:36:57.491907,other
22,16,other1,1,cue,left,-1.0,-1,-1,z,z,-1.0,0.3576986923762888,-1,1,none,none,-1,-1,-1.0,76531,21974,11:36:57.491907,other
22,17,other1,1,cue,right,-1.0,-1,-1,i,i,-1.0,0.3205562269095026,-1,1,none,none,-1,-1,-1.0,79247,21974,11:36:57.491907,other
22,18,other1,1,cue,left,-1.0,-1,-1,z,z,-1.0,0.3184377170782682,-1,1,none,none,-1,-1,-1.0,81914,21974,11:36:57.491907,other
22,19,other1,1,cue,right,-1.0,-1,-1,i,i,-1.0,0.2992993212083093,-1,1,none,none,-1,-1,-1.0,84580,21974,11:36:57.491907,other
22,20,other1,1,gabor,90,0.009459394751527034,n,n,-1,i,0.514144710695291,-1.0,1,-1,congruent,CR,x,3,1.4270308337836468,87230,21974,11:36:57.491907,other
22,21,other1,1,gabor,90,0.009459394751527034,n,n,-1,z,0.5638834201354257,-1.0,1,-1,incongruent,CR,i,4,0.9388231806524344,91797,21974,11:36:57.491907,other
22,22,other1,1,gabor,0,0.009459394751527034,n,x,-1,i,0.9306302269151274,-1.0,0,-1,congruent,miss,n,3,1.8034812373452949,95830,21974,11:36:57.491907,other
22,23,other1,1,cue,right,-1.0,-1,-1,i,i,-1.0,0.32420112365070963,-1,1,none,none,-1,-1,-1.0,101180,21974,11:36:57.491907,other
22,24,other1,1,cue,right,-1.0,-1,-1,i,i,-1.0,0.2852707695183199,-1,1,none,none,-1,-1,-1.0,103963,21974,11:36:57.491907,other
22,25,other1,1,gabor,90,0.009459394751527034,n,n,-1,i,0.4937771413669907,-1.0,1,-1,congruent,CR,z,3,1.272771676710363,109345,21974,11:36:57.491907,other
22,26,other1,1,gabor,0,0.009459394751527034,n,x,-1,z,0.5945202133943894,-1.0,0,-1,incongruent,miss,n,2,1.0005575632185355,113630,21974,11:36:57.491907,other
22,27,other1,1,cue,left,-1.0,-1,-1,z,z,-1.0,0.5253170948808474,-1,1,none,none,-1,-1,-1.0,117762,21974,11:36:57.491907,other
22,28,other1,1,gabor,0,0.009459394751527034,n,x,-1,z,0.6032246507447779,-1.0,0,-1,incongruent,miss,n,1,4.6801023274419995,120646,21974,11:36:57.491907,other
22,29,other1,1,cue,right,-1.0,-1,-1,i,i,-1.0,0.34671485057333484,-1,1,none,none,-1,-1,-1.0,128446,21974,11:36:57.491907,other
22,30,other1,1,gabor,90,0.009459394751527034,n,n,-1,i,0.5183659864933361,-1.0,1,-1,congruent,CR,n,4,1.895499520195699,131347,21974,11:36:57.491907,other
22,31,other1,1,cue,left,-1.0,-1,-1,z,z,-1.0,0.4411795764444833,-1,1,none,none,-1,-1,-1.0,136279,21974,11:36:57.491907,other
22,32,other1,1,gabor,90,0.009459394751527034,n,n,-1,z,0.4621415726742271,-1.0,1,-1,incongruent,CR,x,3,1.2651362861915914,139179,21974,11:36:57.491907,other
22,33,other1,1,gabor,90,0.009459394751527034,n,n,-1,i,0.7518586400601635,-1.0,1,-1,congruent,CR,x,4,4.143754543160867,143328,21974,11:36:57.491907,other
22,34,other1,1,cue,right,-1.0,-1,-1,i,i,-1.0,0.31141864127403096,-1,1,none,none,-1,-1,-1.0,150745,21974,11:36:57.491907,other
22,35,other1,1,gabor,90,0.009459394751527034,n,n,-1,z,0.6241931749191281,-1.0,1,-1,incongruent,CR,i,1,1.0623649051585744,153511,21974,11:36:57.491907,other
22,36,other1,1,cue,left,-1.0,-1,-1,z,z,-1.0,0.3971597299578207,-1,1,none,none,-1,-1,-1.0,157611,21974,11:36:57.491907,other
22,37,other1,1,gabor,90,0.009459394751527034,n,n,-1,i,0.5845746986869926,-1.0,1,-1,congruent,CR,i,2,1.5677053393592357,163110,21974,11:36:57.491907,other
22,38,other1,1,cue,left,-1.0,-1,-1,z,z,-1.0,0.3054762922356531,-1,1,none,none,-1,-1,-1.0,167694,21974,11:36:57.491907,other
22,39,other1,1,cue,left,-1.0,-1,-1,z,z,-1.0,0.16742909212825907,-1,1,none,none,-1,-1,-1.0,170361,21974,11:36:57.491907,other
22,40,other1,1,cue,right,-1.0,-1,-1,i,i,-1.0,0.3352329650415413,-1,1,none,none,-1,-1,-1.0,172977,21974,11:36:57.491907,other
22,41,other1,2,cue,left,-1.0,-1,-1,z,z,-1.0,0.2504453401807041,-1,1,none,none,-1,-1,-1.0,185678,21974,11:36:57.491907,other
22,42,other1,2,gabor,0,0.009459394751527034,n,x,-1,z,0.5692708939332078,-1.0,0,-1,incongruent,miss,i,1,1.3762315254380155,188327,21974,11:36:57.491907,other
22,43,other1,2,gabor,0,0.009459394751527034,n,x,-1,z,1.2501377588187097,-1.0,0,-1,incongruent,miss,i,1,1.8379871814222497,192895,21974,11:36:57.491907,other
22,44,other1,2,cue,right,-1.0,-1,-1,i,i,-1.0,0.30953014546958,-1,1,none,none,-1,-1,-1.0,198611,21974,11:36:57.491907,other
22,45,other1,2,cue,right,-1.0,-1,-1,i,i,-1.0,0.29958040679866826,-1,1,none,none,-1,-1,-1.0,201260,21974,11:36:57.491907,other
22,46,other1,2,cue,left,-1.0,-1,-1,z,z,-1.0,0.29838694503359875,-1,1,none,none,-1,-1,-1.0,204111,21974,11:36:57.491907,other
22,47,other1,2,cue,right,-1.0,-1,-1,i,i,-1.0,0.28425586622142873,-1,1,none,none,-1,-1,-1.0,206859,21974,11:36:57.491907,other
22,48,other1,2,gabor,90,0.009459394751527034,n,n,-1,i,0.4671366018365006,-1.0,1,-1,congruent,CR,i,2,2.0220333470424516,209493,21974,11:36:57.491907,other
22,49,other1,2,gabor,0,0.009459394751527034,n,x,-1,i,1.0388262910255437,-1.0,0,-1,congruent,miss,n,1,1.8827251017492015,214610,21974,11:36:57.491907,other
22,50,other1,2,cue,left,-1.0,-1,-1,z,z,-1.0,0.5445034903377746,-1,1,none,none,-1,-1,-1.0,220160,21974,11:36:57.491907,other
22,51,other1,2,cue,left,-1.0,-1,-1,z,z,-1.0,0.3332757338275769,-1,1,none,none,-1,-1,-1.0,223059,21974,11:36:57.491907,other
22,52,other1,2,cue,right,-1.0,-1,-1,i,i,-1.0,0.3932533314600733,-1,1,none,none,-1,-1,-1.0,225742,21974,11:36:57.491907,other
22,53,other1,2,cue,right,-1.0,-1,-1,i,i,-1.0,0.4120891379234308,-1,1,none,none,-1,-1,-1.0,228693,21974,11:36:57.491907,other
22,54,other1,2,gabor,0,0.009459394751527034,x,x,-1,i,0.9967091482221804,-1.0,1,-1,incongruent,hit,i,1,1.9557981390753407,231659,21974,11:36:57.491907,other
22,55,other1,2,gabor,90,0.009459394751527034,n,n,-1,i,0.6305118407308328,-1.0,1,-1,congruent,CR,x,3,1.1874802481688675,237227,21974,11:36:57.491907,other
22,56,other1,2,cue,left,-1.0,-1,-1,z,z,-1.0,0.40425867707745056,-1,1,none,none,-1,-1,-1.0,241676,21974,11:36:57.491907,other
22,57,other1,2,gabor,90,0.009459394751527034,n,n,-1,z,0.5751541074787383,-1.0,1,-1,incongruent,CR,i,2,4.1580154128596405,244425,21974,11:36:57.491907,other
22,58,other1,2,gabor,90,0.009459394751527034,n,n,-1,z,1.1417992319293262,-1.0,1,-1,incongruent,CR,n,2,1.4856348751955009,251675,21974,11:36:57.491907,other
22,59,other1,2,gabor,90,0.009459394751527034,n,n,-1,z,0.659365737279586,-1.0,1,-1,incongruent,CR,x,2,1.2393048277217529,256926,21974,11:36:57.491907,other
22,60,other1,2,cue,right,-1.0,-1,-1,i,i,-1.0,0.5192161552022299,-1,1,none,none,-1,-1,-1.0,261442,21974,11:36:57.491907,other
22,61,other1,2,cue,right,-1.0,-1,-1,i,i,-1.0,0.519876245541127,-1,1,none,none,-1,-1,-1.0,264407,21974,11:36:57.491907,other
22,62,other1,2,gabor,0,0.009459394751527034,n,x,-1,z,0.6817746331007584,-1.0,0,-1,incongruent,miss,n,2,1.6447535105944553,267374,21974,11:36:57.491907,other
22,63,other1,2,gabor,90,0.009459394751527034,n,n,-1,z,0.6204161833102262,-1.0,1,-1,incongruent,CR,n,1,1.2255024500909713,272108,21974,11:36:57.491907,other
22,64,other1,2,cue,left,-1.0,-1,-1,z,z,-1.0,0.418228093275502,-1,1,none,none,-1,-1,-1.0,276575,21974,11:36:57.491907,other
22,65,other1,2,gabor,0,0.009459394751527034,x,x,-1,z,1.2761635196211498,-1.0,1,-1,congruent,hit,z,1,5.181940327679513,279541,21974,11:36:57.491907,other
22,66,other1,2,gabor,0,0.009459394751527034,n,x,-1,i,0.9645705438424556,-1.0,0,-1,congruent,miss,n,1,1.0514974143588915,288524,21974,11:36:57.491907,other
22,67,other1,2,cue,right,-1.0,-1,-1,i,i,-1.0,0.4585312356366558,-1,1,none,none,-1,-1,-1.0,293175,21974,11:36:57.491907,other
22,68,other1,2,cue,left,-1.0,-1,-1,z,z,-1.0,0.4062047723873548,-1,1,none,none,-1,-1,-1.0,296073,21974,11:36:57.491907,other
22,69,other1,2,gabor,90,0.009459394751527034,n,n,-1,i,0.6708207430410766,-1.0,1,-1,congruent,CR,n,3,2.1137632483660127,301673,21974,11:36:57.491907,other
22,70,other1,2,cue,right,-1.0,-1,-1,i,i,-1.0,0.4225215604546975,-1,1,none,none,-1,-1,-1.0,306890,21974,11:36:57.491907,other
22,71,other1,2,gabor,90,0.009459394751527034,n,n,-1,i,0.6313378176464539,-1.0,1,-1,congruent,CR,z,2,1.3803418261886689,309656,21974,11:36:57.491907,other
22,72,other1,2,cue,right,-1.0,-1,-1,i,i,-1.0,0.4662779851996674,-1,1,none,none,-1,-1,-1.0,314206,21974,11:36:57.491907,other
22,73,other1,2,gabor,0,0.009459394751527034,n,x,-1,z,0.698772247328634,-1.0,0,-1,incongruent,miss,i,1,1.88472841256862,319972,21974,11:36:57.491907,other
22,74,other1,2,gabor,0,0.009459394751527034,n,x,-1,i,1.1305531203770445,-1.0,0,-1,congruent,miss,x,2,2.172341561999019,325190,21974,11:36:57.491907,other
22,75,other1,2,gabor,90,0.009459394751527034,n,n,-1,z,1.2141975870408714,-1.0,1,-1,incongruent,CR,n,2,3.4430592403241462,330906,21974,11:36:57.491907,other
22,76,other1,2,gabor,90,0.009459394751527034,n,n,-1,i,0.6055247910189792,-1.0,1,-1,congruent,CR,z,1,1.1385314199542336,341539,21974,11:36:57.491907,other
22,77,other1,2,cue,left,-1.0,-1,-1,z,z,-1.0,0.3302782555338126,-1,1,none,none,-1,-1,-1.0,345805,21974,11:36:57.491907,other
22,78,other1,2,cue,left,-1.0,-1,-1,z,z,-1.0,0.3230898371812145,-1,1,none,none,-1,-1,-1.0,348588,21974,11:36:57.491907,other
22,79,other1,2,cue,left,-1.0,-1,-1,z,z,-1.0,0.29695962927416986,-1,1,none,none,-1,-1,-1.0,351456,21974,11:36:57.491907,other
22,80,other1,2,gabor,0,0.009459394751527034,x,x,-1,i,1.0788064921562182,-1.0,1,-1,incongruent,hit,z,1,2.113794736096679,354104,21974,11:36:57.491907,other
22,81,other1,3,cue,left,-1.0,-1,-1,z,z,-1.0,0.29826713806141925,-1,1,none,none,-1,-1,-1.0,366254,21974,11:36:57.491907,other
22,82,other1,3,cue,right,-1.0,-1,-1,i,i,-1.0,0.2877947798715468,-1,1,none,none,-1,-1,-1.0,371887,21974,11:36:57.491907,other
22,83,other1,3,gabor,0,0.009459394751527034,n,x,-1,i,1.1585603041876311,-1.0,0,-1,congruent,miss,n,1,1.294600353507121,374722,21974,11:36:57.491907,other
22,84,other1,3,cue,left,-1.0,-1,-1,z,z,-1.0,0.5022696125352013,-1,1,none,none,-1,-1,-1.0,383137,21974,11:36:57.491907,other
22,85,other1,3,gabor,90,0.009459394751527034,n,n,-1,i,0.6347738201793618,-1.0,1,-1,congruent,CR,x,3,1.1587369426715668,389437,21974,11:36:57.491907,other
22,86,other1,3,cue,right,-1.0,-1,-1,i,i,-1.0,0.5344911602041975,-1,1,none,none,-1,-1,-1.0,393754,21974,11:36:57.491907,other
22,87,other1,3,cue,left,-1.0,-1,-1,z,z,-1.0,0.3274071121559245,-1,1,none,none,-1,-1,-1.0,396737,21974,11:36:57.491907,other
22,88,other1,3,cue,right,-1.0,-1,-1,i,i,-1.0,0.35925157505789684,-1,1,none,none,-1,-1,-1.0,399520,21974,11:36:57.491907,other
22,89,other1,3,gabor,90,0.009459394751527034,n,n,-1,i,0.5481798748096479,-1.0,1,-1,congruent,CR,x,3,1.0201360193132132,402421,21974,11:36:57.491907,other
22,90,other1,3,gabor,0,0.009459394751527034,n,x,-1,i,0.6487489963292319,-1.0,0,-1,congruent,miss,z,3,1.9808293484074968,406503,21974,11:36:57.491907,other
22,91,other1,3,gabor,90,0.009459394751527034,n,n,-1,z,0.6384125729737207,-1.0,1,-1,incongruent,CR,i,2,1.042586770775415,411570,21974,11:36:57.491907,other
22,92,other1,3,gabor,90,0.009459394751527034,n,n,-1,i,0.6662546382003711,-1.0,1,-1,congruent,CR,x,2,0.9173224370433672,415669,21974,11:36:57.491907,other
22,93,other1,3,cue,right,-1.0,-1,-1,i,i,-1.0,0.3862173597999572,-1,1,none,none,-1,-1,-1.0,419887,21974,11:36:57.491907,other
22,94,other1,3,gabor,90,0.009459394751527034,n,n,-1,i,0.5649378750922551,-1.0,1,-1,congruent,CR,n,4,1.6128587441235143,422619,21974,11:36:57.491907,other
22,95,other1,3,gabor,90,0.009459394751527034,n,n,-1,z,0.549783061060225,-1.0,1,-1,incongruent,CR,n,3,0.7336249404324917,427203,21974,11:36:57.491907,other
22,96,other1,3,gabor,90,0.009459394751527034,n,n,-1,z,0.5934250547870761,-1.0,1,-1,incongruent,CR,n,2,2.7673371633163697,430903,21974,11:36:57.491907,other
22,97,other1,3,gabor,0,0.009459394751527034,z,x,-1,i,0.7301662820937054,-1.0,0,-1,otherWEincongruent,miss,x,2,1.4591579182615533,436685,21974,11:36:57.491907,other
22,98,other1,3,gabor,0,0.009459394751527034,n,x,-1,i,0.6098197941855688,-1.0,0,-1,congruent,miss,x,2,2.391802591901069,441302,21974,11:36:57.491907,other
22,99,other1,3,gabor,0,0.009459394751527034,n,x,-1,z,0.5694690362342953,-1.0,0,-1,incongruent,miss,n,2,1.4325219866914267,446920,21974,11:36:57.491907,other
22,100,other1,3,cue,left,-1.0,-1,-1,z,z,-1.0,0.4721923024790158,-1,1,none,none,-1,-1,-1.0,451553,21974,11:36:57.491907,other
22,101,other1,3,gabor,0,0.009459394751527034,n,x,-1,i,0.5512030808822601,-1.0,0,-1,congruent,miss,z,2,1.8789930377561177,454368,21974,11:36:57.491907,other
22,102,other1,3,cue,left,-1.0,-1,-1,z,z,-1.0,0.6376772192797944,-1,1,none,none,-1,-1,-1.0,459218,21974,11:36:57.491907,other
22,103,other1,3,cue,left,-1.0,-1,-1,z,z,-1.0,0.3625489547803227,-1,1,none,none,-1,-1,-1.0,462302,21974,11:36:57.491907,other
22,104,other1,3,cue,right,-1.0,-1,-1,i,i,-1.0,0.3105584886507131,-1,1,none,none,-1,-1,-1.0,465220,21974,11:36:57.491907,other
22,105,other1,3,gabor,0,0.009459394751527034,n,x,-1,z,1.244188113842938,-1.0,0,-1,incongruent,miss,n,1,1.4562161194908183,468069,21974,11:36:57.491907,other
22,106,other1,3,cue,right,-1.0,-1,-1,i,i,-1.0,0.2738748992487672,-1,1,none,none,-1,-1,-1.0,476134,21974,11:36:57.491907,other
22,107,other1,3,gabor,90,0.009459394751527034,n,n,-1,z,0.5526457565101737,-1.0,1,-1,incongruent,CR,z,2,1.4406154852813415,478751,21974,11:36:57.491907,other
22,108,other1,3,cue,right,-1.0,-1,-1,i,i,-1.0,0.3522628349937804,-1,1,none,none,-1,-1,-1.0,483369,21974,11:36:57.491907,other
22,109,other1,3,gabor,90,0.009459394751527034,n,n,-1,z,0.4842209993203142,-1.0,1,-1,incongruent,CR,x,3,0.8232774195730599,486067,21974,11:36:57.491907,other
22,110,other1,3,cue,right,-1.0,-1,-1,i,i,-1.0,0.5761812986684163,-1,1,none,none,-1,-1,-1.0,489985,21974,11:36:57.491907,other
22,111,other1,3,cue,left,-1.0,-1,-1,z,z,-1.0,0.5479080051409255,-1,1,none,none,-1,-1,-1.0,493101,21974,11:36:57.491907,other
22,112,other1,3,gabor,0,0.009459394751527034,x,x,-1,z,0.7516055862306529,-1.0,1,-1,congruent,hit,z,1,2.3036638277790193,496001,21974,11:36:57.491907,other
22,113,other1,3,cue,right,-1.0,-1,-1,i,i,-1.0,0.5724388667640596,-1,1,none,none,-1,-1,-1.0,501483,21974,11:36:57.491907,other
22,114,other1,3,gabor,90,0.009459394751527034,n,n,-1,i,0.6072865679097958,-1.0,1,-1,congruent,CR,n,2,2.7651360941927123,504400,21974,11:36:57.491907,other
22,115,other1,3,cue,left,-1.0,-1,-1,z,z,-1.0,0.4917200710087855,-1,1,none,none,-1,-1,-1.0,510299,21974,11:36:57.491907,other
22,116,other1,3,cue,left,-1.0,-1,-1,z,z,-1.0,0.346725602481456,-1,1,none,none,-1,-1,-1.0,513133,21974,11:36:57.491907,other
22,117,other1,3,cue,left,-1.0,-1,-1,z,z,-1.0,0.3185751878991141,-1,1,none,none,-1,-1,-1.0,515834,21974,11:36:57.491907,other
22,118,other1,3,gabor,0,0.009459394751527034,n,x,-1,z,0.700459144863089,-1.0,0,-1,incongruent,miss,n,1,1.5103427593003291,518701,21974,11:36:57.491907,other
22,119,other1,3,gabor,0,0.009459394751527034,n,x,-1,z,0.503810591320871,-1.0,0,-1,incongruent,miss,x,1,1.329810163548245,529615,21974,11:36:57.491907,other
22,120,other1,3,cue,right,-1.0,-1,-1,i,i,-1.0,0.5655741576356377,-1,1,none,none,-1,-1,-1.0,533866,21974,11:36:57.491907,other
22,121,other1,4,gabor,0,0.009459394751527034,n,x,-1,i,0.7377248732709631,-1.0,0,-1,congruent,miss,n,2,1.402696578474206,548383,21974,11:36:57.491907,other
22,122,other1,4,cue,left,-1.0,-1,-1,z,z,-1.0,0.5213611608060091,-1,1,none,none,-1,-1,-1.0,553200,21974,11:36:57.491907,other
22,123,other1,4,gabor,90,0.009459394751527034,n,n,-1,z,0.4592750372567025,-1.0,1,-1,incongruent,CR,i,2,1.3422343769980216,556165,21974,11:36:57.491907,other
22,124,other1,4,cue,right,-1.0,-1,-1,i,i,-1.0,0.4420911846264062,-1,1,none,none,-1,-1,-1.0,560381,21974,11:36:57.491907,other
22,125,other1,4,cue,left,-1.0,-1,-1,z,z,-1.0,0.3988508514557907,-1,1,none,none,-1,-1,-1.0,563265,21974,11:36:57.491907,other
22,126,other1,4,gabor,90,0.009459394751527034,n,n,-1,i,0.4687044603906543,-1.0,1,-1,congruent,CR,space,0,3.3527366869302573,566115,21974,11:36:57.491907,other
22,127,other1,4,gabor,0,0.009459394751527034,z,x,-1,z,0.5793492715001776,-1.0,0,-1,otherWEcongruent,miss,space,0,2.2183412955055246,572365,21974,11:36:57.491907,other
22,128,other1,4,cue,right,-1.0,-1,-1,i,i,-1.0,0.6031021557955683,-1,1,none,none,-1,-1,-1.0,577581,21974,11:36:57.491907,other
22,129,other1,4,gabor,90,0.009459394751527034,n,n,-1,z,0.7888267710213768,-1.0,1,-1,incongruent,CR,z,3,1.683883159017569,580531,21974,11:36:57.491907,other
22,130,other1,4,gabor,90,0.009459394751527034,n,n,-1,z,0.6885840467029993,-1.0,1,-1,incongruent,CR,n,3,1.6515325884565757,585431,21974,11:36:57.491907,other
22,131,other1,4,gabor,90,0.009459394751527034,n,n,-1,i,0.6374222454669507,-1.0,1,-1,congruent,CR,z,2,0.9372630020316136,592947,21974,11:36:57.491907,other
22,132,other1,4,cue,right,-1.0,-1,-1,i,i,-1.0,0.4025959713371776,-1,1,none,none,-1,-1,-1.0,600597,21974,11:36:57.491907,other
22,133,other1,4,cue,left,-1.0,-1,-1,z,z,-1.0,0.3765963223104336,-1,1,none,none,-1,-1,-1.0,603447,21974,11:36:57.491907,other
22,134,other1,4,gabor,90,0.009459394751527034,n,n,-1,i,0.4604235714077731,-1.0,1,-1,congruent,CR,z,3,1.0804235022878856,606164,21974,11:36:57.491907,other
22,135,other1,4,gabor,90,0.009459394751527034,n,n,-1,i,0.5863664273219911,-1.0,1,-1,congruent,CR,z,4,1.90428114088445,610230,21974,11:36:57.491907,other
22,136,other1,4,cue,left,-1.0,-1,-1,z,z,-1.0,0.4690512094166479,-1,1,none,none,-1,-1,-1.0,615146,21974,11:36:57.491907,other
22,137,other1,4,gabor,0,0.009459394751527034,n,x,-1,i,0.5127600185705887,-1.0,0,-1,congruent,miss,z,1,1.7546529840956282,618064,21974,11:36:57.491907,other
22,138,other1,4,cue,right,-1.0,-1,-1,i,i,-1.0,0.3814139449941649,-1,1,none,none,-1,-1,-1.0,622746,21974,11:36:57.491907,other
22,139,other1,4,gabor,0,0.009459394751527034,x,x,-1,z,0.7842994498478221,-1.0,1,-1,congruent,hit,z,1,1.6792943983709847,625681,21974,11:36:57.491907,other
22,140,other1,4,gabor,0,0.009459394751527034,i,x,-1,z,0.9451141987010488,-1.0,0,-1,otherWEincongruent,miss,space,0,2.8327920899746464,630663,21974,11:36:57.491907,other
22,141,other1,4,gabor,0,0.009459394751527034,n,x,-1,i,0.7817331998558075,-1.0,0,-1,congruent,miss,z,1,0.9396353336878748,636979,21974,11:36:57.491907,other
22,142,other1,4,cue,right,-1.0,-1,-1,z,i,-1.0,0.5063849052430669,-1,0,none,none,-1,-1,-1.0,641229,21974,11:36:57.491907,other
22,143,other1,4,cue,left,-1.0,-1,-1,z,z,-1.0,0.3372654596114444,-1,1,none,none,-1,-1,-1.0,644280,21974,11:36:57.491907,other
22,144,other1,4,cue,left,-1.0,-1,-1,z,z,-1.0,0.32614760295837186,-1,1,none,none,-1,-1,-1.0,647163,21974,11:36:57.491907,other
22,145,other1,4,cue,left,-1.0,-1,-1,z,z,-1.0,0.2298669566616809,-1,1,none,none,-1,-1,-1.0,652779,21974,11:36:57.491907,other
22,146,other1,4,cue,right,-1.0,-1,-1,i,i,-1.0,0.5176198808921981,-1,1,none,none,-1,-1,-1.0,655563,21974,11:36:57.491907,other
22,147,other1,4,gabor,90,0.009459394751527034,n,n,-1,z,0.6153888984244986,-1.0,1,-1,incongruent,CR,n,2,1.6524292207677718,658529,21974,11:36:57.491907,other
22,148,other1,4,gabor,90,0.009459394751527034,n,n,-1,i,0.6271142378682271,-1.0,1,-1,congruent,CR,z,2,0.8720741850920604,663429,21974,11:36:57.491907,other
22,149,other1,4,cue,left,-1.0,-1,-1,z,z,-1.0,0.4988539618288996,-1,1,none,none,-1,-1,-1.0,667445,21974,11:36:57.491907,other
22,150,other1,4,cue,right,-1.0,-1,-1,i,i,-1.0,0.3087030165634133,-1,1,none,none,-1,-1,-1.0,670395,21974,11:36:57.491907,other
22,151,other1,4,cue,left,-1.0,-1,-1,z,z,-1.0,0.33060196475798875,-1,1,none,none,-1,-1,-1.0,673045,21974,11:36:57.491907,other
22,152,other1,4,gabor,0,0.009459394751527034,n,x,-1,i,0.5554754282429712,-1.0,0,-1,congruent,miss,z,2,1.7553971697143425,675828,21974,11:36:57.491907,other
22,153,other1,4,cue,right,-1.0,-1,-1,i,i,-1.0,0.4701820797181426,-1,1,none,none,-1,-1,-1.0,680561,21974,11:36:57.491907,other
22,154,other1,4,gabor,0,0.009459394751527034,n,x,-1,i,1.0899604444994109,-1.0,0,-1,congruent,miss,space,0,3.0609617811915086,683478,21974,11:36:57.491907,other
22,155,other1,4,gabor,90,0.009459394751527034,n,n,-1,z,0.9276070208425152,-1.0,1,-1,incongruent,CR,z,2,1.9365437762007789,690145,21974,11:36:57.491907,other
22,156,other1,4,cue,right,-1.0,-1,-1,i,i,-1.0,0.5872638276259751,-1,1,none,none,-1,-1,-1.0,695645,21974,11:36:57.491907,other
22,157,other1,4,gabor,0,0.009459394751527034,n,x,-1,z,0.7742479520493362,-1.0,0,-1,incongruent,miss,n,1,1.182153829849085,698778,21974,11:36:57.491907,other
22,158,other1,4,cue,left,-1.0,-1,-1,z,z,-1.0,0.446770184498746,-1,1,none,none,-1,-1,-1.0,703160,21974,11:36:57.491907,other
22,159,other1,4,gabor,0,0.009459394751527034,n,x,-1,z,0.7717039738663516,-1.0,0,-1,incongruent,miss,i,1,1.3626741377065628,706061,21974,11:36:57.491907,other
22,160,other1,4,cue,right,-1.0,-1,-1,i,i,-1.0,0.5374679026754166,-1,1,none,none,-1,-1,-1.0,710711,21974,11:36:57.491907,other
22,161,other1,5,gabor,0,0.009459394751527034,n,x,-1,z,0.6703599469929031,-1.0,0,-1,incongruent,miss,x,1,0.978470072640448,728993,21974,11:36:57.491907,other
22,162,other1,5,cue,right,-1.0,-1,-1,i,i,-1.0,0.4891599649645286,-1,1,none,none,-1,-1,-1.0,733126,21974,11:36:57.491907,other
22,163,other1,5,gabor,90,0.009459394751527034,n,n,-1,i,0.567963769142807,-1.0,1,-1,congruent,CR,i,1,0.8799741493421607,736160,21974,11:36:57.491907,other
22,164,other1,5,cue,left,-1.0,-1,-1,z,z,-1.0,0.513785673773782,-1,1,none,none,-1,-1,-1.0,740125,21974,11:36:57.491907,other
22,165,other1,5,cue,left,-1.0,-1,-1,z,z,-1.0,0.3715909252359779,-1,1,none,none,-1,-1,-1.0,743093,21974,11:36:57.491907,other
22,166,other1,5,gabor,90,0.009459394751527034,n,n,-1,i,0.6464304242126673,-1.0,1,-1,congruent,CR,z,1,1.3064128602027267,745809,21974,11:36:57.491907,other
22,167,other1,5,cue,left,-1.0,-1,-1,z,z,-1.0,0.5672837109750617,-1,1,none,none,-1,-1,-1.0,750393,21974,11:36:57.491907,other
22,168,other1,5,gabor,90,0.009459394751527034,n,n,-1,i,0.5871455566393706,-1.0,1,-1,congruent,CR,n,2,0.8809379810754763,753510,21974,11:36:57.491907,other
22,169,other1,5,gabor,90,0.009459394751527034,n,n,-1,z,0.6397534894740602,-1.0,1,-1,incongruent,CR,i,2,1.7797410249413588,757609,21974,11:36:57.491907,other
22,170,other1,5,gabor,0,0.009459394751527034,n,x,-1,z,0.6974808664035663,-1.0,0,-1,incongruent,miss,i,2,1.1083968943885338,762542,21974,11:36:57.491907,other
22,171,other1,5,cue,left,-1.0,-1,-1,z,z,-1.0,0.4411864883850285,-1,1,none,none,-1,-1,-1.0,766759,21974,11:36:57.491907,other
22,172,other1,5,gabor,0,0.009459394751527034,x,x,-1,i,0.8659974372058059,-1.0,1,-1,incongruent,hit,i,1,2.045916022223537,769541,21974,11:36:57.491907,other
22,173,other1,5,cue,right,-1.0,-1,-1,i,i,-1.0,0.4618009675950816,-1,1,none,none,-1,-1,-1.0,775059,21974,11:36:57.491907,other
22,174,other1,5,gabor,0,0.009459394751527034,n,x,-1,i,0.6364826055259982,-1.0,0,-1,congruent,miss,x,2,0.9215755845680178,778076,21974,11:36:57.491907,other
22,175,other1,5,gabor,0,0.009459394751527034,n,x,-1,i,0.8504835862522668,-1.0,0,-1,congruent,miss,i,3,1.9183131485469855,782158,21974,11:36:57.491907,other
22,176,other1,5,cue,left,-1.0,-1,-1,z,z,-1.0,0.4830513453516687,-1,1,none,none,-1,-1,-1.0,787542,21974,11:36:57.491907,other
22,177,other1,5,cue,right,-1.0,-1,-1,i,i,-1.0,0.3418672761463313,-1,1,none,none,-1,-1,-1.0,790474,21974,11:36:57.491907,other
22,178,other1,5,gabor,90,0.009459394751527034,n,n,-1,i,0.8937104795386404,-1.0,1,-1,congruent,CR,n,1,1.1846866721271,793258,21974,11:36:57.491907,other
22,179,other1,5,cue,left,-1.0,-1,-1,z,z,-1.0,0.3704961506246036,-1,1,none,none,-1,-1,-1.0,797757,21974,11:36:57.491907,other
22,180,other1,5,cue,left,-1.0,-1,-1,z,z,-1.0,0.4052267327751906,-1,1,none,none,-1,-1,-1.0,800474,21974,11:36:57.491907,other
22,181,other1,5,gabor,0,0.009459394751527034,n,x,-1,z,1.0962230467912375,-1.0,0,-1,incongruent,miss,x,1,1.2501104950515582,803425,21974,11:36:57.491907,other
22,182,other1,5,cue,right,-1.0,-1,-1,i,i,-1.0,0.376871647948974,-1,1,none,none,-1,-1,-1.0,808190,21974,11:36:57.491907,other
22,183,other1,5,gabor,0,0.009459394751527034,n,x,-1,z,1.3008141882173732,-1.0,0,-1,incongruent,miss,i,1,1.9496584157295729,810925,21974,11:36:57.491907,other
22,184,other1,5,gabor,0,0.009459394751527034,x,x,-1,i,0.8574354626334753,-1.0,1,-1,incongruent,hit,x,2,1.5562342057355636,816808,21974,11:36:57.491907,other
22,185,other1,5,gabor,90,0.009459394751527034,n,n,-1,i,0.6481660893277876,-1.0,1,-1,congruent,CR,z,3,1.5481844827700115,821640,21974,11:36:57.491907,other
22,186,other1,5,cue,right,-1.0,-1,-1,i,i,-1.0,0.4949379634126672,-1,1,none,none,-1,-1,-1.0,826474,21974,11:36:57.491907,other
22,187,other1,5,gabor,90,0.009459394751527034,n,n,-1,z,0.6045790071311785,-1.0,1,-1,incongruent,CR,i,2,0.8506344969582642,829324,21974,11:36:57.491907,other
22,188,other1,5,cue,right,-1.0,-1,-1,i,i,-1.0,0.4895059459977346,-1,1,none,none,-1,-1,-1.0,833408,21974,11:36:57.491907,other
22,189,other1,5,gabor,90,0.009459394751527034,n,n,-1,z,0.9603101003804112,-1.0,1,-1,incongruent,CR,i,1,0.7512715090952042,836240,21974,11:36:57.491907,other
22,190,other1,5,cue,left,-1.0,-1,-1,i,z,-1.0,0.5031889006522761,-1,0,none,none,-1,-1,-1.0,840473,21974,11:36:57.491907,other
22,191,other1,5,cue,right,-1.0,-1,-1,i,i,-1.0,0.4049283673339232,-1,1,none,none,-1,-1,-1.0,843523,21974,11:36:57.491907,other
22,192,other1,5,gabor,90,0.009459394751527034,x,n,-1,z,0.8357557765584716,-1.0,0,-1,congruent,FA,x,1,0.991688775276998,846373,21974,11:36:57.491907,other
22,193,other1,5,cue,right,-1.0,-1,-1,i,i,-1.0,0.5254157820345426,-1,1,none,none,-1,-1,-1.0,850723,21974,11:36:57.491907,other
22,194,other1,5,cue,right,-1.0,-1,-1,i,i,-1.0,0.3101272603480538,-1,1,none,none,-1,-1,-1.0,853689,21974,11:36:57.491907,other
22,195,other1,5,gabor,0,0.009459394751527034,x,x,-1,z,0.8521881476344788,-1.0,1,-1,congruent,hit,i,1,1.0721568211829435,856356,21974,11:36:57.491907,other
22,196,other1,5,cue,left,-1.0,-1,-1,z,z,-1.0,0.3779560546490757,-1,1,none,none,-1,-1,-1.0,860805,21974,11:36:57.491907,other
22,197,other1,5,gabor,0,0.009459394751527034,n,x,-1,i,1.0007246017858051,-1.0,0,-1,congruent,miss,z,1,0.7996885018719695,863639,21974,11:36:57.491907,other
22,198,other1,5,cue,right,-1.0,-1,-1,i,i,-1.0,0.4084772648993749,-1,1,none,none,-1,-1,-1.0,867856,21974,11:36:57.491907,other
22,199,other1,5,gabor,90,0.009459394751527034,n,n,-1,z,0.7592659365354848,-1.0,1,-1,incongruent,CR,i,3,1.4622402598279225,870705,21974,11:36:57.491907,other
22,200,other1,5,cue,left,-1.0,-1,-1,z,z,-1.0,0.3571142493883599,-1,1,none,none,-1,-1,-1.0,875539,21974,11:36:57.491907,other
22,1,same2,1,gabor,0,0.009459394751527034,n,x,-1,n,0.837266419603111,-1.0,0,-1,congruent,miss,x,1,1.4812684486414582,0,23006,11:55:15.175727,same
22,2,same2,1,cue,left,-1.0,-1,-1,x,x,-1.0,0.2627820023817549,-1,1,none,none,-1,-1,-1.0,7764,23006,11:55:15.175727,same
22,3,same2,1,gabor,90,0.009459394751527034,n,n,-1,n,0.4786680229426565,-1.0,1,-1,congruent,CR,x,3,1.4736111703105053,10382,23006,11:55:15.175727,same
22,4,same2,1,gabor,0,0.009459394751527034,x,x,-1,x,0.6193198727123672,-1.0,1,-1,congruent,hit,n,2,2.929357277831514,14848,23006,11:55:15.175727,same
22,5,same2,1,gabor,0,0.009459394751527034,n,x,-1,n,1.0409613127158082,-1.0,0,-1,congruent,miss,z,1,1.0219703715820287,20914,23006,11:55:15.175727,same
22,6,same2,1,gabor,0,0.009459394751527034,z,x,-1,n,0.8217694645054507,-1.0,0,-1,sameWEincongruent,miss,space,0,2.8276695739059505,25398,23006,11:55:15.175727,same
22,7,same2,1,cue,right,-1.0,-1,-1,n,n,-1.0,0.5405609961489972,-1,1,none,none,-1,-1,-1.0,31464,23006,11:55:15.175727,same
22,8,same2,1,cue,left,-1.0,-1,-1,x,x,-1.0,0.36434106741035066,-1,1,none,none,-1,-1,-1.0,34464,23006,11:55:15.175727,same
22,9,same2,1,gabor,90,0.009459394751527034,n,n,-1,n,0.7591035059285787,-1.0,1,-1,congruent,CR,i,1,3.4710668081315816,37381,23006,11:55:15.175727,same
22,10,same2,1,gabor,90,0.009459394751527034,n,n,-1,x,0.7258478551284497,-1.0,1,-1,incongruent,CR,i,2,1.3667498787535806,44232,23006,11:55:15.175727,same
22,11,same2,1,gabor,90,0.009459394751527034,n,n,-1,x,0.5804359821813705,-1.0,1,-1,incongruent,CR,z,2,1.4915061848423647,48847,23006,11:55:15.175727,same
22,12,same2,1,cue,left,-1.0,-1,-1,x,x,-1.0,0.7772093346529799,-1,1,none,none,-1,-1,-1.0,53548,23006,11:55:15.175727,same
22,13,same2,1,cue,left,-1.0,-1,-1,x,x,-1.0,0.34810722263227944,-1,1,none,none,-1,-1,-1.0,56680,23006,11:55:15.175727,same
22,14,same2,1,cue,left,-1.0,-1,-1,x,x,-1.0,0.3758421527772953,-1,1,none,none,-1,-1,-1.0,59581,23006,11:55:15.175727,same
22,15,same2,1,gabor,90,0.009459394751527034,n,n,-1,x,0.5107271400038371,-1.0,1,-1,incongruent,CR,n,2,2.7446502538796267,62414,23006,11:55:15.175727,same
22,16,same2,1,cue,left,-1.0,-1,-1,x,x,-1.0,0.3963729207052893,-1,1,none,none,-1,-1,-1.0,68080,23006,11:55:15.175727,same
22,17,same2,1,gabor,90,0.009459394751527034,n,n,-1,n,0.5621558189523057,-1.0,1,-1,congruent,CR,n,2,1.954299783925308,70930,23006,11:55:15.175727,same
22,18,same2,1,gabor,0,0.009459394751527034,n,x,-1,x,0.583803633300704,-1.0,0,-1,incongruent,miss,space,0,1.5345802474394077,78813,23006,11:55:15.175727,same
22,19,same2,1,gabor,0,0.009459394751527034,x,x,-1,x,0.609467285208666,-1.0,1,-1,congruent,hit,x,2,1.4314137721949007,83547,23006,11:55:15.175727,same
22,20,same2,1,gabor,0,0.009459394751527034,x,x,-1,x,0.6283126915905086,-1.0,1,-1,congruent,hit,x,2,2.3452191834003315,88113,23006,11:55:15.175727,same
22,21,same2,1,gabor,90,0.009459394751527034,n,n,-1,n,0.6928441061691046,-1.0,1,-1,congruent,CR,x,3,3.1919396019256965,93696,23006,11:55:15.175727,same
22,22,same2,1,gabor,90,0.009459394751527034,n,n,-1,x,0.9296398994083576,-1.0,1,-1,incongruent,CR,z,1,1.3934384178719483,99979,23006,11:55:15.175727,same
22,23,same2,1,cue,left,-1.0,-1,-1,x,x,-1.0,0.4151584236014969,-1,1,none,none,-1,-1,-1.0,104828,23006,11:55:15.175727,same
22,24,same2,1,gabor,90,0.009459394751527034,n,n,-1,x,0.5411650229689258,-1.0,1,-1,incongruent,CR,i,2,0.9410661054171214,107695,23006,11:55:15.175727,same
22,25,same2,1,cue,right,-1.0,-1,-1,n,n,-1.0,0.3769933749044867,-1,1,none,none,-1,-1,-1.0,111595,23006,11:55:15.175727,same
22,26,same2,1,gabor,90,0.009459394751527034,n,n,-1,n,0.6356032530666198,-1.0,1,-1,congruent,CR,z,3,1.3756712742433592,114329,23006,11:55:15.175727,same
22,27,same2,1,gabor,0,0.009459394751527034,x,x,-1,x,0.8544452802771048,-1.0,1,-1,congruent,hit,z,1,1.0024303151576532,118861,23006,11:55:15.175727,same
22,28,same2,1,cue,right,-1.0,-1,-1,n,n,-1.0,0.3952938899592482,-1,1,none,none,-1,-1,-1.0,123346,23006,11:55:15.175727,same
22,29,same2,1,cue,left,-1.0,-1,-1,x,x,-1.0,0.3140632265931345,-1,1,none,none,-1,-1,-1.0,126195,23006,11:55:15.175727,same
22,30,same2,1,cue,right,-1.0,-1,-1,n,n,-1.0,0.2628530417723596,-1,1,none,none,-1,-1,-1.0,128861,23006,11:55:15.175727,same
22,31,same2,1,gabor,0,0.009459394751527034,x,x,-1,n,0.8777051128008679,-1.0,1,-1,incongruent,hit,n,1,1.3216828732483918,131679,23006,11:55:15.175727,same
22,32,same2,1,gabor,0,0.009459394751527034,x,x,-1,n,0.8334272205283924,-1.0,1,-1,incongruent,hit,x,2,2.7743692950089103,136394,23006,11:55:15.175727,same
22,33,same2,1,cue,left,-1.0,-1,-1,x,x,-1.0,0.5001499507134213,-1,1,none,none,-1,-1,-1.0,142527,23006,11:55:15.175727,same
22,34,same2,1,cue,right,-1.0,-1,-1,n,n,-1.0,0.2989725400120733,-1,1,none,none,-1,-1,-1.0,145377,23006,11:55:15.175727,same
22,35,same2,1,cue,left,-1.0,-1,-1,x,x,-1.0,0.31277299765861244,-1,1,none,none,-1,-1,-1.0,148028,23006,11:55:15.175727,same
22,36,same2,1,cue,right,-1.0,-1,-1,n,n,-1.0,0.2576295345697872,-1,1,none,none,-1,-1,-1.0,150794,23006,11:55:15.175727,same
22,37,same2,1,cue,right,-1.0,-1,-1,n,n,-1.0,0.2412778028019602,-1,1,none,none,-1,-1,-1.0,153411,23006,11:55:15.175727,same
22,38,same2,1,cue,right,-1.0,-1,-1,n,n,-1.0,0.2813067715133002,-1,1,none,none,-1,-1,-1.0,156211,23006,11:55:15.175727,same
22,39,same2,1,cue,right,-1.0,-1,-1,n,n,-1.0,0.30933891510903777,-1,1,none,none,-1,-1,-1.0,158943,23006,11:55:15.175727,same
22,40,same2,1,cue,right,-1.0,-1,-1,n,n,-1.0,0.29004653656102164,-1,1,none,none,-1,-1,-1.0,161610,23006,11:55:15.175727,same
22,41,same2,2,cue,right,-1.0,-1,-1,n,n,-1.0,0.3123110496198933,-1,1,none,none,-1,-1,-1.0,173043,23006,11:55:15.175727,same
22,42,same2,2,cue,left,-1.0,-1,-1,x,x,-1.0,0.3012519444628197,-1,1,none,none,-1,-1,-1.0,175944,23006,11:55:15.175727,same
22,43,same2,2,cue,right,-1.0,-1,-1,n,n,-1.0,0.33103319305882906,-1,1,none,none,-1,-1,-1.0,178794,23006,11:55:15.175727,same
22,44,same2,2,cue,right,-1.0,-1,-1,n,n,-1.0,0.2678622788125722,-1,1,none,none,-1,-1,-1.0,181576,23006,11:55:15.175727,same
22,45,same2,2,cue,left,-1.0,-1,-1,x,x,-1.0,0.31461771783870063,-1,1,none,none,-1,-1,-1.0,184394,23006,11:55:15.175727,same
22,46,same2,2,gabor,90,0.009459394751527034,n,n,-1,n,0.616539352557993,-1.0,1,-1,congruent,CR,z,2,2.3495015146754668,187261,23006,11:55:15.175727,same
22,47,same2,2,cue,left,-1.0,-1,-1,x,x,-1.0,0.2720992984759505,-1,1,none,none,-1,-1,-1.0,192860,23006,11:55:15.175727,same
22,48,same2,2,cue,left,-1.0,-1,-1,x,x,-1.0,0.2282864262160729,-1,1,none,none,-1,-1,-1.0,195575,23006,11:55:15.175727,same
22,49,same2,2,cue,right,-1.0,-1,-1,n,n,-1.0,0.24493921140128805,-1,1,none,none,-1,-1,-1.0,198159,23006,11:55:15.175727,same
22,50,same2,2,gabor,90,0.009459394751527034,n,n,-1,x,0.5297883525354337,-1.0,1,-1,incongruent,CR,z,2,0.8497217367867052,200859,23006,11:55:15.175727,same
22,51,same2,2,cue,right,-1.0,-1,-1,n,n,-1.0,0.24852458865279914,-1,1,none,none,-1,-1,-1.0,204676,23006,11:55:15.175727,same
22,52,same2,2,cue,right,-1.0,-1,-1,n,n,-1.0,0.21638790425731716,-1,1,none,none,-1,-1,-1.0,207275,23006,11:55:15.175727,same
22,53,same2,2,gabor,90,0.009459394751527034,n,n,-1,x,0.8662831307556189,-1.0,1,-1,incongruent,CR,x,1,1.4851679351995701,210043,23006,11:55:15.175727,same
22,54,same2,2,cue,right,-1.0,-1,-1,n,n,-1.0,0.3551289864135469,-1,1,none,none,-1,-1,-1.0,214825,23006,11:55:15.175727,same
22,55,same2,2,gabor,0,0.009459394751527034,n,x,-1,x,0.5187158074932086,-1.0,0,-1,incongruent,miss,i,1,1.207776010112866,217525,23006,11:55:15.175727,same
22,56,same2,2,cue,left,-1.0,-1,-1,x,x,-1.0,0.3935958565216424,-1,1,none,none,-1,-1,-1.0,221876,23006,11:55:15.175727,same
22,57,same2,2,gabor,90,0.009459394751527034,x,n,-1,n,1.1233881258231122,-1.0,0,-1,incongruent,FA,n,1,1.5893086100895744,224608,23006,11:55:15.175727,same
22,58,same2,2,cue,left,-1.0,-1,-1,x,x,-1.0,0.33421114980501443,-1,1,none,none,-1,-1,-1.0,229741,23006,11:55:15.175727,same
22,59,same2,2,gabor,90,0.009459394751527034,x,n,-1,x,0.5778178926329929,-1.0,0,-1,congruent,FA,z,2,1.7997533973148163,235875,23006,11:55:15.175727,same
22,60,same2,2,gabor,0,0.009459394751527034,x,x,-1,x,0.5534540695780379,-1.0,1,-1,congruent,hit,z,1,1.1454452806610789,240674,23006,11:55:15.175727,same
22,61,same2,2,gabor,0,0.009459394751527034,x,x,-1,x,0.8173369905171057,-1.0,1,-1,congruent,hit,n,1,1.7181594730645884,244891,23006,11:55:15.175727,same
22,62,same2,2,gabor,90,0.009459394751527034,x,n,-1,x,0.4407675479778845,-1.0,0,-1,congruent,FA,n,1,1.5327339912737443,253507,23006,11:55:15.175727,same
22,63,same2,2,gabor,0,0.009459394751527034,x,x,-1,n,0.6655922438812922,-1.0,1,-1,incongruent,hit,i,1,2.3805334405451504,258109,23006,11:55:15.175727,same
22,64,same2,2,gabor,0,0.009459394751527034,x,x,-1,n,0.5412717740528024,-1.0,1,-1,incongruent,hit,i,1,1.0782028493322289,263590,23006,11:55:15.175727,same
22,65,same2,2,cue,left,-1.0,-1,-1,x,x,-1.0,0.248472749098255,-1,1,none,none,-1,-1,-1.0,273923,23006,11:55:15.175727,same
22,66,same2,2,cue,right,-1.0,-1,-1,n,n,-1.0,0.22042678161960794,-1,1,none,none,-1,-1,-1.0,276623,23006,11:55:15.175727,same
22,67,same2,2,gabor,90,0.009459394751527034,x,n,-1,n,0.6862067230913453,-1.0,0,-1,incongruent,FA,z,1,0.8971679858868811,279190,23006,11:55:15.175727,same
22,68,same2,2,gabor,0,0.009459394751527034,n,x,-1,n,0.4701206402451135,-1.0,0,-1,congruent,miss,space,0,3.1289491661318607,283206,23006,11:55:15.175727,same
22,69,same2,2,gabor,90,0.009459394751527034,x,n,-1,n,0.74462990205393,-1.0,0,-1,incongruent,FA,x,1,0.8577015723512886,289323,23006,11:55:15.175727,same
22,70,same2,2,cue,left,-1.0,-1,-1,x,x,-1.0,0.3725228852435976,-1,1,none,none,-1,-1,-1.0,293439,23006,11:55:15.175727,same
22,71,same2,2,cue,left,-1.0,-1,-1,x,x,-1.0,0.2763102063636325,-1,1,none,none,-1,-1,-1.0,296256,23006,11:55:15.175727,same
22,72,same2,2,cue,right,-1.0,-1,-1,n,n,-1.0,0.4442861098023059,-1,1,none,none,-1,-1,-1.0,299073,23006,11:55:15.175727,same
22,73,same2,2,cue,right,-1.0,-1,-1,n,n,-1.0,0.281747215735777,-1,1,none,none,-1,-1,-1.0,305523,23006,11:55:15.175727,same
22,74,same2,2,gabor,0,0.009459394751527034,x,x,-1,n,0.6486303413466885,-1.0,1,-1,incongruent,hit,i,1,1.6924731653498384,308357,23006,11:55:15.175727,same
22,75,same2,2,gabor,0,0.009459394751527034,x,x,-1,x,0.6104076931442249,-1.0,1,-1,congruent,hit,x,1,3.263369517342653,313122,23006,11:55:15.175727,same
22,76,same2,2,gabor,90,0.009459394751527034,x,n,-1,x,0.6718168304987557,-1.0,0,-1,congruent,FA,z,1,0.9867943532517528,322989,23006,11:55:15.175727,same
22,77,same2,2,gabor,0,0.009459394751527034,z,x,-1,x,0.6365002693737551,-1.0,0,-1,sameWEcongruent,miss,space,0,1.9204255144304625,327273,23006,11:55:15.175727,same
22,78,same2,2,cue,left,-1.0,-1,-1,x,x,-1.0,0.3292126646720135,-1,1,none,none,-1,-1,-1.0,332355,23006,11:55:15.175727,same
22,79,same2,2,gabor,90,0.009459394751527034,x,n,-1,n,0.6701994363693302,-1.0,0,-1,incongruent,FA,n,1,1.5611547395365049,335038,23006,11:55:15.175727,same
22,80,same2,2,gabor,0,0.009459394751527034,x,x,-1,n,0.6517844902964498,-1.0,1,-1,incongruent,hit,x,1,1.1197082853823304,339889,23006,11:55:15.175727,same
22,81,same2,3,cue,right,-1.0,-1,-1,n,n,-1.0,0.2761592956576351,-1,1,none,none,-1,-1,-1.0,353087,23006,11:55:15.175727,same
22,82,same2,3,cue,left,-1.0,-1,-1,x,x,-1.0,0.3698648600384331,-1,1,none,none,-1,-1,-1.0,355954,23006,11:55:15.175727,same
22,83,same2,3,cue,left,-1.0,-1,-1,x,x,-1.0,0.3897409135825001,-1,1,none,none,-1,-1,-1.0,358671,23006,11:55:15.175727,same
22,84,same2,3,gabor,0,0.009459394751527034,x,x,-1,n,1.1365473089699665,-1.0,1,-1,incongruent,hit,i,1,3.616479833068297,361605,23006,11:55:15.175727,same
22,85,same2,3,gabor,0,0.009459394751527034,x,x,-1,x,0.5612058110991711,-1.0,1,-1,congruent,hit,n,1,1.0722651082542145,368787,23006,11:55:15.175727,same
22,86,same2,3,cue,left,-1.0,-1,-1,n,x,-1.0,0.484814274233031,-1,0,none,none,-1,-1,-1.0,376504,23006,11:55:15.175727,same
22,87,same2,3,cue,left,-1.0,-1,-1,x,x,-1.0,0.3034096219589628,-1,1,none,none,-1,-1,-1.0,379437,23006,11:55:15.175727,same
22,88,same2,3,gabor,0,0.009459394751527034,x,x,-1,x,0.6254350202689238,-1.0,1,-1,congruent,hit,x,1,1.2463699831314443,382186,23006,11:55:15.175727,same
22,89,same2,3,cue,right,-1.0,-1,-1,n,n,-1.0,0.3981984410502264,-1,1,none,none,-1,-1,-1.0,386671,23006,11:55:15.175727,same
22,90,same2,3,gabor,0,0.009459394751527034,x,x,-1,n,0.6279286948838491,-1.0,1,-1,incongruent,hit,x,1,1.081974848983009,389519,23006,11:55:15.175727,same
22,91,same2,3,gabor,90,0.009459394751527034,n,n,-1,x,0.6596683266843684,-1.0,1,-1,incongruent,CR,n,1,1.5117466512610918,393753,23006,11:55:15.175727,same
22,92,same2,3,gabor,90,0.009459394751527034,x,n,-1,n,0.7724996150436709,-1.0,0,-1,incongruent,FA,z,1,0.9474162589576736,398319,23006,11:55:15.175727,same
22,93,same2,3,cue,right,-1.0,-1,-1,n,n,-1.0,0.5902252102277998,-1,1,none,none,-1,-1,-1.0,402470,23006,11:55:15.175727,same
22,94,same2,3,cue,right,-1.0,-1,-1,n,n,-1.0,0.2731395455557504,-1,1,none,none,-1,-1,-1.0,405402,23006,11:55:15.175727,same
22,95,same2,3,gabor,90,0.009459394751527034,n,n,-1,n,0.5209491323403199,-1.0,1,-1,congruent,CR,x,2,1.0097631162716425,408219,23006,11:55:15.175727,same
22,96,same2,3,gabor,90,0.009459394751527034,n,n,-1,n,0.6666797225543633,-1.0,1,-1,congruent,CR,i,2,1.0305050823881174,412370,23006,11:55:15.175727,same
22,97,same2,3,cue,right,-1.0,-1,-1,x,n,-1.0,0.4783623615639954,-1,0,none,none,-1,-1,-1.0,416486,23006,11:55:15.175727,same
22,98,same2,3,gabor,90,0.009459394751527034,n,n,-1,x,0.8212088293130364,-1.0,1,-1,incongruent,CR,n,1,1.650230071626538,419520,23006,11:55:15.175727,same
22,99,same2,3,gabor,90,0.009459394751527034,n,n,-1,x,0.6010527653716053,-1.0,1,-1,incongruent,CR,x,2,1.3749447524742209,424418,23006,11:55:15.175727,same
22,100,same2,3,cue,left,-1.0,-1,-1,x,x,-1.0,0.7457200687049408,-1,1,none,none,-1,-1,-1.0,428819,23006,11:55:15.175727,same
22,101,same2,3,cue,left,-1.0,-1,-1,x,x,-1.0,0.30556614746456034,-1,1,none,none,-1,-1,-1.0,432019,23006,11:55:15.175727,same
22,102,same2,3,cue,right,-1.0,-1,-1,n,n,-1.0,0.2992912572781279,-1,1,none,none,-1,-1,-1.0,434768,23006,11:55:15.175727,same
22,103,same2,3,cue,left,-1.0,-1,-1,x,x,-1.0,0.4102474897172215,-1,1,none,none,-1,-1,-1.0,437418,23006,11:55:15.175727,same
22,104,same2,3,gabor,0,0.009459394751527034,n,x,-1,x,0.7921963421240434,-1.0,0,-1,incongruent,miss,z,1,1.063213153884135,440268,23006,11:55:15.175727,same
22,105,same2,3,cue,right,-1.0,-1,-1,n,n,-1.0,0.28583447668370354,-1,1,none,none,-1,-1,-1.0,444534,23006,11:55:15.175727,same
22,106,same2,3,cue,left,-1.0,-1,-1,x,x,-1.0,0.3796529360961358,-1,1,none,none,-1,-1,-1.0,447168,23006,11:55:15.175727,same
22,107,same2,3,gabor,90,0.009459394751527034,n,n,-1,x,0.734525796707203,-1.0,1,-1,incongruent,CR,x,3,2.135504757910894,449902,23006,11:55:15.175727,same
22,108,same2,3,gabor,0,0.009459394751527034,n,x,-1,n,0.5651667371303121,-1.0,0,-1,congruent,miss,n,1,3.4530646585171785,458150,23006,11:55:15.175727,same
22,109,same2,3,gabor,0,0.009459394751527034,n,x,-1,n,0.6277186486850042,-1.0,0,-1,congruent,miss,i,1,0.9617189842983862,464585,23006,11:55:15.175727,same
22,110,same2,3,gabor,90,0.009459394751527034,n,n,-1,n,0.4244691917529053,-1.0,1,-1,congruent,CR,x,2,1.357429126687748,468684,23006,11:55:15.175727,same
22,111,same2,3,cue,left,-1.0,-1,-1,x,x,-1.0,0.2482972626021365,-1,1,none,none,-1,-1,-1.0,473085,23006,11:55:15.175727,same
22,112,same2,3,gabor,0,0.009459394751527034,n,x,-1,x,0.3829468598478343,-1.0,0,-1,incongruent,miss,space,0,1.2368606886830094,479133,23006,11:55:15.175727,same
22,113,same2,3,cue,right,-1.0,-1,-1,n,n,-1.0,0.6447393027156068,-1,1,none,none,-1,-1,-1.0,483183,23006,11:55:15.175727,same
22,114,same2,3,gabor,0,0.009459394751527034,x,x,-1,x,0.7444256158059943,-1.0,1,-1,congruent,hit,z,1,0.8494391152098615,486284,23006,11:55:15.175727,same
22,115,same2,3,cue,right,-1.0,-1,-1,n,n,-1.0,0.3562552487546782,-1,1,none,none,-1,-1,-1.0,490400,23006,11:55:15.175727,same
22,116,same2,3,gabor,90,0.009459394751527034,n,n,-1,n,0.6401674379239921,-1.0,1,-1,congruent,CR,z,2,1.6529998398737007,493099,23006,11:55:15.175727,same
22,117,same2,3,cue,right,-1.0,-1,-1,n,n,-1.0,0.3957412461231797,-1,1,none,none,-1,-1,-1.0,497817,23006,11:55:15.175727,same
22,118,same2,3,gabor,0,0.009459394751527034,x,x,-1,n,0.7095928905318942,-1.0,1,-1,incongruent,hit,z,2,1.5916106703461992,500768,23006,11:55:15.175727,same
22,119,same2,3,cue,left,-1.0,-1,-1,x,x,-1.0,0.4493398904605783,-1,1,none,none,-1,-1,-1.0,505684,23006,11:55:15.175727,same
22,120,same2,3,gabor,90,0.009459394751527034,n,n,-1,x,0.5811164243459643,-1.0,1,-1,incongruent,CR,x,1,2.3482389335031257,508582,23006,11:55:15.175727,same
22,121,same2,4,gabor,90,0.009459394751527034,x,n,-1,n,1.193686402944877,-1.0,0,-1,incongruent,FA,x,1,1.1846236966666766,551898,23006,11:55:15.175727,same
22,122,same2,4,gabor,90,0.009459394751527034,n,n,-1,x,0.4974316380266828,-1.0,1,-1,incongruent,CR,i,1,0.8742936860571717,556931,23006,11:55:15.175727,same
22,123,same2,4,gabor,0,0.009459394751527034,x,x,-1,n,0.8332544220102136,-1.0,1,-1,incongruent,hit,i,2,2.2222634378695147,560731,23006,11:55:15.175727,same
22,124,same2,4,gabor,90,0.009459394751527034,n,n,-1,n,0.5098850352260342,-1.0,1,-1,congruent,CR,n,3,1.7519131675926474,566213,23006,11:55:15.175727,same
22,125,same2,4,gabor,0,0.009459394751527034,x,x,-1,x,0.7346068200113223,-1.0,1,-1,congruent,hit,i,2,2.159479592302887,570998,23006,11:55:15.175727,same
22,126,same2,4,cue,right,-1.0,-1,-1,n,n,-1.0,0.5262905265326481,-1,1,none,none,-1,-1,-1.0,576413,23006,11:55:15.175727,same
22,127,same2,4,gabor,90,0.009459394751527034,n,n,-1,n,0.5401750794580948,-1.0,1,-1,congruent,CR,n,3,1.2921500705215294,579481,23006,11:55:15.175727,same
22,128,same2,4,cue,left,-1.0,-1,-1,x,x,-1.0,0.4578415775504254,-1,1,none,none,-1,-1,-1.0,583931,23006,11:55:15.175727,same
22,129,same2,4,cue,left,-1.0,-1,-1,x,x,-1.0,0.289658315890847,-1,1,none,none,-1,-1,-1.0,586931,23006,11:55:15.175727,same
22,130,same2,4,gabor,0,0.009459394751527034,x,x,-1,n,0.8685348874441843,-1.0,1,-1,incongruent,hit,z,3,1.4794924638727025,589663,23006,11:55:15.175727,same
22,131,same2,4,gabor,0,0.009459394751527034,x,x,-1,n,0.8181437675993948,-1.0,1,-1,incongruent,hit,i,3,2.135168376795264,594530,23006,11:55:15.175727,same
22,132,same2,4,gabor,90,0.009459394751527034,n,n,-1,x,0.566922370073371,-1.0,1,-1,incongruent,CR,space,0,1.1977982396829248,600012,23006,11:55:15.175727,same
22,133,same2,4,cue,left,-1.0,-1,-1,x,x,-1.0,0.4546981805078758,-1,1,none,none,-1,-1,-1.0,604414,23006,11:55:15.175727,same
22,134,same2,4,gabor,90,0.009459394751527034,x,n,-1,n,1.2315239024510447,-1.0,0,-1,incongruent,FA,z,1,0.6834703625581824,607414,23006,11:55:15.175727,same
22,135,same2,4,cue,left,-1.0,-1,-1,x,x,-1.0,0.3813068099134398,-1,1,none,none,-1,-1,-1.0,611862,23006,11:55:15.175727,same
22,136,same2,4,gabor,90,0.009459394751527034,n,n,-1,x,0.9763139311316992,-1.0,1,-1,incongruent,CR,i,1,2.7269457017137033,614796,23006,11:55:15.175727,same
22,137,same2,4,gabor,90,0.009459394751527034,x,n,-1,x,0.787811099731698,-1.0,0,-1,congruent,FA,x,1,0.5777057655950557,621130,23006,11:55:15.175727,same
22,138,same2,4,cue,left,-1.0,-1,-1,x,x,-1.0,0.2794693472706058,-1,1,none,none,-1,-1,-1.0,625012,23006,11:55:15.175727,same
22,139,same2,4,gabor,0,0.009459394751527034,n,x,-1,x,0.5993658678389693,-1.0,0,-1,incongruent,miss,space,0,1.4682882079605406,627847,23006,11:55:15.175727,same
22,140,same2,4,cue,left,-1.0,-1,-1,x,x,-1.0,0.4032944613463769,-1,1,none,none,-1,-1,-1.0,632345,23006,11:55:15.175727,same
22,141,same2,4,cue,left,-1.0,-1,-1,x,x,-1.0,0.6306078399065882,-1,1,none,none,-1,-1,-1.0,638645,23006,11:55:15.175727,same
22,142,same2,4,gabor,90,0.009459394751527034,x,n,-1,n,0.9635241528167172,-1.0,0,-1,incongruent,FA,x,1,0.8745555718114701,641728,23006,11:55:15.175727,same
22,143,same2,4,gabor,0,0.009459394751527034,x,x,-1,x,0.5692593740313896,-1.0,1,-1,congruent,hit,z,1,0.840289241679784,645995,23006,11:55:15.175727,same
22,144,same2,4,gabor,0,0.009459394751527034,n,x,-1,n,0.6881827701454313,-1.0,0,-1,congruent,miss,n,1,1.1151329646199883,649828,23006,11:55:15.175727,same
22,145,same2,4,cue,right,-1.0,-1,-1,n,n,-1.0,0.534887060807705,-1,1,none,none,-1,-1,-1.0,654261,23006,11:55:15.175727,same
22,146,same2,4,cue,left,-1.0,-1,-1,x,x,-1.0,0.3156337731243184,-1,1,none,none,-1,-1,-1.0,657346,23006,11:55:15.175727,same
22,147,same2,4,cue,right,-1.0,-1,-1,n,n,-1.0,0.2405305452102766,-1,1,none,none,-1,-1,-1.0,660212,23006,11:55:15.175727,same
22,148,same2,4,gabor,0,0.009459394751527034,x,x,-1,x,1.0504587032655763,-1.0,1,-1,congruent,hit,i,2,2.3413024169904015,662794,23006,11:55:15.175727,same
22,149,same2,4,gabor,90,0.009459394751527034,n,n,-1,x,0.7210283124613852,-1.0,1,-1,incongruent,CR,z,1,0.8819609483034583,668610,23006,11:55:15.175727,same
22,150,same2,4,cue,right,-1.0,-1,-1,n,n,-1.0,0.4716965627294485,-1,1,none,none,-1,-1,-1.0,672845,23006,11:55:15.175727,same
22,151,same2,4,cue,right,-1.0,-1,-1,n,n,-1.0,0.3196622825762461,-1,1,none,none,-1,-1,-1.0,675661,23006,11:55:15.175727,same
22,152,same2,4,cue,left,-1.0,-1,-1,x,x,-1.0,0.3164801018665457,-1,1,none,none,-1,-1,-1.0,678327,23006,11:55:15.175727,same
22,153,same2,4,cue,right,-1.0,-1,-1,n,n,-1.0,0.2783062212456571,-1,1,none,none,-1,-1,-1.0,681093,23006,11:55:15.175727,same
22,154,same2,4,gabor,0,0.009459394751527034,x,x,-1,n,1.2610954888450578,-1.0,1,-1,incongruent,hit,n,1,1.1521444872096254,683727,23006,11:55:15.175727,same
22,155,same2,4,cue,right,-1.0,-1,-1,n,n,-1.0,0.2697834143373257,-1,1,none,none,-1,-1,-1.0,691327,23006,11:55:15.175727,same
22,156,same2,4,cue,right,-1.0,-1,-1,n,n,-1.0,0.24568186103169865,-1,1,none,none,-1,-1,-1.0,693943,23006,11:55:15.175727,same
22,157,same2,4,cue,right,-1.0,-1,-1,n,n,-1.0,0.24546336690673345,-1,1,none,none,-1,-1,-1.0,696527,23006,11:55:15.175727,same
22,158,same2,4,cue,left,-1.0,-1,-1,x,x,-1.0,0.26236382996830804,-1,1,none,none,-1,-1,-1.0,699127,23006,11:55:15.175727,same
22,159,same2,4,gabor,0,0.009459394751527034,n,x,-1,x,0.9011588636612942,-1.0,0,-1,incongruent,miss,z,1,5.231093442142992,701743,23006,11:55:15.175727,same
22,160,same2,4,cue,right,-1.0,-1,-1,n,n,-1.0,0.3596359557623145,-1,1,none,none,-1,-1,-1.0,710494,23006,11:55:15.175727,same
22,161,same2,5,cue,right,-1.0,-1,-1,n,n,-1.0,0.3662414671134684,-1,1,none,none,-1,-1,-1.0,717126,23006,11:55:15.175727,same
22,162,same2,5,cue,left,-1.0,-1,-1,x,x,-1.0,0.2771830308784047,-1,1,none,none,-1,-1,-1.0,719959,23006,11:55:15.175727,same
22,163,same2,5,cue,left,-1.0,-1,-1,x,x,-1.0,0.2377845847595381,-1,1,none,none,-1,-1,-1.0,725542,23006,11:55:15.175727,same
22,164,same2,5,gabor,90,0.009459394751527034,n,n,-1,n,0.7906292515635869,-1.0,1,-1,congruent,CR,i,3,1.7485002048624665,728126,23006,11:55:15.175727,same
22,165,same2,5,gabor,0,0.009459394751527034,n,x,-1,x,0.8883130218282531,-1.0,0,-1,incongruent,miss,i,1,0.7142288827726588,733293,23006,11:55:15.175727,same
22,166,same2,5,cue,right,-1.0,-1,-1,n,n,-1.0,0.4629498857420913,-1,1,none,none,-1,-1,-1.0,737526,23006,11:55:15.175727,same
22,167,same2,5,gabor,90,0.009459394751527034,n,n,-1,x,0.591793068782863,-1.0,1,-1,incongruent,CR,x,1,0.7988026214688944,743292,23006,11:55:15.175727,same
22,168,same2,5,cue,left,-1.0,-1,-1,n,x,-1.0,0.35155167309312674,-1,0,none,none,-1,-1,-1.0,747109,23006,11:55:15.175727,same
22,169,same2,5,gabor,90,0.009459394751527034,n,n,-1,n,0.5393494865384127,-1.0,1,-1,congruent,CR,x,2,1.0043418507639217,749808,23006,11:55:15.175727,same
22,170,same2,5,gabor,0,0.009459394751527034,n,x,-1,n,0.6861752353615884,-1.0,0,-1,congruent,miss,i,1,0.9281442322344446,753976,23006,11:55:15.175727,same
22,171,same2,5,gabor,90,0.009459394751527034,n,n,-1,x,0.4937567895422035,-1.0,1,-1,incongruent,CR,n,3,1.143718063473898,761558,23006,11:55:15.175727,same
22,172,same2,5,gabor,0,0.009459394751527034,n,x,-1,x,0.7045540857443484,-1.0,0,-1,incongruent,miss,i,1,0.8094865618431868,765725,23006,11:55:15.175727,same
22,173,same2,5,gabor,0,0.009459394751527034,n,x,-1,n,0.6022523710835229,-1.0,0,-1,congruent,miss,i,1,0.6323120172919516,769657,23006,11:55:15.175727,same
22,174,same2,5,gabor,90,0.009459394751527034,n,n,-1,x,0.656019973972434,-1.0,1,-1,incongruent,CR,n,1,0.8919629105257627,773525,23006,11:55:15.175727,same
22,175,same2,5,cue,left,-1.0,-1,-1,x,x,-1.0,0.3607902498624753,-1,1,none,none,-1,-1,-1.0,777692,23006,11:55:15.175727,same
22,176,same2,5,cue,left,-1.0,-1,-1,x,x,-1.0,0.31262554292334244,-1,1,none,none,-1,-1,-1.0,780508,23006,11:55:15.175727,same
22,177,same2,5,gabor,0,0.009459394751527034,x,x,-1,n,1.1663788611349446,-1.0,1,-1,incongruent,hit,space,0,3.2773834771587644,783174,23006,11:55:15.175727,same
22,178,same2,5,gabor,0,0.009459394751527034,n,x,-1,x,0.6561904685104311,-1.0,0,-1,incongruent,miss,space,0,3.2919254324469875,790140,23006,11:55:15.175727,same
22,179,same2,5,gabor,90,0.009459394751527034,n,n,-1,x,0.5537171073228819,-1.0,1,-1,incongruent,CR,n,2,1.5856660173276396,796708,23006,11:55:15.175727,same
22,180,same2,5,cue,right,-1.0,-1,-1,n,n,-1.0,0.34643530097037,-1,1,none,none,-1,-1,-1.0,801474,23006,11:55:15.175727,same
22,181,same2,5,gabor,0,0.009459394751527034,n,x,-1,x,0.7991931461201602,-1.0,0,-1,incongruent,miss,space,0,1.9013262862263216,804174,23006,11:55:15.175727,same
22,182,same2,5,cue,right,-1.0,-1,-1,n,n,-1.0,0.3580300815337978,-1,1,none,none,-1,-1,-1.0,809389,23006,11:55:15.175727,same
22,183,same2,5,cue,left,-1.0,-1,-1,x,x,-1.0,0.3868720741857032,-1,1,none,none,-1,-1,-1.0,812291,23006,11:55:15.175727,same
22,184,same2,5,gabor,0,0.009459394751527034,x,x,-1,x,1.2286635109821873,-1.0,1,-1,congruent,hit,z,1,1.322629041133041,815023,23006,11:55:15.175727,same
22,185,same2,5,cue,right,-1.0,-1,-1,n,n,-1.0,0.35835955070888303,-1,1,none,none,-1,-1,-1.0,819989,23006,11:55:15.175727,same
22,186,same2,5,cue,right,-1.0,-1,-1,n,n,-1.0,0.2751551442697746,-1,1,none,none,-1,-1,-1.0,822689,23006,11:55:15.175727,same
22,187,same2,5,gabor,0,0.009459394751527034,x,x,-1,n,1.2021147466639377,-1.0,1,-1,incongruent,hit,x,1,2.151942504940962,825305,23006,11:55:15.175727,same
22,188,same2,5,gabor,90,0.009459394751527034,x,n,-1,x,0.9587380178627428,-1.0,0,-1,congruent,FA,z,1,2.278619562558561,831190,23006,11:55:15.175727,same
22,189,same2,5,gabor,90,0.009459394751527034,x,n,-1,n,0.9574182211808876,-1.0,0,-1,incongruent,FA,z,1,0.6453456335166265,837040,23006,11:55:15.175727,same
22,190,same2,5,cue,right,-1.0,-1,-1,n,n,-1.0,0.36421012453411095,-1,1,none,none,-1,-1,-1.0,841256,23006,11:55:15.175727,same
22,191,same2,5,cue,left,-1.0,-1,-1,x,x,-1.0,0.3921658527860927,-1,1,none,none,-1,-1,-1.0,844172,23006,11:55:15.175727,same
22,192,same2,5,cue,right,-1.0,-1,-1,n,n,-1.0,0.33878263060069,-1,1,none,none,-1,-1,-1.0,846904,23006,11:55:15.175727,same
22,193,same2,5,cue,left,-1.0,-1,-1,x,x,-1.0,0.3694762553714099,-1,1,none,none,-1,-1,-1.0,853138,23006,11:55:15.175727,same
22,194,same2,5,cue,right,-1.0,-1,-1,n,n,-1.0,0.35632590414934384,-1,1,none,none,-1,-1,-1.0,859504,23006,11:55:15.175727,same
22,195,same2,5,cue,left,-1.0,-1,-1,x,x,-1.0,0.21380706239051506,-1,1,none,none,-1,-1,-1.0,865055,23006,11:55:15.175727,same
22,196,same2,5,cue,right,-1.0,-1,-1,n,n,-1.0,0.19861116071115248,-1,1,none,none,-1,-1,-1.0,867622,23006,11:55:15.175727,same
22,197,same2,5,gabor,90,0.009459394751527034,n,n,-1,n,0.5845021233099033,-1.0,1,-1,congruent,CR,n,1,1.3674660326114465,870372,23006,11:55:15.175727,same
22,198,same2,5,gabor,0,0.009459394751527034,n,x,-1,n,0.7102936845212753,-1.0,0,-1,congruent,miss,i,1,1.263309613857018,874854,23006,11:55:15.175727,same
22,199,same2,5,gabor,90,0.009459394751527034,n,n,-1,n,0.538121849066556,-1.0,1,-1,congruent,CR,n,1,2.290002376938901,879354,23006,11:55:15.175727,same
22,200,same2,5,cue,left,-1.0,-1,-1,x,x,-1.0,0.6606743980564715,-1,1,none,none,-1,-1,-1.0,884704,23006,11:55:15.175727,same
