3,1,other1,1,gabor,90,0.009098281078557554,x,x,-1,z,0.6146939875779935,-1.0,1,-1,congruent,CR,x,4,0.5716528787252173,0,11524,11:16:15.034507,other
3,2,other1,1,gabor,90,0.009098281078557554,x,x,-1,z,0.5565304307492625,-1.0,1,-1,congruent,CR,n,4,0.524433532191324,3867,11524,11:16:15.034507,other
3,3,other1,1,cue,left,-1.0,-1,-1,z,z,-1.0,0.3602181546175416,-1,1,none,none,-1,-1,-1.0,7367,11524,11:16:15.034507,other
3,4,other1,1,gabor,90,0.009098281078557554,x,x,-1,i,0.5151942548363877,-1.0,1,-1,incongruent,CR,n,4,0.3730934702598461,10084,11524,11:16:15.034507,other
3,5,other1,1,gabor,90,0.009098281078557554,x,x,-1,z,0.7509872483315121,-1.0,1,-1,congruent,CR,i,4,0.9268818005311914,13600,11524,11:16:15.034507,other
3,6,other1,1,gabor,0,0.009098281078557554,x,n,-1,i,0.6506987921093241,-1.0,0,-1,incongruent,miss,n,3,0.7985902047767013,17900,11524,11:16:15.034507,other
3,7,other1,1,gabor,0,0.009098281078557554,x,n,-1,z,0.7754061887535499,-1.0,0,-1,congruent,miss,x,3,1.1743862241419265,21782,11524,11:16:15.034507,other
3,8,other1,1,cue,left,-1.0,-1,-1,x,z,-1.0,0.4832355940852722,-1,0,none,none,-1,-1,-1.0,28916,11524,11:16:15.034507,other
3,9,other1,1,gabor,90,0.009098281078557554,x,x,-1,z,0.5898803014206351,-1.0,1,-1,congruent,CR,n,4,0.6037835687475308,31849,11524,11:16:15.034507,other
3,10,other1,1,gabor,0,0.009098281078557554,x,n,-1,z,0.5446803788327088,-1.0,0,-1,congruent,miss,i,4,0.8166770857023948,35565,11524,11:16:15.034507,other
3,11,other1,1,gabor,90,0.009098281078557554,x,x,-1,i,0.6334182983846404,-1.0,1,-1,incongruent,CR,z,3,0.44535805127634376,39566,11524,11:16:15.034507,other
3,12,other1,1,cue,right,-1.0,-1,-1,i,i,-1.0,0.7572144774931076,-1,1,none,none,-1,-1,-1.0,43066,11524,11:16:15.034507,other
3,13,other1,1,gabor,90,0.009098281078557554,x,x,-1,i,0.5250951536909271,-1.0,1,-1,incongruent,CR,i,3,1.5180300498268482,46282,11524,11:16:15.034507,other
3,14,other1,1,gabor,90,0.009098281078557554,x,x,-1,i,0.5777914052960114,-1.0,1,-1,incongruent,CR,z,4,0.7858047437075584,50949,11524,11:16:15.034507,other
3,15,other1,1,gabor,0,0.009098281078557554,x,n,-1,z,1.05054895768626,-1.0,0,-1,congruent,miss,x,3,0.8065473264796309,54731,11524,11:16:15.034507,other
3,16,other1,1,cue,left,-1.0,-1,-1,z,z,-1.0,0.35125304891153064,-1,1,none,none,-1,-1,-1.0,59216,11524,11:16:15.034507,other
3,17,other1,1,gabor,0,0.009098281078557554,x,n,-1,i,0.572246533303769,-1.0,0,-1,incongruent,miss,z,3,0.9391811253171908,61915,11524,11:16:15.034507,other
3,18,other1,1,gabor,90,0.009098281078557554,x,x,-1,i,0.4207048745720385,-1.0,1,-1,incongruent,CR,x,4,0.7217296007074765,69497,11524,11:16:15.034507,other
3,19,other1,1,cue,right,-1.0,-1,-1,i,i,-1.0,0.4705503554250754,-1,1,none,none,-1,-1,-1.0,73265,11524,11:16:15.034507,other
3,20,other1,1,cue,right,-1.0,-1,-1,i,i,-1.0,0.3013396011374425,-1,1,none,none,-1,-1,-1.0,76082,11524,11:16:15.034507,other
3,21,other1,1,cue,left,-1.0,-1,-1,z,z,-1.0,0.2472348598876124,-1,1,none,none,-1,-1,-1.0,78831,11524,11:16:15.034507,other
3,22,other1,1,cue,left,-1.0,-1,-1,z,z,-1.0,0.2400964131902583,-1,1,none,none,-1,-1,-1.0,81431,11524,11:16:15.034507,other
3,23,other1,1,cue,right,-1.0,-1,-1,i,i,-1.0,0.3638883683634049,-1,1,none,none,-1,-1,-1.0,84131,11524,11:16:15.034507,other
3,24,other1,1,cue,left,-1.0,-1,-1,z,z,-1.0,0.23977001837010906,-1,1,none,none,-1,-1,-1.0,87048,11524,11:16:15.034507,other
3,25,other1,1,cue,left,-1.0,-1,-1,z,z,-1.0,0.24356080620236756,-1,1,none,none,-1,-1,-1.0,89747,11524,11:16:15.034507,other
3,26,other1,1,gabor,0,0.009098281078557554,x,n,-1,z,0.6674113588469481,-1.0,0,-1,congruent,miss,z,4,0.7823822060290695,92548,11524,11:16:15.034507,other
3,27,other1,1,cue,left,-1.0,-1,-1,z,z,-1.0,0.19071518096825454,-1,1,none,none,-1,-1,-1.0,104679,11524,11:16:15.034507,other
3,28,other1,1,gabor,0,0.009098281078557554,x,n,-1,i,1.2964118073523423,-1.0,0,-1,incongruent,miss,i,2,1.7874847170423893,107431,11524,11:16:15.034507,other
3,29,other1,1,gabor,0,0.009098281078557554,x,n,-1,z,0.5652758919404732,-1.0,0,-1,congruent,miss,n,3,1.1722550579670497,112930,11524,11:16:15.034507,other
3,30,other1,1,cue,right,-1.0,-1,-1,i,i,-1.0,0.4579069721003179,-1,1,none,none,-1,-1,-1.0,117196,11524,11:16:15.034507,other
3,31,other1,1,cue,left,-1.0,-1,-1,z,z,-1.0,0.2299102068664069,-1,1,none,none,-1,-1,-1.0,120113,11524,11:16:15.034507,other
3,32,other1,1,gabor,0,0.009098281078557554,x,n,-1,i,0.8746801330762537,-1.0,0,-1,incongruent,miss,x,3,0.8056261251022079,122796,11524,11:16:15.034507,other
3,33,other1,1,cue,right,-1.0,-1,-1,i,i,-1.0,0.4464182584488299,-1,1,none,none,-1,-1,-1.0,127096,11524,11:16:15.034507,other
3,34,other1,1,gabor,0,0.009098281078557554,x,n,-1,i,0.6583095513105945,-1.0,0,-1,incongruent,miss,z,3,0.7182352561703738,129997,11524,11:16:15.034507,other
3,35,other1,1,cue,right,-1.0,-1,-1,i,i,-1.0,0.2590768479331018,-1,1,none,none,-1,-1,-1.0,133796,11524,11:16:15.034507,other
3,36,other1,1,cue,right,-1.0,-1,-1,i,i,-1.0,0.2299393904031604,-1,1,none,none,-1,-1,-1.0,136512,11524,11:16:15.034507,other
3,37,other1,1,gabor,90,0.009098281078557554,x,x,-1,z,0.5867522870685207,-1.0,1,-1,congruent,CR,x,3,1.057645549049994,139196,11524,11:16:15.034507,other
3,38,other1,1,cue,right,-1.0,-1,-1,i,i,-1.0,0.2324345827983052,-1,1,none,none,-1,-1,-1.0,143463,11524,11:16:15.034507,other
3,39,other1,1,cue,left,-1.0,-1,-1,z,z,-1.0,0.28931137604922696,-1,1,none,none,-1,-1,-1.0,146247,11524,11:16:15.034507,other
3,40,other1,1,cue,right,-1.0,-1,-1,i,i,-1.0,0.3752641878072609,-1,1,none,none,-1,-1,-1.0,149097,11524,11:16:15.034507,other
3,41,other1,2,gabor,0,0.009098281078557554,x,n,-1,i,0.6888578024481831,-1.0,0,-1,incongruent,miss,x,3,0.7398633288903511,154462,11524,11:16:15.034507,other
3,42,other1,2,cue,right,-1.0,-1,-1,i,i,-1.0,0.24749021583556896,-1,1,none,none,-1,-1,-1.0,158512,11524,11:16:15.034507,other
3,43,other1,2,cue,right,-1.0,-1,-1,i,i,-1.0,0.3394306445570692,-1,1,none,none,-1,-1,-1.0,161211,11524,11:16:15.034507,other
3,44,other1,2,gabor,0,0.009098281078557554,x,n,-1,i,0.7392293549510214,-1.0,0,-1,incongruent,miss,z,2,0.50824358115824,163995,11524,11:16:15.034507,other
3,45,other1,2,gabor,90,0.009098281078557554,x,x,-1,z,0.5972115130589373,-1.0,1,-1,congruent,CR,i,3,1.667101475766685,167761,11524,11:16:15.034507,other
3,46,other1,2,gabor,90,0.009098281078557554,x,x,-1,i,0.9418821384479088,-1.0,1,-1,incongruent,CR,i,3,1.1097454581195052,172561,11524,11:16:15.034507,other
3,47,other1,2,gabor,0,0.009098281078557554,x,n,-1,z,1.2745360585631715,-1.0,0,-1,congruent,miss,n,1,2.238482870799998,177229,11524,11:16:15.034507,other
3,48,other1,2,gabor,90,0.009098281078557554,x,x,-1,z,0.605228153819553,-1.0,1,-1,congruent,CR,z,2,0.6192861706913391,183161,11524,11:16:15.034507,other
3,49,other1,2,cue,left,-1.0,-1,-1,i,z,-1.0,0.4737709123073728,-1,0,none,none,-1,-1,-1.0,190460,11524,11:16:15.034507,other
3,50,other1,2,cue,right,-1.0,-1,-1,i,i,-1.0,0.4096086026929697,-1,1,none,none,-1,-1,-1.0,193277,11524,11:16:15.034507,other
3,51,other1,2,gabor,90,0.009098281078557554,x,x,-1,z,0.7434790155020892,-1.0,1,-1,congruent,CR,x,3,1.5044040260982,196126,11524,11:16:15.034507,other
3,52,other1,2,gabor,0,0.009098281078557554,x,n,-1,z,0.5572711549921223,-1.0,0,-1,congruent,miss,z,3,1.3492681844145409,200794,11524,11:16:15.034507,other
3,53,other1,2,gabor,0,0.009098281078557554,x,n,-1,z,0.6081376756392274,-1.0,0,-1,congruent,miss,z,3,1.093965612577449,205328,11524,11:16:15.034507,other
3,54,other1,2,cue,left,-1.0,-1,-1,z,z,-1.0,0.5306780410774081,-1,1,none,none,-1,-1,-1.0,209443,11524,11:16:15.034507,other
3,55,other1,2,cue,left,-1.0,-1,-1,z,z,-1.0,0.17257838083605748,-1,1,none,none,-1,-1,-1.0,212426,11524,11:16:15.034507,other
3,56,other1,2,cue,right,-1.0,-1,-1,i,i,-1.0,0.27134929314343026,-1,1,none,none,-1,-1,-1.0,214943,11524,11:16:15.034507,other
3,57,other1,2,gabor,0,0.009098281078557554,x,n,-1,i,0.5752854610691429,-1.0,0,-1,incongruent,miss,x,2,1.334244038876932,217560,11524,11:16:15.034507,other
3,58,other1,2,cue,left,-1.0,-1,-1,z,z,-1.0,0.6059443024532811,-1,1,none,none,-1,-1,-1.0,221993,11524,11:16:15.034507,other
3,59,other1,2,cue,left,-1.0,-1,-1,z,z,-1.0,0.22383427130262132,-1,1,none,none,-1,-1,-1.0,225144,11524,11:16:15.034507,other
3,60,other1,2,gabor,90,0.009098281078557554,x,x,-1,i,0.6247093166148261,-1.0,1,-1,incongruent,CR,z,3,0.6866321737743419,227709,11524,11:16:15.034507,other
3,61,other1,2,cue,right,-1.0,-1,-1,i,i,-1.0,0.25656936772975314,-1,1,none,none,-1,-1,-1.0,231542,11524,11:16:15.034507,other
3,62,other1,2,gabor,90,0.009098281078557554,x,x,-1,z,0.5722764848287625,-1.0,1,-1,congruent,CR,z,4,0.6992609653298132,234243,11524,11:16:15.034507,other
3,63,other1,2,gabor,0,0.009098281078557554,x,n,-1,z,0.7761058256492106,-1.0,0,-1,congruent,miss,x,4,1.007118479015844,238144,11524,11:16:15.034507,other
3,64,other1,2,gabor,0,0.009098281078557554,x,n,-1,i,1.3277987011788357,-1.0,0,-1,incongruent,miss,z,2,1.297782665593331,242543,11524,11:16:15.034507,other
3,65,other1,2,cue,right,-1.0,-1,-1,i,i,-1.0,0.2305057814119209,-1,1,none,none,-1,-1,-1.0,247793,11524,11:16:15.034507,other
3,66,other1,2,cue,left,-1.0,-1,-1,z,z,-1.0,0.31140638535725884,-1,1,none,none,-1,-1,-1.0,250375,11524,11:16:15.034507,other
3,67,other1,2,cue,left,-1.0,-1,-1,z,z,-1.0,0.2333550161893072,-1,1,none,none,-1,-1,-1.0,253142,11524,11:16:15.034507,other
3,68,other1,2,cue,right,-1.0,-1,-1,i,i,-1.0,0.20906394573648868,-1,1,none,none,-1,-1,-1.0,255926,11524,11:16:15.034507,other
3,69,other1,2,gabor,0,0.009098281078557554,x,n,-1,z,0.7559219540071354,-1.0,0,-1,congruent,miss,i,2,0.6039133586873504,258676,11524,11:16:15.034507,other
3,70,other1,2,cue,right,-1.0,-1,-1,i,i,-1.0,0.33852480293535336,-1,1,none,none,-1,-1,-1.0,265307,11524,11:16:15.034507,other
3,71,other1,2,gabor,90,0.009098281078557554,n,x,-1,i,0.8792857559765253,-1.0,0,-1,congruent,FA,i,2,1.354268553050133,267991,11524,11:16:15.034507,other
3,72,other1,2,cue,right,-1.0,-1,-1,i,i,-1.0,0.5211588321672025,-1,1,none,none,-1,-1,-1.0,272742,11524,11:16:15.034507,other
3,73,other1,2,gabor,90,0.009098281078557554,x,x,-1,i,0.6469295079350559,-1.0,1,-1,incongruent,CR,n,3,2.6827019961529004,275608,11524,11:16:15.034507,other
3,74,other1,2,gabor,90,0.009098281078557554,x,x,-1,i,0.9445493601124326,-1.0,1,-1,incongruent,CR,i,3,1.0325503953590671,281558,11524,11:16:15.034507,other
3,75,other1,2,gabor,90,0.009098281078557554,x,x,-1,z,1.09630183149784,-1.0,1,-1,congruent,CR,i,2,1.1863115388623555,286175,11524,11:16:15.034507,other
3,76,other1,2,cue,left,-1.0,-1,-1,z,z,-1.0,0.5241228811228211,-1,1,none,none,-1,-1,-1.0,290891,11524,11:16:15.034507,other
3,77,other1,2,cue,left,-1.0,-1,-1,z,z,-1.0,0.2169404287215002,-1,1,none,none,-1,-1,-1.0,293757,11524,11:16:15.034507,other
3,78,other1,2,cue,left,-1.0,-1,-1,z,z,-1.0,0.2747676068884175,-1,1,none,none,-1,-1,-1.0,296323,11524,11:16:15.034507,other
3,79,other1,2,gabor,0,0.009098281078557554,n,n,-1,i,1.353571988105614,-1.0,1,-1,congruent,hit,z,1,1.1545967142410518,299141,11524,11:16:15.034507,other
3,80,other1,2,cue,right,-1.0,-1,-1,i,i,-1.0,0.5253190221355908,-1,1,none,none,-1,-1,-1.0,304275,11524,11:16:15.034507,other
3,81,other1,3,cue,left,-1.0,-1,-1,z,z,-1.0,0.20761897667216545,-1,1,none,none,-1,-1,-1.0,316822,11524,11:16:15.034507,other
3,82,other1,3,cue,right,-1.0,-1,-1,z,i,-1.0,0.4513011249473493,-1,0,none,none,-1,-1,-1.0,319522,11524,11:16:15.034507,other
3,83,other1,3,cue,right,-1.0,-1,-1,i,i,-1.0,0.2872451048460789,-1,1,none,none,-1,-1,-1.0,322423,11524,11:16:15.034507,other
3,84,other1,3,gabor,90,0.009098281078557554,x,x,-1,i,0.9461824861919012,-1.0,1,-1,incongruent,CR,i,3,1.0019637448313006,325157,11524,11:16:15.034507,other
3,85,other1,3,cue,right,-1.0,-1,-1,i,i,-1.0,0.24686161781210106,-1,1,none,none,-1,-1,-1.0,329639,11524,11:16:15.034507,other
3,86,other1,3,cue,right,-1.0,-1,-1,i,i,-1.0,0.28671288929217553,-1,1,none,none,-1,-1,-1.0,332239,11524,11:16:15.034507,other
3,87,other1,3,gabor,0,0.009098281078557554,x,n,-1,i,1.1415635771027155,-1.0,0,-1,incongruent,miss,x,2,0.6145553657770506,334872,11524,11:16:15.034507,other
3,88,other1,3,gabor,90,0.009098281078557554,x,x,-1,z,0.8633765044887696,-1.0,1,-1,congruent,CR,n,2,0.7462729551571101,339257,11524,11:16:15.034507,other
3,89,other1,3,cue,left,-1.0,-1,-1,z,z,-1.0,0.26394896260171663,-1,1,none,none,-1,-1,-1.0,346039,11524,11:16:15.034507,other
3,90,other1,3,cue,left,-1.0,-1,-1,z,z,-1.0,0.4387003649480903,-1,1,none,none,-1,-1,-1.0,348656,11524,11:16:15.034507,other
3,91,other1,3,gabor,90,0.009098281078557554,x,x,-1,z,0.7996162364906922,-1.0,1,-1,congruent,CR,x,2,3.2375420857333665,351438,11524,11:16:15.034507,other
3,92,other1,3,gabor,90,0.009098281078557554,x,x,-1,z,0.6772665624248475,-1.0,1,-1,congruent,CR,z,4,1.184254867506752,357906,11524,11:16:15.034507,other
3,93,other1,3,gabor,0,0.009098281078557554,n,n,-1,i,1.354022796949721,-1.0,1,-1,congruent,hit,x,4,3.0659482652699808,362205,11524,11:16:15.034507,other
3,94,other1,3,cue,right,-1.0,-1,-1,i,i,-1.0,0.507568519871711,-1,1,none,none,-1,-1,-1.0,369155,11524,11:16:15.034507,other
3,95,other1,3,gabor,0,0.009098281078557554,x,n,-1,i,1.2824547808777425,-1.0,0,-1,incongruent,miss,n,2,0.7492366201167897,372205,11524,11:16:15.034507,other
3,96,other1,3,gabor,90,0.009098281078557554,x,x,-1,i,0.6442956937389681,-1.0,1,-1,incongruent,CR,i,3,1.208159640089434,376755,11524,11:16:15.034507,other
3,97,other1,3,gabor,0,0.009098281078557554,x,n,-1,z,1.0778697400510282,-1.0,0,-1,congruent,miss,z,3,1.8649309118154636,381121,11524,11:16:15.034507,other
3,98,other1,3,cue,right,-1.0,-1,-1,i,i,-1.0,0.6306120709250536,-1,1,none,none,-1,-1,-1.0,386688,11524,11:16:15.034507,other
3,99,other1,3,gabor,0,0.009098281078557554,x,n,-1,i,1.1153809526731493,-1.0,0,-1,incongruent,miss,i,2,1.6932579886088206,389770,11524,11:16:15.034507,other
3,100,other1,3,cue,left,-1.0,-1,-1,x,z,-1.0,0.5232431510848983,-1,0,none,none,-1,-1,-1.0,395188,11524,11:16:15.034507,other
3,101,other1,3,gabor,90,0.009098281078557554,x,x,-1,i,0.6828962970703287,-1.0,1,-1,incongruent,CR,i,2,0.661802359873036,400803,11524,11:16:15.034507,other
3,102,other1,3,gabor,0,0.009098281078557554,x,n,-1,z,1.4446050392289183,-1.0,0,-1,congruent,miss,x,1,1.1605228921816888,404570,11524,11:16:15.034507,other
3,103,other1,3,gabor,90,0.009098281078557554,x,x,-1,z,0.5352537124526862,-1.0,1,-1,congruent,CR,n,2,2.3513006641551333,409704,11524,11:16:15.034507,other
3,104,other1,3,gabor,90,0.009098281078557554,x,x,-1,z,0.9229892543153256,-1.0,1,-1,congruent,CR,x,4,1.0919600124107092,415221,11524,11:16:15.034507,other
3,105,other1,3,gabor,90,0.009098281078557554,x,x,-1,i,0.9658076467003412,-1.0,1,-1,incongruent,CR,z,3,1.6686631789780222,419753,11524,11:16:15.034507,other
3,106,other1,3,cue,right,-1.0,-1,-1,i,i,-1.0,0.3463045194548613,-1,1,none,none,-1,-1,-1.0,424819,11524,11:16:15.034507,other
3,107,other1,3,gabor,90,0.009098281078557554,x,x,-1,i,0.922237010252502,-1.0,1,-1,incongruent,CR,z,2,1.6842928829028097,427620,11524,11:16:15.034507,other
3,108,other1,3,gabor,0,0.009098281078557554,n,n,-1,i,1.087766798966186,-1.0,1,-1,congruent,hit,n,2,1.3227487973308598,435502,11524,11:16:15.034507,other
3,109,other1,3,cue,left,-1.0,-1,-1,z,z,-1.0,0.2625066814925958,-1,1,none,none,-1,-1,-1.0,440336,11524,11:16:15.034507,other
3,110,other1,3,gabor,0,0.009098281078557554,x,n,-1,z,0.962369365273844,-1.0,0,-1,congruent,miss,n,1,0.8903355645925329,443053,11524,11:16:15.034507,other
3,111,other1,3,gabor,0,0.009098281078557554,x,n,-1,z,1.1380365930835978,-1.0,0,-1,congruent,miss,z,2,0.9619162524650164,450269,11524,11:16:15.034507,other
3,112,other1,3,cue,right,-1.0,-1,-1,i,i,-1.0,0.25379040383813845,-1,1,none,none,-1,-1,-1.0,454986,11524,11:16:15.034507,other
3,113,other1,3,cue,right,-1.0,-1,-1,i,i,-1.0,0.3895499130649114,-1,1,none,none,-1,-1,-1.0,457786,11524,11:16:15.034507,other
3,114,other1,3,cue,right,-1.0,-1,-1,i,i,-1.0,0.2643275805930898,-1,1,none,none,-1,-1,-1.0,460720,11524,11:16:15.034507,other
3,115,other1,3,gabor,0,0.009098281078557554,z,n,-1,z,0.22699070120324905,-1.0,0,-1,otherWEcongruent,miss,space,0,3.136051728586608,463435,11524,11:16:15.034507,other
3,116,other1,3,cue,left,-1.0,-1,-1,z,z,-1.0,0.7597330935168429,-1,1,none,none,-1,-1,-1.0,469318,11524,11:16:15.034507,other
3,117,other1,3,cue,left,-1.0,-1,-1,z,z,-1.0,0.2847195769318205,-1,1,none,none,-1,-1,-1.0,472619,11524,11:16:15.034507,other
3,118,other1,3,cue,left,-1.0,-1,-1,z,z,-1.0,0.2195665630406438,-1,1,none,none,-1,-1,-1.0,475251,11524,11:16:15.034507,other
3,119,other1,3,cue,left,-1.0,-1,-1,z,z,-1.0,0.2483499781883438,-1,1,none,none,-1,-1,-1.0,477918,11524,11:16:15.034507,other
3,120,other1,3,cue,left,-1.0,-1,-1,z,z,-1.0,0.3082729950911016,-1,1,none,none,-1,-1,-1.0,480618,11524,11:16:15.034507,other
3,121,other1,4,gabor,0,0.009098281078557554,x,n,-1,i,0.8736022621851589,-1.0,0,-1,incongruent,miss,x,2,0.8114524646261998,492318,11524,11:16:15.034507,other
3,122,other1,4,cue,right,-1.0,-1,-1,i,i,-1.0,0.4764035745229194,-1,1,none,none,-1,-1,-1.0,496451,11524,11:16:15.034507,other
3,123,other1,4,gabor,90,0.009098281078557554,x,x,-1,i,0.6552372160749655,-1.0,1,-1,incongruent,CR,x,2,1.7951910907268032,499367,11524,11:16:15.034507,other
3,124,other1,4,gabor,90,0.009098281078557554,x,x,-1,i,1.0689472576686967,-1.0,1,-1,incongruent,CR,i,2,0.7998443288706767,504234,11524,11:16:15.034507,other
3,125,other1,4,cue,left,-1.0,-1,-1,z,z,-1.0,0.5595221272633353,-1,1,none,none,-1,-1,-1.0,512183,11524,11:16:15.034507,other
3,126,other1,4,gabor,0,0.009098281078557554,x,n,-1,i,0.5511909954966541,-1.0,0,-1,incongruent,miss,n,2,0.7672712778712594,515184,11524,11:16:15.034507,other
3,127,other1,4,cue,right,-1.0,-1,-1,i,i,-1.0,0.4822356739550742,-1,1,none,none,-1,-1,-1.0,519135,11524,11:16:15.034507,other
3,128,other1,4,cue,right,-1.0,-1,-1,i,i,-1.0,0.5518579929102998,-1,1,none,none,-1,-1,-1.0,522167,11524,11:16:15.034507,other
3,129,other1,4,cue,right,-1.0,-1,-1,i,i,-1.0,0.488756274458865,-1,1,none,none,-1,-1,-1.0,525166,11524,11:16:15.034507,other
3,130,other1,4,gabor,0,0.009098281078557554,x,n,-1,z,0.6595790351620963,-1.0,0,-1,congruent,miss,z,4,0.7505414314073278,528099,11524,11:16:15.034507,other
3,131,other1,4,gabor,0,0.009098281078557554,x,n,-1,z,0.6972307895521226,-1.0,0,-1,congruent,miss,z,3,1.1072598655719048,532134,11524,11:16:15.034507,other
3,132,other1,4,cue,left,-1.0,-1,-1,z,z,-1.0,0.4200386451466329,-1,1,none,none,-1,-1,-1.0,536466,11524,11:16:15.034507,other
3,133,other1,4,cue,left,-1.0,-1,-1,z,z,-1.0,0.2938686157176562,-1,1,none,none,-1,-1,-1.0,539434,11524,11:16:15.034507,other
3,134,other1,4,gabor,90,0.009098281078557554,x,x,-1,i,1.0926945927512859,-1.0,1,-1,incongruent,CR,x,4,0.4957130920411146,542267,11524,11:16:15.034507,other
3,135,other1,4,gabor,0,0.009098281078557554,i,n,-1,i,0.9815855722736159,-1.0,0,-1,otherWEcongruent,miss,space,0,1.9553587885457089,546466,11524,11:16:15.034507,other
3,136,other1,4,cue,left,-1.0,-1,-1,z,z,-1.0,0.2222718001030444,-1,1,none,none,-1,-1,-1.0,551832,11524,11:16:15.034507,other
3,137,other1,4,cue,left,-1.0,-1,-1,z,z,-1.0,0.23383731253488804,-1,1,none,none,-1,-1,-1.0,557348,11524,11:16:15.034507,other
3,138,other1,4,gabor,0,0.009098281078557554,x,n,-1,z,1.214641073216626,-1.0,0,-1,congruent,miss,x,2,1.5316222820911207,560032,11524,11:16:15.034507,other
3,139,other1,4,cue,left,-1.0,-1,-1,z,z,-1.0,0.4713836221999373,-1,1,none,none,-1,-1,-1.0,565215,11524,11:16:15.034507,other
3,140,other1,4,cue,left,-1.0,-1,-1,z,z,-1.0,0.4192480016954505,-1,1,none,none,-1,-1,-1.0,568132,11524,11:16:15.034507,other
3,141,other1,4,cue,left,-1.0,-1,-1,z,z,-1.0,0.1882069327784848,-1,1,none,none,-1,-1,-1.0,570898,11524,11:16:15.034507,other
3,142,other1,4,cue,right,-1.0,-1,-1,i,i,-1.0,0.27098833887248475,-1,1,none,none,-1,-1,-1.0,573432,11524,11:16:15.034507,other
3,143,other1,4,cue,left,-1.0,-1,-1,z,z,-1.0,0.7108211018457951,-1,1,none,none,-1,-1,-1.0,576249,11524,11:16:15.034507,other
3,144,other1,4,gabor,90,0.009098281078557554,x,x,-1,z,1.029684264851312,-1.0,1,-1,congruent,CR,i,2,0.4735297641345824,579499,11524,11:16:15.034507,other
3,145,other1,4,gabor,90,0.009098281078557554,x,x,-1,z,0.7673231170465442,-1.0,1,-1,congruent,CR,x,3,1.1022621848933338,583632,11524,11:16:15.034507,other
3,146,other1,4,cue,right,-1.0,-1,-1,i,i,-1.0,0.5071411346543755,-1,1,none,none,-1,-1,-1.0,587931,11524,11:16:15.034507,other
3,147,other1,4,gabor,90,0.009098281078557554,x,x,-1,z,0.6209070089626039,-1.0,1,-1,congruent,CR,x,4,0.5789122835030867,590881,11524,11:16:15.034507,other
3,148,other1,4,cue,right,-1.0,-1,-1,i,i,-1.0,0.28472303287708195,-1,1,none,none,-1,-1,-1.0,594698,11524,11:16:15.034507,other
3,149,other1,4,gabor,0,0.009098281078557554,x,n,-1,i,1.307513455147273,-1.0,0,-1,incongruent,miss,x,1,2.3654193520633267,597531,11524,11:16:15.034507,other
3,150,other1,4,gabor,90,0.009098281078557554,x,x,-1,z,0.591065306611199,-1.0,1,-1,congruent,CR,i,2,0.6701749629828555,603631,11524,11:16:15.034507,other
3,151,other1,4,gabor,90,0.009098281078557554,x,x,-1,i,0.8319327795634308,-1.0,1,-1,incongruent,CR,z,3,1.548865528406168,607430,11524,11:16:15.034507,other
3,152,other1,4,cue,right,-1.0,-1,-1,i,i,-1.0,0.5516625400123303,-1,1,none,none,-1,-1,-1.0,612431,11524,11:16:15.034507,other
3,153,other1,4,gabor,90,0.009098281078557554,x,x,-1,i,0.8783806823430496,-1.0,1,-1,incongruent,CR,x,2,0.8012946738508617,618880,11524,11:16:15.034507,other
3,154,other1,4,cue,left,-1.0,-1,-1,z,z,-1.0,0.6261780933018599,-1,1,none,none,-1,-1,-1.0,623181,11524,11:16:15.034507,other
3,155,other1,4,gabor,0,0.009098281078557554,x,n,-1,i,0.8189553215415799,-1.0,0,-1,incongruent,miss,x,2,1.1928290674168238,626164,11524,11:16:15.034507,other
3,156,other1,4,gabor,0,0.009098281078557554,z,n,-1,z,0.5307536878772225,-1.0,0,-1,otherWEcongruent,miss,space,0,1.131661526267635,630596,11524,11:16:15.034507,other
3,157,other1,4,cue,right,-1.0,-1,-1,i,i,-1.0,0.7144352524828719,-1,1,none,none,-1,-1,-1.0,634779,11524,11:16:15.034507,other
3,158,other1,4,gabor,0,0.009098281078557554,x,n,-1,z,0.6320094247457746,-1.0,0,-1,congruent,miss,z,2,3.934338962171751,638047,11524,11:16:15.034507,other
3,159,other1,4,cue,right,-1.0,-1,-1,i,i,-1.0,0.2488242106628604,-1,1,none,none,-1,-1,-1.0,645029,11524,11:16:15.034507,other
3,160,other1,4,gabor,90,0.009098281078557554,x,x,-1,z,0.9456986538698402,-1.0,1,-1,congruent,CR,n,4,1.489611812881776,647830,11524,11:16:15.034507,other
3,161,other1,5,cue,right,-1.0,-1,-1,i,i,-1.0,0.2341644753414585,-1,1,none,none,-1,-1,-1.0,658412,11524,11:16:15.034507,other
3,162,other1,5,gabor,0,0.009098281078557554,x,n,-1,z,0.7779236527967441,-1.0,0,-1,congruent,miss,x,1,0.6968360438186211,661029,11524,11:16:15.034507,other
3,163,other1,5,cue,left,-1.0,-1,-1,z,z,-1.0,0.406676809225246,-1,1,none,none,-1,-1,-1.0,665113,11524,11:16:15.034507,other
3,164,other1,5,cue,left,-1.0,-1,-1,z,z,-1.0,0.42854295816687227,-1,1,none,none,-1,-1,-1.0,667961,11524,11:16:15.034507,other
3,165,other1,5,cue,right,-1.0,-1,-1,i,i,-1.0,0.2773941251998622,-1,1,none,none,-1,-1,-1.0,670746,11524,11:16:15.034507,other
3,166,other1,5,gabor,90,0.009098281078557554,x,x,-1,i,0.6402411020935688,-1.0,1,-1,incongruent,CR,i,3,1.9322484993517721,673479,11524,11:16:15.034507,other
3,167,other1,5,cue,left,-1.0,-1,-1,z,z,-1.0,0.3159605530745466,-1,1,none,none,-1,-1,-1.0,678578,11524,11:16:15.034507,other
3,168,other1,5,gabor,0,0.009098281078557554,x,n,-1,i,0.6817673549885512,-1.0,0,-1,incongruent,miss,x,2,1.1806810362304532,681244,11524,11:16:15.034507,other
3,169,other1,5,cue,right,-1.0,-1,-1,i,i,-1.0,0.2784643162140128,-1,1,none,none,-1,-1,-1.0,685528,11524,11:16:15.034507,other
3,170,other1,5,cue,left,-1.0,-1,-1,z,z,-1.0,0.29332910428092873,-1,1,none,none,-1,-1,-1.0,688363,11524,11:16:15.034507,other
3,171,other1,5,gabor,90,0.009098281078557554,x,x,-1,z,0.7962808654301625,-1.0,1,-1,congruent,CR,z,2,1.6742360825246578,691196,11524,11:16:15.034507,other
3,172,other1,5,gabor,90,0.009098281078557554,x,x,-1,i,0.980890927297878,-1.0,1,-1,incongruent,CR,x,3,1.6516514809882208,696178,11524,11:16:15.034507,other
3,173,other1,5,gabor,90,0.009098281078557554,x,x,-1,z,0.6946453585878771,-1.0,1,-1,congruent,CR,z,4,0.5126038319522195,701327,11524,11:16:15.034507,other
3,174,other1,5,gabor,90,0.009098281078557554,x,x,-1,i,0.6774263038896606,-1.0,1,-1,incongruent,CR,z,3,0.24937216996477216,704960,11524,11:16:15.034507,other
3,175,other1,5,cue,right,-1.0,-1,-1,i,i,-1.0,0.4722406965956907,-1,1,none,none,-1,-1,-1.0,708512,11524,11:16:15.034507,other
3,176,other1,5,cue,right,-1.0,-1,-1,i,i,-1.0,0.3122116205759085,-1,1,none,none,-1,-1,-1.0,711528,11524,11:16:15.034507,other
3,177,other1,5,cue,right,-1.0,-1,-1,i,i,-1.0,0.3089277046983625,-1,1,none,none,-1,-1,-1.0,714395,11524,11:16:15.034507,other
3,178,other1,5,cue,left,-1.0,-1,-1,z,z,-1.0,0.3667848343902733,-1,1,none,none,-1,-1,-1.0,717143,11524,11:16:15.034507,other
3,179,other1,5,gabor,90,0.009098281078557554,x,x,-1,i,0.6425258658291568,-1.0,1,-1,incongruent,CR,x,3,0.7584555457942771,719860,11524,11:16:15.034507,other
3,180,other1,5,gabor,0,0.009098281078557554,x,n,-1,i,0.8853735953507567,-1.0,0,-1,incongruent,miss,i,2,0.5432807210472674,723794,11524,11:16:15.034507,other
3,181,other1,5,gabor,90,0.009098281078557554,x,x,-1,i,1.211144808708923,-1.0,1,-1,incongruent,CR,n,1,3.2890295245233574,727643,11524,11:16:15.034507,other
3,182,other1,5,cue,left,-1.0,-1,-1,z,z,-1.0,0.2765401227552502,-1,1,none,none,-1,-1,-1.0,738009,11524,11:16:15.034507,other
3,183,other1,5,cue,left,-1.0,-1,-1,z,z,-1.0,0.2752652629897057,-1,1,none,none,-1,-1,-1.0,740844,11524,11:16:15.034507,other
3,184,other1,5,gabor,0,0.009098281078557554,n,n,-1,i,0.7912758888687677,-1.0,1,-1,congruent,hit,n,2,1.7972408501937025,743560,11524,11:16:15.034507,other
3,185,other1,5,cue,left,-1.0,-1,-1,z,z,-1.0,0.4739544613948965,-1,1,none,none,-1,-1,-1.0,748693,11524,11:16:15.034507,other
3,186,other1,5,gabor,90,0.009098281078557554,x,x,-1,z,0.6257952513788041,-1.0,1,-1,congruent,CR,x,3,2.326703550561433,751710,11524,11:16:15.034507,other
3,187,other1,5,cue,right,-1.0,-1,-1,i,i,-1.0,0.2315133814208821,-1,1,none,none,-1,-1,-1.0,757175,11524,11:16:15.034507,other
3,188,other1,5,gabor,90,0.009098281078557554,x,x,-1,z,0.6152054674585088,-1.0,1,-1,congruent,CR,i,4,0.4932643629072118,759759,11524,11:16:15.034507,other
3,189,other1,5,cue,left,-1.0,-1,-1,z,z,-1.0,0.3184142741283722,-1,1,none,none,-1,-1,-1.0,763392,11524,11:16:15.034507,other
3,190,other1,5,gabor,90,0.009098281078557554,x,x,-1,z,1.211854045453947,-1.0,1,-1,congruent,CR,n,2,1.4337860109480969,766260,11524,11:16:15.034507,other
3,191,other1,5,gabor,0,0.009098281078557554,x,n,-1,z,0.993571174038152,-1.0,0,-1,congruent,miss,x,2,2.2155734104198928,771325,11524,11:16:15.034507,other
3,192,other1,5,cue,right,-1.0,-1,-1,i,i,-1.0,0.30426717067166464,-1,1,none,none,-1,-1,-1.0,776959,11524,11:16:15.034507,other
3,193,other1,5,gabor,0,0.009098281078557554,x,n,-1,i,1.2033240048422158,-1.0,0,-1,incongruent,miss,i,1,0.6960807278082939,779709,11524,11:16:15.034507,other
3,194,other1,5,cue,right,-1.0,-1,-1,i,i,-1.0,0.4780666521255626,-1,1,none,none,-1,-1,-1.0,784025,11524,11:16:15.034507,other
3,195,other1,5,gabor,0,0.009098281078557554,x,n,-1,z,0.868775842789546,-1.0,0,-1,congruent,miss,i,2,0.8077112120063248,786858,11524,11:16:15.034507,other
3,196,other1,5,gabor,0,0.009098281078557554,x,n,-1,z,0.6454853068571538,-1.0,0,-1,congruent,miss,z,3,1.1694008312697406,791041,11524,11:16:15.034507,other
3,197,other1,5,gabor,0,0.009098281078557554,x,n,-1,i,0.9162536172225372,-1.0,0,-1,incongruent,miss,x,2,0.8852514852878812,795476,11524,11:16:15.034507,other
3,198,other1,5,cue,left,-1.0,-1,-1,i,z,-1.0,0.4750162045420439,-1,0,none,none,-1,-1,-1.0,799708,11524,11:16:15.034507,other
3,199,other1,5,cue,right,-1.0,-1,-1,i,i,-1.0,0.3418286864944093,-1,1,none,none,-1,-1,-1.0,802624,11524,11:16:15.034507,other
3,200,other1,5,gabor,0,0.009098281078557554,x,n,-1,z,1.2626483752446802,-1.0,0,-1,congruent,miss,z,1,0.8266271357733785,805407,11524,11:16:15.034507,other
3,1,same2,1,gabor,90,0.009098281078557554,n,x,-1,x,0.7492243323104049,-1.0,0,-1,incongruent,FA,i,2,2.5008563064093323,0,10736,11:34:51.121174,same
3,2,same2,1,gabor,0,0.009098281078557554,n,n,-1,n,0.6235653987714613,-1.0,1,-1,congruent,hit,z,3,1.7405234144116548,9349,10736,11:34:51.121174,same
3,3,same2,1,gabor,90,0.009098281078557554,n,x,-1,n,1.0442702733416809,-1.0,0,-1,congruent,FA,i,1,1.432260403164037,14233,10736,11:34:51.121174,same
3,4,same2,1,cue,left,-1.0,-1,-1,x,x,-1.0,0.4418299152748659,-1,1,none,none,-1,-1,-1.0,22698,10736,11:34:51.121174,same
3,5,same2,1,gabor,90,0.009098281078557554,n,x,-1,x,0.7536652218259405,-1.0,0,-1,incongruent,FA,n,2,1.153650169264438,25499,10736,11:34:51.121174,same
3,6,same2,1,cue,left,-1.0,-1,-1,x,x,-1.0,0.7084315077736392,-1,1,none,none,-1,-1,-1.0,30034,10736,11:34:51.121174,same
3,7,same2,1,cue,left,-1.0,-1,-1,x,x,-1.0,0.2662367982884461,-1,1,none,none,-1,-1,-1.0,33300,10736,11:34:51.121174,same
3,8,same2,1,gabor,90,0.009098281078557554,n,x,-1,n,0.6622358889926545,-1.0,0,-1,congruent,FA,i,3,2.152881797461305,36015,10736,11:34:51.121174,same
3,9,same2,1,gabor,90,0.009098281078557554,n,x,-1,n,0.7047413263462659,-1.0,0,-1,congruent,FA,n,4,0.5787698217664001,41348,10736,11:34:51.121174,same
3,10,same2,1,gabor,0,0.009098281078557554,n,n,-1,n,0.7646516714485188,-1.0,1,-1,congruent,hit,x,2,0.6835548466187902,45048,10736,11:34:51.121174,same
3,11,same2,1,cue,left,-1.0,-1,-1,x,x,-1.0,0.4853441046179796,-1,1,none,none,-1,-1,-1.0,49032,10736,11:34:51.121174,same
3,12,same2,1,cue,left,-1.0,-1,-1,x,x,-1.0,0.36006186909799004,-1,1,none,none,-1,-1,-1.0,51965,10736,11:34:51.121174,same
3,13,same2,1,cue,right,-1.0,-1,-1,n,n,-1.0,0.2710505458871921,-1,1,none,none,-1,-1,-1.0,54781,10736,11:34:51.121174,same
3,14,same2,1,cue,left,-1.0,-1,-1,x,x,-1.0,0.42583196119448985,-1,1,none,none,-1,-1,-1.0,57514,10736,11:34:51.121174,same
3,15,same2,1,gabor,90,0.009098281078557554,n,x,-1,x,0.9797178259195788,-1.0,0,-1,incongruent,FA,z,1,0.9696333779793348,60298,10736,11:34:51.121174,same
3,16,same2,1,cue,right,-1.0,-1,-1,n,n,-1.0,0.5203520609720726,-1,1,none,none,-1,-1,-1.0,64764,10736,11:34:51.121174,same
3,17,same2,1,gabor,0,0.009098281078557554,n,n,-1,x,0.7022776214489568,-1.0,1,-1,incongruent,hit,i,2,0.8312358306247916,67631,10736,11:34:51.121174,same
3,18,same2,1,gabor,0,0.009098281078557554,n,n,-1,n,0.6316857178844657,-1.0,1,-1,congruent,hit,n,4,0.4116729539273365,77197,10736,11:34:51.121174,same
3,19,same2,1,gabor,0,0.009098281078557554,n,n,-1,x,0.6604952446195966,-1.0,1,-1,incongruent,hit,i,2,0.6644288781844807,80663,10736,11:34:51.121174,same
3,20,same2,1,cue,left,-1.0,-1,-1,x,x,-1.0,0.2833848141162889,-1,1,none,none,-1,-1,-1.0,84514,10736,11:34:51.121174,same
3,21,same2,1,cue,right,-1.0,-1,-1,n,n,-1.0,0.5381421146084904,-1,1,none,none,-1,-1,-1.0,87348,10736,11:34:51.121174,same
3,22,same2,1,cue,right,-1.0,-1,-1,n,n,-1.0,0.47577881643883296,-1,1,none,none,-1,-1,-1.0,93096,10736,11:34:51.121174,same
3,23,same2,1,cue,left,-1.0,-1,-1,x,x,-1.0,0.2587661968627799,-1,1,none,none,-1,-1,-1.0,95930,10736,11:34:51.121174,same
3,24,same2,1,gabor,90,0.009098281078557554,x,x,-1,x,1.0584968635375844,-1.0,1,-1,congruent,CR,x,1,0.8703947610938485,98747,10736,11:34:51.121174,same
3,25,same2,1,cue,right,-1.0,-1,-1,n,n,-1.0,0.24826396355456384,-1,1,none,none,-1,-1,-1.0,103197,10736,11:34:51.121174,same
3,26,same2,1,gabor,0,0.009098281078557554,x,n,-1,x,0.95206642480116,-1.0,0,-1,congruent,miss,i,2,5.023975043468454,105997,10736,11:34:51.121174,same
3,27,same2,1,gabor,0,0.009098281078557554,n,n,-1,n,0.6137167230899649,-1.0,1,-1,congruent,hit,x,3,2.170377327771348,114496,10736,11:34:51.121174,same
3,28,same2,1,cue,left,-1.0,-1,-1,x,x,-1.0,0.2772977427302976,-1,1,none,none,-1,-1,-1.0,119697,10736,11:34:51.121174,same
3,29,same2,1,gabor,90,0.009098281078557554,n,x,-1,n,0.9629484280831092,-1.0,0,-1,congruent,FA,n,4,0.6280515995640599,122530,10736,11:34:51.121174,same
3,30,same2,1,gabor,90,0.009098281078557554,n,x,-1,n,0.8177584125387511,-1.0,0,-1,congruent,FA,i,2,0.4947100999615941,129378,10736,11:34:51.121174,same
3,31,same2,1,cue,right,-1.0,-1,-1,n,n,-1.0,0.4284834391110053,-1,1,none,none,-1,-1,-1.0,133112,10736,11:34:51.121174,same
3,32,same2,1,cue,right,-1.0,-1,-1,n,n,-1.0,0.3213368517408526,-1,1,none,none,-1,-1,-1.0,135996,10736,11:34:51.121174,same
3,33,same2,1,gabor,0,0.009098281078557554,n,n,-1,x,0.8872509415523382,-1.0,1,-1,incongruent,hit,n,2,4.609078460707679,138880,10736,11:34:51.121174,same
3,34,same2,1,gabor,0,0.009098281078557554,n,n,-1,x,0.641738678323236,-1.0,1,-1,incongruent,hit,i,3,0.7586970779611875,146795,10736,11:34:51.121174,same
3,35,same2,1,gabor,0,0.009098281078557554,n,n,-1,n,1.273513482794442,-1.0,1,-1,congruent,hit,z,1,0.6044378943606716,150812,10736,11:34:51.121174,same
3,36,same2,1,gabor,90,0.009098281078557554,n,x,-1,x,0.8013265453446365,-1.0,0,-1,incongruent,FA,n,2,0.6232739473962283,155212,10736,11:34:51.121174,same
3,37,same2,1,cue,right,-1.0,-1,-1,n,n,-1.0,0.5110763041975588,-1,1,none,none,-1,-1,-1.0,159262,10736,11:34:51.121174,same
3,38,same2,1,cue,right,-1.0,-1,-1,n,n,-1.0,0.3087606673507253,-1,1,none,none,-1,-1,-1.0,162329,10736,11:34:51.121174,same
3,39,same2,1,cue,right,-1.0,-1,-1,n,n,-1.0,0.2507050128115225,-1,1,none,none,-1,-1,-1.0,164994,10736,11:34:51.121174,same
3,40,same2,1,cue,left,-1.0,-1,-1,x,x,-1.0,0.23460261238687966,-1,1,none,none,-1,-1,-1.0,167795,10736,11:34:51.121174,same
3,41,same2,2,cue,left,-1.0,-1,-1,x,x,-1.0,0.4121997935653781,-1,1,none,none,-1,-1,-1.0,172561,10736,11:34:51.121174,same
3,42,same2,2,gabor,0,0.009098281078557554,n,n,-1,n,0.8771795494049002,-1.0,1,-1,congruent,hit,i,2,0.6400959523980418,175328,10736,11:34:51.121174,same
3,43,same2,2,cue,left,-1.0,-1,-1,x,x,-1.0,0.2398744647125568,-1,1,none,none,-1,-1,-1.0,179462,10736,11:34:51.121174,same
3,44,same2,2,gabor,90,0.009098281078557554,x,x,-1,x,1.3296153763440088,-1.0,1,-1,congruent,CR,i,1,1.050802009671315,182043,10736,11:34:51.121174,same
3,45,same2,2,gabor,0,0.009098281078557554,n,n,-1,n,0.6014865172055579,-1.0,1,-1,congruent,hit,n,4,2.407450940938361,187044,10736,11:34:51.121174,same
3,46,same2,2,cue,left,-1.0,-1,-1,x,x,-1.0,0.5659713049026323,-1,1,none,none,-1,-1,-1.0,196127,10736,11:34:51.121174,same
3,47,same2,2,cue,right,-1.0,-1,-1,n,n,-1.0,0.5057445488237136,-1,1,none,none,-1,-1,-1.0,199244,10736,11:34:51.121174,same
3,48,same2,2,cue,right,-1.0,-1,-1,n,n,-1.0,0.2955635648158932,-1,1,none,none,-1,-1,-1.0,202093,10736,11:34:51.121174,same
3,49,same2,2,gabor,90,0.009098281078557554,n,x,-1,n,1.141427259266493,-1.0,0,-1,congruent,FA,x,2,0.6543574860388617,204743,10736,11:34:51.121174,same
3,50,same2,2,gabor,90,0.009098281078557554,x,x,-1,n,0.9770671159894846,-1.0,1,-1,incongruent,CR,x,1,1.5361004190144742,209060,10736,11:34:51.121174,same
3,51,same2,2,gabor,0,0.009098281078557554,n,n,-1,x,0.5948868139566912,-1.0,1,-1,incongruent,hit,z,3,2.744864849504665,214210,10736,11:34:51.121174,same
3,52,same2,2,gabor,0,0.009098281078557554,n,n,-1,n,1.0725825279714627,-1.0,1,-1,congruent,hit,z,2,1.324497889570921,220076,10736,11:34:51.121174,same
3,53,same2,2,cue,left,-1.0,-1,-1,z,x,-1.0,0.5882590791516122,-1,0,none,none,-1,-1,-1.0,224993,10736,11:34:51.121174,same
3,54,same2,2,cue,left,-1.0,-1,-1,x,x,-1.0,0.31518411739671137,-1,1,none,none,-1,-1,-1.0,228026,10736,11:34:51.121174,same
3,55,same2,2,gabor,90,0.009098281078557554,x,x,-1,n,0.76271327021459,-1.0,1,-1,incongruent,CR,z,2,0.6827572912752657,233442,10736,11:34:51.121174,same
3,56,same2,2,gabor,90,0.009098281078557554,n,x,-1,x,0.6355233529720863,-1.0,0,-1,incongruent,FA,i,4,0.6565439473342849,237408,10736,11:34:51.121174,same
3,57,same2,2,gabor,0,0.009098281078557554,n,n,-1,x,1.2032975092606648,-1.0,1,-1,incongruent,hit,x,4,1.3770766390389326,241225,10736,11:34:51.121174,same
3,58,same2,2,cue,right,-1.0,-1,-1,n,n,-1.0,0.3801416783899185,-1,1,none,none,-1,-1,-1.0,246426,10736,11:34:51.121174,same
3,59,same2,2,cue,right,-1.0,-1,-1,n,n,-1.0,0.2897433691941842,-1,1,none,none,-1,-1,-1.0,249259,10736,11:34:51.121174,same
3,60,same2,2,cue,right,-1.0,-1,-1,n,n,-1.0,0.4607727186157717,-1,1,none,none,-1,-1,-1.0,251991,10736,11:34:51.121174,same
3,61,same2,2,cue,left,-1.0,-1,-1,x,x,-1.0,0.19255259180499704,-1,1,none,none,-1,-1,-1.0,254908,10736,11:34:51.121174,same
3,62,same2,2,cue,left,-1.0,-1,-1,x,x,-1.0,0.2634363307388412,-1,1,none,none,-1,-1,-1.0,257542,10736,11:34:51.121174,same
3,63,same2,2,gabor,0,0.009098281078557554,n,n,-1,x,1.170084724415574,-1.0,1,-1,incongruent,hit,z,1,0.5142323501040664,260259,10736,11:34:51.121174,same
3,64,same2,2,gabor,0,0.009098281078557554,n,n,-1,n,0.2220778831797361,-1.0,1,-1,congruent,hit,i,1,2.84303058741898,264374,10736,11:34:51.121174,same
3,65,same2,2,gabor,90,0.009098281078557554,n,x,-1,x,1.1066769628232578,-1.0,0,-1,incongruent,FA,n,2,0.5246627765536687,270058,10736,11:34:51.121174,same
3,66,same2,2,cue,left,-1.0,-1,-1,x,x,-1.0,0.2575059288647026,-1,1,none,none,-1,-1,-1.0,274107,10736,11:34:51.121174,same
3,67,same2,2,gabor,0,0.009098281078557554,n,n,-1,x,1.3213019082959363,-1.0,1,-1,incongruent,hit,i,2,1.074306660604634,276708,10736,11:34:51.121174,same
3,68,same2,2,cue,right,-1.0,-1,-1,n,n,-1.0,0.5530706456629559,-1,1,none,none,-1,-1,-1.0,281524,10736,11:34:51.121174,same
3,69,same2,2,cue,left,-1.0,-1,-1,x,x,-1.0,0.3089373045459069,-1,1,none,none,-1,-1,-1.0,284424,10736,11:34:51.121174,same
3,70,same2,2,cue,right,-1.0,-1,-1,n,n,-1.0,0.38668455054175865,-1,1,none,none,-1,-1,-1.0,287073,10736,11:34:51.121174,same
3,71,same2,2,gabor,0,0.009098281078557554,n,n,-1,x,1.3495415880752262,-1.0,1,-1,incongruent,hit,i,1,0.461370213131886,289807,10736,11:34:51.121174,same
3,72,same2,2,cue,left,-1.0,-1,-1,x,x,-1.0,0.29222665777888324,-1,1,none,none,-1,-1,-1.0,294040,10736,11:34:51.121174,same
3,73,same2,2,cue,right,-1.0,-1,-1,n,n,-1.0,0.33124120654065337,-1,1,none,none,-1,-1,-1.0,296673,10736,11:34:51.121174,same
3,74,same2,2,gabor,90,0.009098281078557554,x,x,-1,x,1.0160590091109043,-1.0,1,-1,congruent,CR,i,2,1.4769572937329942,299558,10736,11:34:51.121174,same
3,75,same2,2,gabor,0,0.009098281078557554,n,n,-1,n,0.6655175009072991,-1.0,1,-1,congruent,hit,i,4,0.4214509747307602,308122,10736,11:34:51.121174,same
3,76,same2,2,gabor,90,0.009098281078557554,i,x,-1,n,1.2692784140144795,-1.0,0,-1,sameWEcongruent,FA,n,3,1.0652628361476673,311623,10736,11:34:51.121174,same
3,77,same2,2,cue,right,-1.0,-1,-1,n,n,-1.0,0.2151955604149407,-1,1,none,none,-1,-1,-1.0,316590,10736,11:34:51.121174,same
3,78,same2,2,gabor,90,0.009098281078557554,n,x,-1,x,0.6648505034936534,-1.0,0,-1,incongruent,FA,n,4,1.011858115787618,319357,10736,11:34:51.121174,same
3,79,same2,2,cue,right,-1.0,-1,-1,n,n,-1.0,0.6446155606627144,-1,1,none,none,-1,-1,-1.0,323657,10736,11:34:51.121174,same
3,80,same2,2,gabor,90,0.009098281078557554,n,x,-1,n,1.0404076786508083,-1.0,0,-1,congruent,FA,i,2,1.0774350589508686,326755,10736,11:34:51.121174,same
3,81,same2,3,gabor,90,0.009098281078557554,n,x,-1,x,0.6814732156562968,-1.0,0,-1,incongruent,FA,n,3,1.3881640790605159,345955,10736,11:34:51.121174,same
3,82,same2,3,cue,right,-1.0,-1,-1,n,n,-1.0,0.3391637687927869,-1,1,none,none,-1,-1,-1.0,350723,10736,11:34:51.121174,same
3,83,same2,3,gabor,90,0.009098281078557554,n,x,-1,n,0.9137791604971426,-1.0,0,-1,congruent,FA,z,4,1.0036640698435804,356954,10736,11:34:51.121174,same
3,84,same2,3,cue,left,-1.0,-1,-1,x,x,-1.0,0.4084666048183863,-1,1,none,none,-1,-1,-1.0,361387,10736,11:34:51.121174,same
3,85,same2,3,cue,right,-1.0,-1,-1,n,n,-1.0,0.3713758655230777,-1,1,none,none,-1,-1,-1.0,364339,10736,11:34:51.121174,same
3,86,same2,3,cue,right,-1.0,-1,-1,n,n,-1.0,0.27014739222067874,-1,1,none,none,-1,-1,-1.0,367256,10736,11:34:51.121174,same
3,87,same2,3,cue,right,-1.0,-1,-1,n,n,-1.0,0.3899354429449886,-1,1,none,none,-1,-1,-1.0,370072,10736,11:34:51.121174,same
3,88,same2,3,cue,right,-1.0,-1,-1,n,n,-1.0,0.32085609137175203,-1,1,none,none,-1,-1,-1.0,372804,10736,11:34:51.121174,same
3,89,same2,3,gabor,90,0.009098281078557554,n,x,-1,x,1.1936692460822087,-1.0,0,-1,incongruent,FA,x,3,0.7686152565383964,375570,10736,11:34:51.121174,same
3,90,same2,3,cue,left,-1.0,-1,-1,x,x,-1.0,0.26240300314020715,-1,1,none,none,-1,-1,-1.0,380055,10736,11:34:51.121174,same
3,91,same2,3,gabor,0,0.009098281078557554,n,n,-1,n,0.5742632692945335,-1.0,1,-1,congruent,hit,i,4,0.5412793448140292,382872,10736,11:34:51.121174,same
3,92,same2,3,gabor,90,0.009098281078557554,x,x,-1,x,0.3090263911344664,-1.0,1,-1,congruent,CR,n,1,3.11898204751742,386504,10736,11:34:51.121174,same
3,93,same2,3,gabor,0,0.009098281078557554,i,n,-1,n,0.6387039744913636,-1.0,0,-1,sameWEcongruent,miss,space,0,1.043661643003361,392454,10736,11:34:51.121174,same
3,94,same2,3,cue,left,-1.0,-1,-1,x,x,-1.0,0.2914909254559461,-1,1,none,none,-1,-1,-1.0,396754,10736,11:34:51.121174,same
3,95,same2,3,cue,right,-1.0,-1,-1,n,n,-1.0,0.6461062250018585,-1,1,none,none,-1,-1,-1.0,399487,10736,11:34:51.121174,same
3,96,same2,3,gabor,90,0.009098281078557554,n,x,-1,n,1.042158690857832,-1.0,0,-1,congruent,FA,n,3,1.1510459225992236,402587,10736,11:34:51.121174,same
3,97,same2,3,gabor,90,0.009098281078557554,x,x,-1,n,1.2338553602494358,-1.0,1,-1,incongruent,CR,z,1,2.317828299428584,407203,10736,11:34:51.121174,same
3,98,same2,3,cue,left,-1.0,-1,-1,x,x,-1.0,0.4305508622965135,-1,1,none,none,-1,-1,-1.0,413286,10736,11:34:51.121174,same
3,99,same2,3,cue,left,-1.0,-1,-1,x,x,-1.0,0.4233594244396954,-1,1,none,none,-1,-1,-1.0,416070,10736,11:34:51.121174,same
3,100,same2,3,gabor,90,0.009098281078557554,n,x,-1,n,0.7802364480867254,-1.0,0,-1,congruent,FA,n,3,0.5792114147570828,418936,10736,11:34:51.121174,same
3,101,same2,3,gabor,0,0.009098281078557554,n,n,-1,n,0.5038038436250645,-1.0,1,-1,congruent,hit,z,4,1.0920241393923789,422820,10736,11:34:51.121174,same
3,102,same2,3,cue,right,-1.0,-1,-1,n,n,-1.0,0.3617349305422977,-1,1,none,none,-1,-1,-1.0,426819,10736,11:34:51.121174,same
3,103,same2,3,gabor,90,0.009098281078557554,n,x,-1,n,0.6525961059942347,-1.0,0,-1,congruent,FA,z,2,0.9045921063152492,429535,10736,11:34:51.121174,same
3,104,same2,3,cue,left,-1.0,-1,-1,x,x,-1.0,0.18134956961876011,-1,1,none,none,-1,-1,-1.0,433520,10736,11:34:51.121174,same
3,105,same2,3,gabor,0,0.009098281078557554,n,n,-1,x,0.5682568366282794,-1.0,1,-1,incongruent,hit,i,3,1.7431944760173792,436253,10736,11:34:51.121174,same
3,106,same2,3,cue,left,-1.0,-1,-1,x,x,-1.0,0.4007617671086337,-1,1,none,none,-1,-1,-1.0,443835,10736,11:34:51.121174,same
3,107,same2,3,gabor,90,0.009098281078557554,n,x,-1,x,0.9956132536262884,-1.0,0,-1,incongruent,FA,n,2,1.4974886798609075,446585,10736,11:34:51.121174,same
3,108,same2,3,cue,right,-1.0,-1,-1,n,n,-1.0,0.6425984406778298,-1,1,none,none,-1,-1,-1.0,464018,10736,11:34:51.121174,same
3,109,same2,3,gabor,0,0.009098281078557554,n,n,-1,n,0.6875479992377223,-1.0,1,-1,congruent,hit,z,3,0.7864248938640229,467102,10736,11:34:51.121174,same
3,110,same2,3,cue,left,-1.0,-1,-1,x,x,-1.0,0.4712465363754745,-1,1,none,none,-1,-1,-1.0,471101,10736,11:34:51.121174,same
3,111,same2,3,gabor,0,0.009098281078557554,n,n,-1,x,1.0551856840938854,-1.0,1,-1,incongruent,hit,i,2,1.4190080055050205,473918,10736,11:34:51.121174,same
3,112,same2,3,gabor,0,0.009098281078557554,n,n,-1,x,0.7347738736680185,-1.0,1,-1,incongruent,hit,i,1,2.031614218218237,478917,10736,11:34:51.121174,same
3,113,same2,3,cue,right,-1.0,-1,-1,n,n,-1.0,0.40358911423209065,-1,1,none,none,-1,-1,-1.0,484217,10736,11:34:51.121174,same
3,114,same2,3,gabor,90,0.009098281078557554,n,x,-1,x,1.0933001511402836,-1.0,0,-1,incongruent,FA,x,1,0.5432284978778625,487168,10736,11:34:51.121174,same
3,115,same2,3,gabor,0,0.009098281078557554,n,n,-1,x,0.8280774807553826,-1.0,1,-1,incongruent,hit,x,4,2.6319817771855014,491418,10736,11:34:51.121174,same
3,116,same2,3,cue,left,-1.0,-1,-1,x,x,-1.0,0.3156226384380716,-1,1,none,none,-1,-1,-1.0,497417,10736,11:34:51.121174,same
3,117,same2,3,cue,right,-1.0,-1,-1,x,n,-1.0,0.4254921265892335,-1,0,none,none,-1,-1,-1.0,500284,10736,11:34:51.121174,same
3,118,same2,3,gabor,0,0.009098281078557554,n,n,-1,n,0.5870936576502572,-1.0,1,-1,congruent,hit,z,2,1.4889962706511142,509250,10736,11:34:51.121174,same
3,119,same2,3,gabor,0,0.009098281078557554,n,n,-1,x,0.674726826735423,-1.0,1,-1,incongruent,hit,n,2,0.9177389056476386,513850,10736,11:34:51.121174,same
3,120,same2,3,cue,left,-1.0,-1,-1,n,x,-1.0,0.5625514551829838,-1,0,none,none,-1,-1,-1.0,518067,10736,11:34:51.121174,same
3,121,same2,4,gabor,90,0.009098281078557554,x,x,-1,n,1.358618820000629,-1.0,1,-1,incongruent,CR,space,0,3.36667117219622,530765,10736,11:34:51.121174,same
3,122,same2,4,gabor,0,0.009098281078557554,x,n,-1,x,0.2483902975491219,-1.0,0,-1,congruent,miss,space,0,2.5963840061922383,538133,10736,11:34:51.121174,same
3,123,same2,4,gabor,0,0.009098281078557554,n,n,-1,n,0.7740368664854032,-1.0,1,-1,congruent,hit,n,4,1.1740836369444878,543399,10736,11:34:51.121174,same
3,124,same2,4,gabor,90,0.009098281078557554,n,x,-1,x,0.5598439141576819,-1.0,0,-1,incongruent,FA,z,4,0.8557995367500553,547949,10736,11:34:51.121174,same
3,125,same2,4,cue,left,-1.0,-1,-1,x,x,-1.0,0.4865417816090485,-1,1,none,none,-1,-1,-1.0,551782,10736,11:34:51.121174,same
3,126,same2,4,cue,right,-1.0,-1,-1,n,n,-1.0,0.30543489613774,-1,1,none,none,-1,-1,-1.0,554715,10736,11:34:51.121174,same
3,127,same2,4,gabor,90,0.009098281078557554,n,x,-1,x,0.6432919336693885,-1.0,0,-1,incongruent,FA,z,3,0.4882701381757215,557465,10736,11:34:51.121174,same
3,128,same2,4,gabor,90,0.009098281078557554,x,x,-1,x,1.2021305517846486,-1.0,1,-1,congruent,CR,z,1,2.2399973427618534,561115,10736,11:34:51.121174,same
3,129,same2,4,cue,left,-1.0,-1,-1,x,x,-1.0,0.29076287301177217,-1,1,none,none,-1,-1,-1.0,567081,10736,11:34:51.121174,same
3,130,same2,4,gabor,0,0.009098281078557554,n,n,-1,n,0.5466464276287297,-1.0,1,-1,congruent,hit,z,3,1.2823895019155316,569714,10736,11:34:51.121174,same
3,131,same2,4,gabor,0,0.009098281078557554,n,n,-1,n,0.6482412311161171,-1.0,1,-1,congruent,hit,x,2,0.8282141825839062,574166,10736,11:34:51.121174,same
3,132,same2,4,gabor,90,0.009098281078557554,n,x,-1,n,1.1452798701193387,-1.0,0,-1,congruent,FA,z,2,1.3439030215722596,578164,10736,11:34:51.121174,same
3,133,same2,4,cue,right,-1.0,-1,-1,n,n,-1.0,0.3358226378222753,-1,1,none,none,-1,-1,-1.0,583181,10736,11:34:51.121174,same
3,134,same2,4,cue,left,-1.0,-1,-1,x,x,-1.0,0.22864571493482802,-1,1,none,none,-1,-1,-1.0,585864,10736,11:34:51.121174,same
3,135,same2,4,cue,left,-1.0,-1,-1,x,x,-1.0,0.2015223054386297,-1,1,none,none,-1,-1,-1.0,588547,10736,11:34:51.121174,same
3,136,same2,4,gabor,0,0.009098281078557554,n,n,-1,x,0.6514068768701691,-1.0,1,-1,incongruent,hit,n,1,0.7831663215856679,591097,10736,11:34:51.121174,same
3,137,same2,4,cue,left,-1.0,-1,-1,n,x,-1.0,0.7932162100732967,-1,0,none,none,-1,-1,-1.0,595165,10736,11:34:51.121174,same
3,138,same2,4,cue,left,-1.0,-1,-1,x,x,-1.0,0.2657621818216285,-1,1,none,none,-1,-1,-1.0,601147,10736,11:34:51.121174,same
3,139,same2,4,cue,left,-1.0,-1,-1,x,x,-1.0,0.40978370391349017,-1,1,none,none,-1,-1,-1.0,603964,10736,11:34:51.121174,same
3,140,same2,4,cue,right,-1.0,-1,-1,n,n,-1.0,0.2395135104416113,-1,1,none,none,-1,-1,-1.0,606813,10736,11:34:51.121174,same
3,141,same2,4,gabor,0,0.009098281078557554,n,n,-1,n,0.6483157259335712,-1.0,1,-1,congruent,hit,z,2,0.5872280555158795,609598,10736,11:34:51.121174,same
3,142,same2,4,cue,right,-1.0,-1,-1,n,n,-1.0,0.20517101552468373,-1,1,none,none,-1,-1,-1.0,613464,10736,11:34:51.121174,same
3,143,same2,4,cue,right,-1.0,-1,-1,n,n,-1.0,0.3817413969991321,-1,1,none,none,-1,-1,-1.0,619464,10736,11:34:51.121174,same
3,144,same2,4,cue,right,-1.0,-1,-1,n,n,-1.0,0.27036473277075856,-1,1,none,none,-1,-1,-1.0,625846,10736,11:34:51.121174,same
3,145,same2,4,gabor,0,0.009098281078557554,n,n,-1,x,0.6223462181205832,-1.0,1,-1,incongruent,hit,x,1,1.3232541333109111,628664,10736,11:34:51.121174,same
3,146,same2,4,gabor,90,0.009098281078557554,x,x,-1,x,0.3636122767456982,-1.0,1,-1,congruent,CR,i,1,1.6505117870765391,639328,10736,11:34:51.121174,same
3,147,same2,4,gabor,90,0.009098281078557554,x,x,-1,x,0.7212480723519548,-1.0,1,-1,congruent,CR,n,3,1.0592709952506991,643980,10736,11:34:51.121174,same
3,148,same2,4,cue,right,-1.0,-1,-1,n,n,-1.0,0.2461665888440621,-1,1,none,none,-1,-1,-1.0,648279,10736,11:34:51.121174,same
3,149,same2,4,cue,right,-1.0,-1,-1,n,n,-1.0,0.3139572568707081,-1,1,none,none,-1,-1,-1.0,650979,10736,11:34:51.121174,same
3,150,same2,4,cue,right,-1.0,-1,-1,n,n,-1.0,0.2638003569591092,-1,1,none,none,-1,-1,-1.0,653846,10736,11:34:51.121174,same
3,151,same2,4,gabor,90,0.009098281078557554,n,x,-1,n,0.7105653619073564,-1.0,0,-1,congruent,FA,n,3,1.2965903645181245,656462,10736,11:34:51.121174,same
3,152,same2,4,cue,left,-1.0,-1,-1,x,x,-1.0,0.2463558978379297,-1,1,none,none,-1,-1,-1.0,661080,10736,11:34:51.121174,same
3,153,same2,4,cue,left,-1.0,-1,-1,x,x,-1.0,0.26317559887684183,-1,1,none,none,-1,-1,-1.0,663679,10736,11:34:51.121174,same
3,154,same2,4,gabor,90,0.009098281078557554,x,x,-1,n,1.2620693124354148,-1.0,1,-1,incongruent,CR,i,1,2.041967845887484,666496,10736,11:34:51.121174,same
3,155,same2,4,gabor,0,0.009098281078557554,n,n,-1,x,0.5777587658121774,-1.0,1,-1,incongruent,hit,i,4,0.8876706468909106,672211,10736,11:34:51.121174,same
3,156,same2,4,cue,left,-1.0,-1,-1,x,x,-1.0,0.3665152706707886,-1,1,none,none,-1,-1,-1.0,676295,10736,11:34:51.121174,same
3,157,same2,4,gabor,0,0.009098281078557554,x,n,-1,x,0.015231118251904263,-1.0,0,-1,congruent,miss,x,1,1.86919900407338,682461,10736,11:34:51.121174,same
3,158,same2,4,cue,right,-1.0,-1,-1,n,n,-1.0,0.6406753992014274,-1,1,none,none,-1,-1,-1.0,690227,10736,11:34:51.121174,same
3,159,same2,4,gabor,90,0.009098281078557554,n,x,-1,n,0.786510908499622,-1.0,0,-1,congruent,FA,z,1,1.0164387790846376,693411,10736,11:34:51.121174,same
3,160,same2,4,gabor,0,0.009098281078557554,x,n,-1,n,1.0242638068866654,-1.0,0,-1,incongruent,miss,z,1,0.4541753193298064,697845,10736,11:34:51.121174,same
3,161,same2,5,cue,left,-1.0,-1,-1,x,x,-1.0,0.2527098449882033,-1,1,none,none,-1,-1,-1.0,707143,10736,11:34:51.121174,same
3,162,same2,5,cue,left,-1.0,-1,-1,x,x,-1.0,0.26056290434462426,-1,1,none,none,-1,-1,-1.0,709760,10736,11:34:51.121174,same
3,163,same2,5,gabor,90,0.009098281078557554,x,x,-1,x,0.7964528946995415,-1.0,1,-1,congruent,CR,n,1,0.665331263862754,712578,10736,11:34:51.121174,same
3,164,same2,5,gabor,0,0.009098281078557554,n,n,-1,x,1.2722201913202298,-1.0,1,-1,incongruent,hit,i,1,0.7311935144971358,716678,10736,11:34:51.121174,same
3,165,same2,5,gabor,90,0.009098281078557554,n,x,-1,x,0.8967006475668313,-1.0,0,-1,incongruent,FA,z,1,0.9866562117931608,724659,10736,11:34:51.121174,same
3,166,same2,5,cue,left,-1.0,-1,-1,z,x,-1.0,0.4444564335881296,-1,0,none,none,-1,-1,-1.0,729176,10736,11:34:51.121174,same
3,167,same2,5,cue,left,-1.0,-1,-1,x,x,-1.0,0.24424892328170245,-1,1,none,none,-1,-1,-1.0,732178,10736,11:34:51.121174,same
3,168,same2,5,gabor,0,0.009098281078557554,n,n,-1,x,0.6933113637624047,-1.0,1,-1,incongruent,hit,i,3,0.9430905672652444,734977,10736,11:34:51.121174,same
3,169,same2,5,gabor,90,0.009098281078557554,x,x,-1,x,0.8646448363579111,-1.0,1,-1,congruent,CR,x,1,1.1726394358665857,742475,10736,11:34:51.121174,same
3,170,same2,5,cue,right,-1.0,-1,-1,n,n,-1.0,0.5514843668406684,-1,1,none,none,-1,-1,-1.0,746926,10736,11:34:51.121174,same
3,171,same2,5,cue,right,-1.0,-1,-1,n,n,-1.0,0.3672294993339165,-1,1,none,none,-1,-1,-1.0,749926,10736,11:34:51.121174,same
3,172,same2,5,cue,left,-1.0,-1,-1,x,x,-1.0,0.35408308399382804,-1,1,none,none,-1,-1,-1.0,752843,10736,11:34:51.121174,same
3,173,same2,5,gabor,90,0.009098281078557554,n,x,-1,x,0.8527778887091699,-1.0,0,-1,incongruent,FA,x,1,1.1207303717674222,758392,10736,11:34:51.121174,same
3,174,same2,5,gabor,0,0.009098281078557554,n,n,-1,n,0.7165318592069525,-1.0,1,-1,congruent,hit,x,3,0.7665520572845708,762791,10736,11:34:51.121174,same
3,175,same2,5,cue,left,-1.0,-1,-1,x,x,-1.0,0.336244647125568,-1,1,none,none,-1,-1,-1.0,766910,10736,11:34:51.121174,same
3,176,same2,5,cue,right,-1.0,-1,-1,n,n,-1.0,0.16133772724788287,-1,1,none,none,-1,-1,-1.0,769692,10736,11:34:51.121174,same
3,177,same2,5,gabor,0,0.009098281078557554,n,n,-1,x,0.5906966724614904,-1.0,1,-1,incongruent,hit,n,3,0.9487441095352552,775758,10736,11:34:51.121174,same
3,178,same2,5,cue,right,-1.0,-1,-1,n,n,-1.0,0.16458132376465073,-1,1,none,none,-1,-1,-1.0,779824,10736,11:34:51.121174,same
3,179,same2,5,gabor,90,0.009098281078557554,n,x,-1,n,0.6313858186440484,-1.0,0,-1,congruent,FA,x,2,0.4682640557130071,782341,10736,11:34:51.121174,same
3,180,same2,5,cue,right,-1.0,-1,-1,n,n,-1.0,0.418086036137538,-1,1,none,none,-1,-1,-1.0,785874,10736,11:34:51.121174,same
3,181,same2,5,gabor,90,0.009098281078557554,x,x,-1,n,0.7721921597658365,-1.0,1,-1,incongruent,CR,i,1,3.0350329159591634,788641,10736,11:34:51.121174,same
3,182,same2,5,gabor,0,0.009098281078557554,n,n,-1,n,0.6747168428937584,-1.0,1,-1,congruent,hit,x,3,0.5337357845455699,794874,10736,11:34:51.121174,same
3,183,same2,5,gabor,0,0.009098281078557554,n,n,-1,n,0.9695293156291882,-1.0,1,-1,congruent,hit,i,4,0.7444896874585538,798708,10736,11:34:51.121174,same
3,184,same2,5,cue,left,-1.0,-1,-1,x,x,-1.0,0.4523421324265655,-1,1,none,none,-1,-1,-1.0,802841,10736,11:34:51.121174,same
3,185,same2,5,gabor,0,0.009098281078557554,n,n,-1,n,0.7002512856124667,-1.0,1,-1,congruent,hit,z,3,1.325995081806468,805640,10736,11:34:51.121174,same
3,186,same2,5,cue,left,-1.0,-1,-1,x,x,-1.0,0.6068079047454376,-1,1,none,none,-1,-1,-1.0,810190,10736,11:34:51.121174,same
3,187,same2,5,gabor,0,0.009098281078557554,n,n,-1,x,0.8286730553027155,-1.0,1,-1,incongruent,hit,i,3,0.8095443989113846,813240,10736,11:34:51.121174,same
3,188,same2,5,gabor,90,0.009098281078557554,n,x,-1,n,1.0463757119250658,-1.0,0,-1,congruent,FA,x,2,0.5063623950154579,817390,10736,11:34:51.121174,same
3,189,same2,5,gabor,0,0.009098281078557554,n,n,-1,n,0.6271999010823492,-1.0,1,-1,congruent,hit,i,4,0.5042584924103721,821473,10736,11:34:51.121174,same
3,190,same2,5,cue,right,-1.0,-1,-1,n,n,-1.0,0.31364775778274634,-1,1,none,none,-1,-1,-1.0,830722,10736,11:34:51.121174,same
3,191,same2,5,cue,left,-1.0,-1,-1,x,x,-1.0,0.5315366514514608,-1,1,none,none,-1,-1,-1.0,833489,10736,11:34:51.121174,same
3,192,same2,5,cue,left,-1.0,-1,-1,x,x,-1.0,0.33133835699845804,-1,1,none,none,-1,-1,-1.0,836473,10736,11:34:51.121174,same
3,193,same2,5,gabor,90,0.009098281078557554,n,x,-1,n,0.636792836823588,-1.0,0,-1,congruent,FA,n,1,0.649797174419291,845455,10736,11:34:51.121174,same
3,194,same2,5,gabor,90,0.009098281078557554,n,x,-1,n,0.8005501096686203,-1.0,0,-1,congruent,FA,z,1,0.5825613775868987,849373,10736,11:34:51.121174,same
3,195,same2,5,cue,right,-1.0,-1,-1,n,n,-1.0,0.4153543034954055,-1,1,none,none,-1,-1,-1.0,853189,10736,11:34:51.121174,same
3,196,same2,5,gabor,90,0.009098281078557554,x,x,-1,x,0.8853290520564769,-1.0,1,-1,congruent,CR,x,1,1.3122400361262407,856055,10736,11:34:51.121174,same
3,197,same2,5,cue,right,-1.0,-1,-1,n,n,-1.0,0.29476984941175033,-1,1,none,none,-1,-1,-1.0,863621,10736,11:34:51.121174,same
3,198,same2,5,gabor,0,0.009098281078557554,n,n,-1,x,0.7326446274637419,-1.0,1,-1,incongruent,hit,x,2,0.9095064603134232,866272,10736,11:34:51.121174,same
3,199,same2,5,cue,right,-1.0,-1,-1,n,n,-1.0,0.5543938886603428,-1,1,none,none,-1,-1,-1.0,870339,10736,11:34:51.121174,same
3,200,same2,5,cue,right,-1.0,-1,-1,n,n,-1.0,0.2262672566866968,-1,1,none,none,-1,-1,-1.0,873339,10736,11:34:51.121174,same
