1,1,same1,1,cue,right,-1.0,-1,-1,n,n,-1.0,0.225453200051561,-1,1,none,none,0,40162,11:37:41.450563,same
1,2,same1,1,gabor,90,0.02232909368450663,x,x,-1,x,0.627494900021702,-1.0,1,-1,congruent,CR,2715,40162,11:37:41.450563,same
1,3,same1,1,gabor,0,0.02232909368450663,n,n,-1,n,1.356775699998252,-1.0,1,-1,congruent,hit,8115,40162,11:37:41.450563,same
1,4,same1,1,gabor,90,0.02232909368450663,n,x,-1,n,0.4662782000377774,-1.0,0,-1,congruent,FA,11915,40162,11:37:41.450563,same
1,5,same1,1,gabor,0,0.02232909368450663,n,n,-1,n,0.5560160001041368,-1.0,1,-1,congruent,hit,14915,40162,11:37:41.450563,same
1,6,same1,1,cue,left,-1.0,-1,-1,x,x,-1.0,0.3335541000124067,-1,1,none,none,20331,40162,11:37:41.450563,same
1,7,same1,1,gabor,0,0.02232909368450663,x,n,-1,x,0.7506142000202091,-1.0,0,-1,congruent,miss,23198,40162,11:37:41.450563,same
1,8,same1,1,gabor,90,0.02232909368450663,n,x,-1,n,0.5549496000166982,-1.0,0,-1,congruent,FA,26281,40162,11:37:41.450563,same
1,9,same1,1,gabor,0,0.02232909368450663,x,n,-1,x,0.5189021000405774,-1.0,0,-1,congruent,miss,29364,40162,11:37:41.450563,same
1,10,same1,1,gabor,90,0.02232909368450663,x,x,-1,x,0.7597839999943972,-1.0,1,-1,congruent,CR,34647,40162,11:37:41.450563,same
1,11,same1,1,gabor,0,0.02232909368450663,n,n,-1,x,0.4429413999896497,-1.0,1,-1,incongruent,hit,37847,40162,11:37:41.450563,same
1,12,same1,1,gabor,90,0.02232909368450663,n,x,-1,n,0.4622039999812842,-1.0,0,-1,congruent,FA,43163,40162,11:37:41.450563,same
1,13,same1,1,gabor,90,0.02232909368450663,x,x,-1,n,0.2615916000213474,-1.0,1,-1,incongruent,CR,46064,40162,11:37:41.450563,same
1,14,same1,1,cue,right,-1.0,-1,-1,n,n,-1.0,0.2269948000321165,-1,1,none,none,48664,40162,11:37:41.450563,same
1,15,same1,1,gabor,90,0.02232909368450663,x,x,-1,x,0.31915210001170635,-1.0,1,-1,congruent,CR,51230,40162,11:37:41.450563,same
1,16,same1,1,cue,left,-1.0,-1,-1,x,x,-1.0,0.3875326999695972,-1,1,none,none,54080,40162,11:37:41.450563,same
1,17,same1,1,gabor,0,0.02232909368450663,n,n,-1,n,0.36915509996470064,-1.0,1,-1,congruent,hit,56896,40162,11:37:41.450563,same
1,18,same1,1,gabor,0,0.02232909368450663,x,n,-1,n,0.34350369998719543,-1.0,0,-1,incongruent,miss,59595,40162,11:37:41.450563,same
1,19,same1,1,cue,right,-1.0,-1,-1,n,n,-1.0,0.3982426000293344,-1,1,none,none,62378,40162,11:37:41.450563,same
1,20,same1,1,cue,left,-1.0,-1,-1,x,x,-1.0,0.2917072999989614,-1,1,none,none,65314,40162,11:37:41.450563,same
1,21,same1,1,cue,left,-1.0,-1,-1,x,x,-1.0,0.31948669999837875,-1,1,none,none,70279,40162,11:37:41.450563,same
1,22,same1,1,gabor,90,0.02232909368450663,n,x,-1,n,0.29441239999141544,-1.0,0,-1,congruent,FA,72928,40162,11:37:41.450563,same
1,23,same1,1,gabor,0,0.02232909368450663,x,n,-1,n,0.3795070999767631,-1.0,0,-1,incongruent,miss,75662,40162,11:37:41.450563,same
1,24,same1,1,gabor,0,0.02232909368450663,n,n,-1,x,0.4745396999642253,-1.0,1,-1,incongruent,hit,80912,40162,11:37:41.450563,same
1,25,same1,1,gabor,90,0.02232909368450663,x,x,-1,x,0.4765165999997407,-1.0,1,-1,congruent,CR,83728,40162,11:37:41.450563,same
1,26,same1,1,cue,left,-1.0,-1,-1,x,x,-1.0,0.1930667000124231,-1,1,none,none,93544,40162,11:37:41.450563,same
1,27,same1,1,cue,left,-1.0,-1,-1,x,x,-1.0,0.2276896999683231,-1,1,none,none,98611,40162,11:37:41.450563,same
1,28,same1,1,gabor,0,0.02232909368450663,n,n,-1,x,0.4159396999748424,-1.0,1,-1,incongruent,hit,101278,40162,11:37:41.450563,same
1,29,same1,1,gabor,90,0.02232909368450663,x,x,-1,x,0.4648029000964016,-1.0,1,-1,congruent,CR,104028,40162,11:37:41.450563,same
1,30,same1,1,cue,left,-1.0,-1,-1,x,x,-1.0,0.3189926999621093,-1,1,none,none,107028,40162,11:37:41.450563,same
1,31,same1,1,cue,left,-1.0,-1,-1,x,x,-1.0,0.365697699948214,-1,1,none,none,114543,40162,11:37:41.450563,same
1,32,same1,1,cue,left,-1.0,-1,-1,x,x,-1.0,0.27723929996136576,-1,1,none,none,117444,40162,11:37:41.450563,same
1,33,same1,1,cue,right,-1.0,-1,-1,n,n,-1.0,0.19686709996312854,-1,1,none,none,122594,40162,11:37:41.450563,same
1,34,same1,1,cue,right,-1.0,-1,-1,n,n,-1.0,0.22011679993011055,-1,1,none,none,125226,40162,11:37:41.450563,same
1,35,same1,1,cue,left,-1.0,-1,-1,x,x,-1.0,0.2976941999513656,-1,1,none,none,127776,40162,11:37:41.450563,same
1,36,same1,1,cue,right,-1.0,-1,-1,n,n,-1.0,0.25390240002889186,-1,1,none,none,130410,40162,11:37:41.450563,same
1,37,same1,1,cue,right,-1.0,-1,-1,n,n,-1.0,0.2047422000905499,-1,1,none,none,132993,40162,11:37:41.450563,same
1,38,same1,1,cue,right,-1.0,-1,-1,n,n,-1.0,0.22559290006756785,-1,1,none,none,135727,40162,11:37:41.450563,same
1,39,same1,1,cue,right,-1.0,-1,-1,n,n,-1.0,0.2923439999576658,-1,1,none,none,138393,40162,11:37:41.450563,same
1,40,same1,1,cue,right,-1.0,-1,-1,n,n,-1.0,0.2896040000487119,-1,1,none,none,141025,40162,11:37:41.450563,same
1,41,same1,2,cue,left,-1.0,-1,-1,x,x,-1.0,0.247422399930656,-1,1,none,none,187625,40162,11:37:41.450563,same
1,42,same1,2,cue,left,-1.0,-1,-1,x,x,-1.0,0.18556289991829544,-1,1,none,none,190258,40162,11:37:41.450563,same
1,43,same1,2,gabor,90,0.02232909368450663,n,x,-1,n,0.6494612999958917,-1.0,0,-1,congruent,FA,192874,40162,11:37:41.450563,same
1,44,same1,2,cue,right,-1.0,-1,-1,n,n,-1.0,0.385620400076732,-1,1,none,none,195857,40162,11:37:41.450563,same
1,45,same1,2,gabor,90,0.02232909368450663,x,x,-1,x,0.5506956999888644,-1.0,1,-1,congruent,CR,198673,40162,11:37:41.450563,same
1,46,same1,2,cue,left,-1.0,-1,-1,x,x,-1.0,0.3913156000198797,-1,1,none,none,201557,40162,11:37:41.450563,same
1,47,same1,2,cue,right,-1.0,-1,-1,n,n,-1.0,0.23774709994904694,-1,1,none,none,204290,40162,11:37:41.450563,same
1,48,same1,2,cue,left,-1.0,-1,-1,x,x,-1.0,0.25613009999506176,-1,1,none,none,206857,40162,11:37:41.450563,same
1,49,same1,2,cue,right,-1.0,-1,-1,n,n,-1.0,0.2139897000743076,-1,1,none,none,209440,40162,11:37:41.450563,same
1,50,same1,2,gabor,90,0.02232909368450663,n,x,-1,n,0.5405708999605849,-1.0,0,-1,congruent,FA,212090,40162,11:37:41.450563,same
1,51,same1,2,cue,right,-1.0,-1,-1,n,n,-1.0,0.24650460004340854,-1,1,none,none,215174,40162,11:37:41.450563,same
1,52,same1,2,cue,right,-1.0,-1,-1,n,n,-1.0,0.2092564000049606,-1,1,none,none,217957,40162,11:37:41.450563,same
1,53,same1,2,cue,left,-1.0,-1,-1,x,x,-1.0,0.3886997000081465,-1,1,none,none,220707,40162,11:37:41.450563,same
1,54,same1,2,gabor,90,0.02232909368450663,x,x,-1,x,0.5545227000256999,-1.0,1,-1,congruent,CR,223522,40162,11:37:41.450563,same
1,55,same1,2,gabor,90,0.02232909368450663,x,x,-1,n,0.4053422999568284,-1.0,1,-1,incongruent,CR,226506,40162,11:37:41.450563,same
1,56,same1,2,gabor,90,0.02232909368450663,x,x,-1,x,0.3894138999748975,-1.0,1,-1,congruent,CR,229339,40162,11:37:41.450563,same
1,57,same1,2,gabor,0,0.02232909368450663,n,n,-1,x,0.5197877000318839,-1.0,1,-1,incongruent,hit,232258,40162,11:37:41.450563,same
1,58,same1,2,cue,left,-1.0,-1,-1,x,x,-1.0,0.23952709999866784,-1,1,none,none,235104,40162,11:37:41.450563,same
1,59,same1,2,gabor,90,0.02232909368450663,x,x,-1,x,0.5492228000657633,-1.0,1,-1,congruent,CR,237672,40162,11:37:41.450563,same
1,60,same1,2,gabor,0,0.02232909368450663,n,n,-1,x,0.4208257000427693,-1.0,1,-1,incongruent,hit,240756,40162,11:37:41.450563,same
1,61,same1,2,gabor,90,0.02232909368450663,x,x,-1,n,0.4394918000325561,-1.0,1,-1,incongruent,CR,243705,40162,11:37:41.450563,same
1,62,same1,2,gabor,0,0.02232909368450663,x,n,-1,n,0.4360531999263912,-1.0,0,-1,incongruent,miss,246471,40162,11:37:41.450563,same
1,63,same1,2,gabor,0,0.02232909368450663,x,n,-1,x,0.3864062000066042,-1.0,0,-1,congruent,miss,249439,40162,11:37:41.450563,same
1,64,same1,2,gabor,0,0.02232909368450663,n,n,-1,x,0.3474644999951124,-1.0,1,-1,incongruent,hit,252254,40162,11:37:41.450563,same
1,65,same1,2,gabor,90,0.02232909368450663,x,x,-1,n,0.4694130999268964,-1.0,1,-1,incongruent,CR,254938,40162,11:37:41.450563,same
1,66,same1,2,gabor,0,0.02232909368450663,n,n,-1,n,0.4940888000419363,-1.0,1,-1,congruent,hit,260272,40162,11:37:41.450563,same
1,67,same1,2,gabor,0,0.02232909368450663,x,n,-1,n,0.3158882000716403,-1.0,0,-1,incongruent,miss,263104,40162,11:37:41.450563,same
1,68,same1,2,cue,left,-1.0,-1,-1,n,x,-1.0,0.3045786999864504,-1,0,none,none,265955,40162,11:37:41.450563,same
1,69,same1,2,gabor,0,0.02232909368450663,n,n,-1,n,0.7431797001045197,-1.0,1,-1,congruent,hit,268687,40162,11:37:41.450563,same
1,70,same1,2,cue,left,-1.0,-1,-1,x,x,-1.0,0.2777751999674365,-1,1,none,none,271972,40162,11:37:41.450563,same
1,71,same1,2,cue,left,-1.0,-1,-1,x,x,-1.0,0.17686589993536472,-1,1,none,none,279254,40162,11:37:41.450563,same
1,72,same1,2,cue,left,-1.0,-1,-1,x,x,-1.0,0.17837450001388788,-1,1,none,none,281771,40162,11:37:41.450563,same
1,73,same1,2,cue,right,-1.0,-1,-1,n,n,-1.0,0.2649189999792725,-1,1,none,none,284386,40162,11:37:41.450563,same
1,74,same1,2,gabor,0,0.02232909368450663,x,n,-1,x,0.4056791999610141,-1.0,0,-1,congruent,miss,287087,40162,11:37:41.450563,same
1,75,same1,2,gabor,0,0.02232909368450663,n,n,-1,n,0.4595524000469595,-1.0,1,-1,congruent,hit,289919,40162,11:37:41.450563,same
1,76,same1,2,gabor,90,0.02232909368450663,x,x,-1,x,0.5199057999998331,-1.0,1,-1,congruent,CR,292804,40162,11:37:41.450563,same
1,77,same1,2,cue,right,-1.0,-1,-1,n,n,-1.0,0.2938016999978572,-1,1,none,none,297987,40162,11:37:41.450563,same
1,78,same1,2,cue,right,-1.0,-1,-1,n,n,-1.0,0.32030569994822145,-1,1,none,none,300719,40162,11:37:41.450563,same
1,79,same1,2,cue,right,-1.0,-1,-1,n,n,-1.0,0.197502400027588,-1,1,none,none,303571,40162,11:37:41.450563,same
1,80,same1,2,cue,right,-1.0,-1,-1,n,n,-1.0,0.2146638999693096,-1,1,none,none,306103,40162,11:37:41.450563,same
1,81,same1,3,cue,left,-1.0,-1,-1,x,x,-1.0,0.1990751998964697,-1,1,none,none,343968,40162,11:37:41.450563,same
1,82,same1,3,cue,right,-1.0,-1,-1,n,n,-1.0,0.20516010001301765,-1,1,none,none,346752,40162,11:37:41.450563,same
1,83,same1,3,gabor,0,0.02232909368450663,n,n,-1,n,0.9379479999188334,-1.0,1,-1,congruent,hit,351819,40162,11:37:41.450563,same
1,84,same1,3,gabor,90,0.02232909368450663,x,x,-1,x,0.4080248000100255,-1.0,1,-1,congruent,CR,355285,40162,11:37:41.450563,same
1,85,same1,3,gabor,0,0.02232909368450663,n,n,-1,x,0.4929467999609187,-1.0,1,-1,incongruent,hit,358218,40162,11:37:41.450563,same
1,86,same1,3,gabor,0,0.02232909368450663,n,n,-1,n,0.5222277999855578,-1.0,1,-1,congruent,hit,361251,40162,11:37:41.450563,same
1,87,same1,3,gabor,90,0.02232909368450663,x,x,-1,x,0.4516011000378058,-1.0,1,-1,congruent,CR,364101,40162,11:37:41.450563,same
1,88,same1,3,gabor,90,0.02232909368450663,n,x,-1,n,0.4078678999794647,-1.0,0,-1,congruent,FA,366884,40162,11:37:41.450563,same
1,89,same1,3,gabor,0,0.02232909368450663,n,n,-1,n,0.5488097000634298,-1.0,1,-1,congruent,hit,369634,40162,11:37:41.450563,same
1,90,same1,3,gabor,0,0.02232909368450663,n,n,-1,n,0.7453076000092551,-1.0,1,-1,congruent,hit,372516,40162,11:37:41.450563,same
1,91,same1,3,cue,left,-1.0,-1,-1,x,x,-1.0,0.1779559999704361,-1,1,none,none,380367,40162,11:37:41.450563,same
1,92,same1,3,cue,left,-1.0,-1,-1,x,x,-1.0,0.1568041000282392,-1,1,none,none,382984,40162,11:37:41.450563,same
1,93,same1,3,cue,left,-1.0,-1,-1,x,x,-1.0,0.15706569992471486,-1,1,none,none,385668,40162,11:37:41.450563,same
1,94,same1,3,cue,left,-1.0,-1,-1,x,x,-1.0,0.2561202000360936,-1,1,none,none,388350,40162,11:37:41.450563,same
1,95,same1,3,gabor,90,0.02232909368450663,n,x,-1,n,0.5191543999826536,-1.0,0,-1,congruent,FA,391134,40162,11:37:41.450563,same
1,96,same1,3,gabor,0,0.02232909368450663,n,n,-1,n,0.4484108000760898,-1.0,1,-1,congruent,hit,396315,40162,11:37:41.450563,same
1,97,same1,3,cue,left,-1.0,-1,-1,x,x,-1.0,0.26594199996907264,-1,1,none,none,399300,40162,11:37:41.450563,same
1,98,same1,3,cue,right,-1.0,-1,-1,n,n,-1.0,0.21894549997523427,-1,1,none,none,402099,40162,11:37:41.450563,same
1,99,same1,3,gabor,90,0.02232909368450663,x,x,-1,x,0.3883402000647038,-1.0,1,-1,congruent,CR,404748,40162,11:37:41.450563,same
1,100,same1,3,cue,right,-1.0,-1,-1,n,n,-1.0,0.3803665000014007,-1,1,none,none,409899,40162,11:37:41.450563,same
1,101,same1,3,cue,left,-1.0,-1,-1,x,x,-1.0,0.20669020002242175,-1,1,none,none,412615,40162,11:37:41.450563,same
1,102,same1,3,gabor,90,0.02232909368450663,x,x,-1,n,0.6436564999166876,-1.0,1,-1,incongruent,CR,415349,40162,11:37:41.450563,same
1,103,same1,3,cue,left,-1.0,-1,-1,x,x,-1.0,0.1773392999311909,-1,1,none,none,424198,40162,11:37:41.450563,same
1,104,same1,3,cue,right,-1.0,-1,-1,n,n,-1.0,0.26840629999060184,-1,1,none,none,426715,40162,11:37:41.450563,same
1,105,same1,3,gabor,90,0.02232909368450663,x,x,-1,n,0.5473666000179946,-1.0,1,-1,incongruent,CR,429315,40162,11:37:41.450563,same
1,106,same1,3,gabor,0,0.02232909368450663,x,n,-1,x,0.8839024999178946,-1.0,0,-1,congruent,miss,432198,40162,11:37:41.450563,same
1,107,same1,3,gabor,0,0.02232909368450663,x,n,-1,x,0.9533166999462992,-1.0,0,-1,congruent,miss,435513,40162,11:37:41.450563,same
1,108,same1,3,gabor,90,0.02232909368450663,x,x,-1,n,0.6781959999352694,-1.0,1,-1,incongruent,CR,441231,40162,11:37:41.450563,same
1,109,same1,3,gabor,0,0.02232909368450663,x,n,-1,x,0.5910424999892712,-1.0,0,-1,congruent,miss,446781,40162,11:37:41.450563,same
1,110,same1,3,gabor,90,0.02232909368450663,n,x,-1,x,0.4438259000889957,-1.0,0,-1,incongruent,FA,449696,40162,11:37:41.450563,same
1,111,same1,3,gabor,0,0.02232909368450663,x,n,-1,x,0.354213000042364,-1.0,0,-1,congruent,miss,452579,40162,11:37:41.450563,same
1,112,same1,3,cue,right,-1.0,-1,-1,n,n,-1.0,0.1847578000742942,-1,1,none,none,455362,40162,11:37:41.450563,same
1,113,same1,3,cue,left,-1.0,-1,-1,x,x,-1.0,0.27302960003726184,-1,1,none,none,464879,40162,11:37:41.450563,same
1,114,same1,3,gabor,90,0.02232909368450663,x,x,-1,x,0.4601028000470251,-1.0,1,-1,congruent,CR,467580,40162,11:37:41.450563,same
1,115,same1,3,cue,left,-1.0,-1,-1,x,x,-1.0,0.34192479995545,-1,1,none,none,470480,40162,11:37:41.450563,same
1,116,same1,3,cue,right,-1.0,-1,-1,n,n,-1.0,0.28050679992884403,-1,1,none,none,473363,40162,11:37:41.450563,same
1,117,same1,3,cue,right,-1.0,-1,-1,n,n,-1.0,0.31267779995687306,-1,1,none,none,475979,40162,11:37:41.450563,same
1,118,same1,3,cue,right,-1.0,-1,-1,n,n,-1.0,0.2558823999715969,-1,1,none,none,478629,40162,11:37:41.450563,same
1,119,same1,3,cue,right,-1.0,-1,-1,n,n,-1.0,0.19546970003284514,-1,1,none,none,481212,40162,11:37:41.450563,same
1,120,same1,3,cue,right,-1.0,-1,-1,n,n,-1.0,0.2595180000644177,-1,1,none,none,483846,40162,11:37:41.450563,same
1,121,same1,4,cue,right,-1.0,-1,-1,n,n,-1.0,0.20125179993920028,-1,1,none,none,522511,40162,11:37:41.450563,same
1,122,same1,4,gabor,0,0.02232909368450663,n,n,-1,x,0.5508741999510676,-1.0,1,-1,incongruent,hit,525294,40162,11:37:41.450563,same
1,123,same1,4,gabor,90,0.02232909368450663,x,x,-1,n,0.4984701999928802,-1.0,1,-1,incongruent,CR,528378,40162,11:37:41.450563,same
1,124,same1,4,gabor,90,0.02232909368450663,x,x,-1,n,0.367385599995032,-1.0,1,-1,incongruent,CR,531411,40162,11:37:41.450563,same
1,125,same1,4,cue,left,-1.0,-1,-1,x,x,-1.0,0.3862963999854401,-1,1,none,none,536543,40162,11:37:41.450563,same
1,126,same1,4,gabor,90,0.02232909368450663,x,x,-1,x,0.4700252000475302,-1.0,1,-1,congruent,CR,539461,40162,11:37:41.450563,same
1,127,same1,4,gabor,0,0.02232909368450663,n,n,-1,x,0.8925110000418499,-1.0,1,-1,incongruent,hit,542460,40162,11:37:41.450563,same
1,128,same1,4,gabor,90,0.02232909368450663,x,x,-1,x,0.5048901000991464,-1.0,1,-1,congruent,CR,545793,40162,11:37:41.450563,same
1,129,same1,4,gabor,90,0.02232909368450663,x,x,-1,x,0.4459858000045642,-1.0,1,-1,congruent,CR,548626,40162,11:37:41.450563,same
1,130,same1,4,cue,right,-1.0,-1,-1,n,n,-1.0,0.3804202000610529,-1,1,none,none,551610,40162,11:37:41.450563,same
1,131,same1,4,cue,right,-1.0,-1,-1,n,n,-1.0,0.29010400001425296,-1,1,none,none,554528,40162,11:37:41.450563,same
1,132,same1,4,gabor,90,0.02232909368450663,n,x,-1,n,0.4719612000044435,-1.0,0,-1,congruent,FA,557142,40162,11:37:41.450563,same
1,133,same1,4,gabor,0,0.02232909368450663,x,n,-1,x,0.418703900068067,-1.0,0,-1,congruent,miss,560043,40162,11:37:41.450563,same
1,134,same1,4,cue,right,-1.0,-1,-1,n,n,-1.0,0.34117539995349944,-1,1,none,none,565126,40162,11:37:41.450563,same
1,135,same1,4,gabor,90,0.02232909368450663,x,x,-1,x,0.12711280002258718,-1.0,1,-1,congruent,CR,567809,40162,11:37:41.450563,same
1,136,same1,4,cue,left,-1.0,-1,-1,x,x,-1.0,0.3551379999844357,-1,1,none,none,570477,40162,11:37:41.450563,same
1,137,same1,4,gabor,90,0.02232909368450663,x,x,-1,n,0.6226588999852538,-1.0,1,-1,incongruent,CR,575592,40162,11:37:41.450563,same
1,138,same1,4,gabor,0,0.02232909368450663,n,n,-1,x,1.0628627999685705,-1.0,1,-1,incongruent,hit,578743,40162,11:37:41.450563,same
1,139,same1,4,cue,left,-1.0,-1,-1,x,x,-1.0,0.21595850004814565,-1,1,none,none,584475,40162,11:37:41.450563,same
1,140,same1,4,cue,right,-1.0,-1,-1,n,n,-1.0,0.39318190002813935,-1,1,none,none,587225,40162,11:37:41.450563,same
1,141,same1,4,gabor,90,0.02232909368450663,n,x,-1,n,1.331022100057453,-1.0,0,-1,congruent,FA,589957,40162,11:37:41.450563,same
1,142,same1,4,cue,right,-1.0,-1,-1,n,n,-1.0,0.19576619996223601,-1,1,none,none,601924,40162,11:37:41.450563,same
1,143,same1,4,cue,left,-1.0,-1,-1,x,x,-1.0,0.21417309995740647,-1,1,none,none,604458,40162,11:37:41.450563,same
1,144,same1,4,cue,left,-1.0,-1,-1,x,x,-1.0,0.36371419997885823,-1,1,none,none,607208,40162,11:37:41.450563,same
1,145,same1,4,gabor,0,0.02232909368450663,n,n,-1,n,0.4047258999198675,-1.0,1,-1,congruent,hit,610107,40162,11:37:41.450563,same
1,146,same1,4,gabor,90,0.02232909368450663,x,x,-1,x,0.5239118000026792,-1.0,1,-1,congruent,CR,612940,40162,11:37:41.450563,same
1,147,same1,4,gabor,0,0.02232909368450663,n,n,-1,n,0.6609862999757752,-1.0,1,-1,congruent,hit,615789,40162,11:37:41.450563,same
1,148,same1,4,cue,left,-1.0,-1,-1,x,x,-1.0,0.3725564000196755,-1,1,none,none,618990,40162,11:37:41.450563,same
1,149,same1,4,gabor,0,0.02232909368450663,n,n,-1,n,0.3154480999801308,-1.0,1,-1,congruent,hit,621891,40162,11:37:41.450563,same
1,150,same1,4,cue,right,-1.0,-1,-1,n,n,-1.0,0.34950889996252954,-1,1,none,none,624740,40162,11:37:41.450563,same
1,151,same1,4,gabor,0,0.02232909368450663,n,n,-1,x,0.9191110999090596,-1.0,1,-1,incongruent,hit,627624,40162,11:37:41.450563,same
1,152,same1,4,gabor,0,0.02232909368450663,n,n,-1,n,0.3590578000294045,-1.0,1,-1,congruent,hit,633207,40162,11:37:41.450563,same
1,153,same1,4,cue,left,-1.0,-1,-1,x,x,-1.0,0.3971938999602571,-1,1,none,none,635906,40162,11:37:41.450563,same
1,154,same1,4,cue,left,-1.0,-1,-1,x,x,-1.0,0.2001031000399962,-1,1,none,none,638840,40162,11:37:41.450563,same
1,155,same1,4,cue,left,-1.0,-1,-1,x,x,-1.0,0.32213989994488657,-1,1,none,none,641573,40162,11:37:41.450563,same
1,156,same1,4,cue,right,-1.0,-1,-1,n,n,-1.0,0.39996359997894615,-1,1,none,none,644423,40162,11:37:41.450563,same
1,157,same1,4,cue,right,-1.0,-1,-1,n,n,-1.0,0.1547798999818042,-1,1,none,none,647357,40162,11:37:41.450563,same
1,158,same1,4,gabor,0,0.02232909368450663,n,n,-1,n,0.6796892000129446,-1.0,1,-1,congruent,hit,649939,40162,11:37:41.450563,same
1,159,same1,4,cue,left,-1.0,-1,-1,x,x,-1.0,0.28486150002572685,-1,1,none,none,655489,40162,11:37:41.450563,same
1,160,same1,4,cue,right,-1.0,-1,-1,n,n,-1.0,0.3645815000636503,-1,1,none,none,658104,40162,11:37:41.450563,same
1,161,same1,5,gabor,90,0.02232909368450663,x,x,-1,x,0.4815152999944985,-1.0,1,-1,congruent,CR,702920,40162,11:37:41.450563,same
1,162,same1,5,gabor,0,0.02232909368450663,n,n,-1,n,0.5485273000085726,-1.0,1,-1,congruent,hit,705988,40162,11:37:41.450563,same
1,163,same1,5,cue,left,-1.0,-1,-1,x,x,-1.0,0.33138640003744513,-1,1,none,none,708869,40162,11:37:41.450563,same
1,164,same1,5,gabor,90,0.02232909368450663,n,x,-1,n,0.4766043000854552,-1.0,0,-1,congruent,FA,711635,40162,11:37:41.450563,same
1,165,same1,5,gabor,0,0.02232909368450663,n,n,-1,n,0.6464758000802249,-1.0,1,-1,congruent,hit,714654,40162,11:37:41.450563,same
1,166,same1,5,cue,left,-1.0,-1,-1,x,x,-1.0,0.21090399997774512,-1,1,none,none,720170,40162,11:37:41.450563,same
1,167,same1,5,cue,right,-1.0,-1,-1,n,n,-1.0,0.2003370000747964,-1,1,none,none,722920,40162,11:37:41.450563,same
1,168,same1,5,cue,left,-1.0,-1,-1,x,x,-1.0,0.2535555000649765,-1,1,none,none,729087,40162,11:37:41.450563,same
1,169,same1,5,cue,right,-1.0,-1,-1,n,n,-1.0,0.1870894000167027,-1,1,none,none,734102,40162,11:37:41.450563,same
1,170,same1,5,cue,right,-1.0,-1,-1,n,n,-1.0,0.20637819997500628,-1,1,none,none,736619,40162,11:37:41.450563,same
1,171,same1,5,cue,left,-1.0,-1,-1,x,x,-1.0,0.169633699930273,-1,1,none,none,739352,40162,11:37:41.450563,same
1,172,same1,5,gabor,90,0.02232909368450663,n,x,-1,n,0.8127014000201598,-1.0,0,-1,congruent,FA,741852,40162,11:37:41.450563,same
1,173,same1,5,cue,left,-1.0,-1,-1,x,x,-1.0,0.19444869994185865,-1,1,none,none,747535,40162,11:37:41.450563,same
1,174,same1,5,cue,left,-1.0,-1,-1,x,x,-1.0,0.2143691999372095,-1,1,none,none,750167,40162,11:37:41.450563,same
1,175,same1,5,gabor,90,0.02232909368450663,x,x,-1,x,0.7862619999796152,-1.0,1,-1,congruent,CR,752919,40162,11:37:41.450563,same
1,176,same1,5,cue,right,-1.0,-1,-1,n,n,-1.0,0.3502038000151515,-1,1,none,none,756235,40162,11:37:41.450563,same
1,177,same1,5,gabor,0,0.02232909368450663,n,n,-1,x,0.7143877000780776,-1.0,1,-1,incongruent,hit,759018,40162,11:37:41.450563,same
1,178,same1,5,gabor,90,0.02232909368450663,x,x,-1,x,0.6626843999838457,-1.0,1,-1,congruent,CR,762067,40162,11:37:41.450563,same
1,179,same1,5,gabor,0,0.02232909368450663,n,n,-1,x,1.0101629999699069,-1.0,1,-1,incongruent,hit,765168,40162,11:37:41.450563,same
1,180,same1,5,gabor,0,0.02232909368450663,n,n,-1,n,0.7124722999287769,-1.0,1,-1,congruent,hit,768518,40162,11:37:41.450563,same
1,181,same1,5,gabor,90,0.02232909368450663,x,x,-1,n,0.4788994999835268,-1.0,1,-1,incongruent,CR,771667,40162,11:37:41.450563,same
1,182,same1,5,cue,left,-1.0,-1,-1,x,x,-1.0,0.3861723999725655,-1,1,none,none,774684,40162,11:37:41.450563,same
1,183,same1,5,cue,left,-1.0,-1,-1,x,x,-1.0,0.2163718999363482,-1,1,none,none,777500,40162,11:37:41.450563,same
1,184,same1,5,gabor,0,0.02232909368450663,n,n,-1,n,0.4618929999414832,-1.0,1,-1,congruent,hit,780250,40162,11:37:41.450563,same
1,185,same1,5,gabor,0,0.02232909368450663,n,n,-1,n,0.4886616999283433,-1.0,1,-1,congruent,hit,787917,40162,11:37:41.450563,same
1,186,same1,5,gabor,90,0.02232909368450663,n,x,-1,n,0.5684555000625551,-1.0,0,-1,congruent,FA,790832,40162,11:37:41.450563,same
1,187,same1,5,gabor,90,0.02232909368450663,x,x,-1,x,0.44849790004082013,-1.0,1,-1,congruent,CR,793733,40162,11:37:41.450563,same
1,188,same1,5,gabor,0,0.02232909368450663,x,n,-1,x,0.4664273000089452,-1.0,0,-1,congruent,miss,796615,40162,11:37:41.450563,same
1,189,same1,5,gabor,0,0.02232909368450663,n,n,-1,x,0.4643256000708789,-1.0,1,-1,incongruent,hit,799516,40162,11:37:41.450563,same
1,190,same1,5,cue,right,-1.0,-1,-1,n,n,-1.0,0.29742580000311136,-1,1,none,none,802315,40162,11:37:41.450563,same
1,191,same1,5,gabor,90,0.02232909368450663,n,x,-1,n,0.4313642999622971,-1.0,0,-1,congruent,FA,804948,40162,11:37:41.450563,same
1,192,same1,5,cue,right,-1.0,-1,-1,n,n,-1.0,0.29132850002497435,-1,1,none,none,807815,40162,11:37:41.450563,same
1,193,same1,5,cue,left,-1.0,-1,-1,x,x,-1.0,0.35323799995239824,-1,1,none,none,810449,40162,11:37:41.450563,same
1,194,same1,5,gabor,90,0.02232909368450663,n,x,-1,x,0.8772509000264108,-1.0,0,-1,incongruent,FA,813231,40162,11:37:41.450563,same
1,195,same1,5,cue,right,-1.0,-1,-1,n,n,-1.0,0.33749730000272393,-1,1,none,none,816548,40162,11:37:41.450563,same
1,196,same1,5,gabor,0,0.02232909368450663,n,n,-1,x,0.8233565000118688,-1.0,1,-1,incongruent,hit,819216,40162,11:37:41.450563,same
1,197,same1,5,cue,left,-1.0,-1,-1,x,x,-1.0,0.3509001000784337,-1,1,none,none,822364,40162,11:37:41.450563,same
1,198,same1,5,cue,right,-1.0,-1,-1,n,n,-1.0,0.2938245999393985,-1,1,none,none,825047,40162,11:37:41.450563,same
1,199,same1,5,cue,right,-1.0,-1,-1,n,n,-1.0,0.2830912000499666,-1,1,none,none,827782,40162,11:37:41.450563,same
1,200,same1,5,cue,right,-1.0,-1,-1,n,n,-1.0,0.24341399990953505,-1,1,none,none,830397,40162,11:37:41.450563,same
1,1,other2,1,cue,left,-1.0,-1,-1,z,z,-1.0,0.24220280000008645,-1,1,none,none,0,36353,12:06:08.093111,other
1,2,other2,1,gabor,90,0.02232909368450663,x,x,-1,z,0.5663687000051141,-1.0,1,-1,congruent,CR,6066,36353,12:06:08.093111,other
1,3,other2,1,cue,right,-1.0,-1,-1,i,i,-1.0,0.2814936999930069,-1,1,none,none,9064,36353,12:06:08.093111,other
1,4,other2,1,cue,right,-1.0,-1,-1,i,i,-1.0,0.2634831999894232,-1,1,none,none,11781,36353,12:06:08.093111,other
1,5,other2,1,gabor,90,0.02232909368450663,x,x,-1,z,0.4869040999328718,-1.0,1,-1,congruent,CR,14582,36353,12:06:08.093111,other
1,6,other2,1,cue,right,-1.0,-1,-1,i,i,-1.0,0.2360780999297276,-1,1,none,none,17497,36353,12:06:08.093111,other
1,7,other2,1,gabor,0,0.02232909368450663,n,n,-1,i,0.6132849999703467,-1.0,1,-1,congruent,hit,20265,36353,12:06:08.093111,other
1,8,other2,1,gabor,0,0.02232909368450663,x,n,-1,i,0.4197986000217497,-1.0,0,-1,incongruent,miss,23214,36353,12:06:08.093111,other
1,9,other2,1,cue,right,-1.0,-1,-1,i,i,-1.0,0.3650014000013471,-1,1,none,none,26165,36353,12:06:08.093111,other
1,10,other2,1,gabor,0,0.02232909368450663,n,n,-1,i,0.40854209999088203,-1.0,1,-1,congruent,hit,28964,36353,12:06:08.093111,other
1,11,other2,1,gabor,90,0.02232909368450663,n,x,-1,i,0.4142636000178754,-1.0,0,-1,congruent,FA,34031,36353,12:06:08.093111,other
1,12,other2,1,cue,left,-1.0,-1,-1,z,z,-1.0,0.38749629992526025,-1,1,none,none,36981,36353,12:06:08.093111,other
1,13,other2,1,gabor,0,0.02232909368450663,n,n,-1,z,0.3895506999688223,-1.0,1,-1,incongruent,hit,39897,36353,12:06:08.093111,other
1,14,other2,1,gabor,0,0.02232909368450663,n,n,-1,z,0.5097472000634298,-1.0,1,-1,incongruent,hit,42814,36353,12:06:08.093111,other
1,15,other2,1,cue,left,-1.0,-1,-1,z,z,-1.0,0.35555350000504404,-1,1,none,none,47997,36353,12:06:08.093111,other
1,16,other2,1,cue,right,-1.0,-1,-1,i,i,-1.0,0.2797030999790877,-1,1,none,none,50881,36353,12:06:08.093111,other
1,17,other2,1,cue,left,-1.0,-1,-1,z,z,-1.0,0.28261590003967285,-1,1,none,none,53698,36353,12:06:08.093111,other
1,18,other2,1,cue,left,-1.0,-1,-1,z,z,-1.0,0.20536969997920096,-1,1,none,none,56514,36353,12:06:08.093111,other
1,19,other2,1,gabor,90,0.02232909368450663,n,x,-1,z,0.5638946000253782,-1.0,0,-1,incongruent,FA,59145,36353,12:06:08.093111,other
1,20,other2,1,gabor,90,0.02232909368450663,n,x,-1,z,0.5039994999533519,-1.0,0,-1,incongruent,FA,62146,36353,12:06:08.093111,other
1,21,other2,1,gabor,90,0.02232909368450663,x,x,-1,i,0.6680491000879556,-1.0,1,-1,incongruent,CR,64979,36353,12:06:08.093111,other
1,22,other2,1,gabor,0,0.02232909368450663,n,n,-1,z,0.38086889998521656,-1.0,1,-1,incongruent,hit,68180,36353,12:06:08.093111,other
1,23,other2,1,cue,left,-1.0,-1,-1,z,z,-1.0,0.3356610999908298,-1,1,none,none,73329,36353,12:06:08.093111,other
1,24,other2,1,cue,left,-1.0,-1,-1,z,z,-1.0,0.3347137999953702,-1,1,none,none,76095,36353,12:06:08.093111,other
1,25,other2,1,gabor,90,0.02232909368450663,x,x,-1,i,0.6065529000479728,-1.0,1,-1,incongruent,CR,78861,36353,12:06:08.093111,other
1,26,other2,1,gabor,0,0.02232909368450663,n,n,-1,z,0.4689618999836966,-1.0,1,-1,incongruent,hit,84309,36353,12:06:08.093111,other
1,27,other2,1,gabor,0,0.02232909368450663,n,n,-1,i,0.4703070000978187,-1.0,1,-1,congruent,hit,87312,36353,12:06:08.093111,other
1,28,other2,1,gabor,90,0.02232909368450663,n,x,-1,i,0.4252873999066651,-1.0,0,-1,congruent,FA,90212,36353,12:06:08.093111,other
1,29,other2,1,cue,right,-1.0,-1,-1,i,i,-1.0,0.2690438999561593,-1,1,none,none,95412,36353,12:06:08.093111,other
1,30,other2,1,gabor,0,0.02232909368450663,x,n,-1,z,0.5380491999676451,-1.0,0,-1,congruent,miss,98212,36353,12:06:08.093111,other
1,31,other2,1,cue,left,-1.0,-1,-1,z,z,-1.0,0.2761113999877125,-1,1,none,none,101178,36353,12:06:08.093111,other
1,32,other2,1,gabor,90,0.02232909368450663,x,x,-1,z,0.5918521999847144,-1.0,1,-1,congruent,CR,103996,36353,12:06:08.093111,other
1,33,other2,1,cue,right,-1.0,-1,-1,i,i,-1.0,0.24115370004437864,-1,1,none,none,106927,36353,12:06:08.093111,other
1,34,other2,1,gabor,0,0.02232909368450663,n,n,-1,i,0.5762669999385253,-1.0,1,-1,congruent,hit,109711,36353,12:06:08.093111,other
1,35,other2,1,gabor,90,0.02232909368450663,x,x,-1,i,0.7440987000009045,-1.0,1,-1,incongruent,CR,112628,36353,12:06:08.093111,other
1,36,other2,1,cue,left,-1.0,-1,-1,z,z,-1.0,0.3757455999730155,-1,1,none,none,118143,36353,12:06:08.093111,other
1,37,other2,1,cue,right,-1.0,-1,-1,i,i,-1.0,0.2693016000557691,-1,1,none,none,120961,36353,12:06:08.093111,other
1,38,other2,1,cue,right,-1.0,-1,-1,i,i,-1.0,0.2373856999911368,-1,1,none,none,123659,36353,12:06:08.093111,other
1,39,other2,1,cue,left,-1.0,-1,-1,i,z,-1.0,0.2832753000548109,-1,0,none,none,126226,36353,12:06:08.093111,other
1,40,other2,1,cue,right,-1.0,-1,-1,i,i,-1.0,0.2816615999909118,-1,1,none,none,128944,36353,12:06:08.093111,other
1,41,other2,2,cue,left,-1.0,-1,-1,z,z,-1.0,0.17612990003544834,-1,1,none,none,164893,36353,12:06:08.093111,other
1,42,other2,2,gabor,0,0.02232909368450663,x,n,-1,z,0.4785482999868691,-1.0,0,-1,congruent,miss,167642,36353,12:06:08.093111,other
1,43,other2,2,gabor,90,0.02232909368450663,x,x,-1,i,0.525714399991557,-1.0,1,-1,incongruent,CR,170457,36353,12:06:08.093111,other
1,44,other2,2,gabor,0,0.02232909368450663,n,n,-1,z,0.3563852999359369,-1.0,1,-1,incongruent,hit,173325,36353,12:06:08.093111,other
1,45,other2,2,gabor,90,0.02232909368450663,n,x,-1,z,0.6789852000074461,-1.0,0,-1,incongruent,FA,176208,36353,12:06:08.093111,other
1,46,other2,2,gabor,0,0.02232909368450663,n,n,-1,z,0.7771151000633836,-1.0,1,-1,incongruent,hit,181557,36353,12:06:08.093111,other
1,47,other2,2,gabor,90,0.02232909368450663,x,x,-1,z,0.7190179999452084,-1.0,1,-1,congruent,CR,184674,36353,12:06:08.093111,other
1,48,other2,2,gabor,0,0.02232909368450663,n,n,-1,i,0.5744537001010029,-1.0,1,-1,congruent,hit,187925,36353,12:06:08.093111,other
1,49,other2,2,gabor,0,0.02232909368450663,n,n,-1,i,0.6898376999888569,-1.0,1,-1,congruent,hit,190941,36353,12:06:08.093111,other
1,50,other2,2,cue,left,-1.0,-1,-1,z,z,-1.0,0.20130970003083348,-1,1,none,none,196291,36353,12:06:08.093111,other
1,51,other2,2,gabor,90,0.02232909368450663,x,x,-1,i,0.7422517000231892,-1.0,1,-1,incongruent,CR,198824,36353,12:06:08.093111,other
1,52,other2,2,gabor,90,0.02232909368450663,x,x,-1,z,0.5874305000761524,-1.0,1,-1,congruent,CR,202006,36353,12:06:08.093111,other
1,53,other2,2,gabor,0,0.02232909368450663,n,n,-1,i,0.4430110000539571,-1.0,1,-1,congruent,hit,205124,36353,12:06:08.093111,other
1,54,other2,2,cue,left,-1.0,-1,-1,z,z,-1.0,0.3132896999595687,-1,1,none,none,208107,36353,12:06:08.093111,other
1,55,other2,2,gabor,0,0.02232909368450663,x,n,-1,z,0.3842401000438258,-1.0,0,-1,congruent,miss,210755,36353,12:06:08.093111,other
1,56,other2,2,gabor,0,0.02232909368450663,n,n,-1,i,0.4262870000675321,-1.0,1,-1,congruent,hit,213473,36353,12:06:08.093111,other
1,57,other2,2,gabor,0,0.02232909368450663,n,n,-1,z,0.4610888999886811,-1.0,1,-1,incongruent,hit,216340,36353,12:06:08.093111,other
1,58,other2,2,gabor,90,0.02232909368450663,x,x,-1,i,0.6911127000348642,-1.0,1,-1,incongruent,CR,219140,36353,12:06:08.093111,other
1,59,other2,2,gabor,90,0.02232909368450663,n,x,-1,z,0.9697833000682294,-1.0,0,-1,incongruent,FA,222155,36353,12:06:08.093111,other
1,60,other2,2,cue,right,-1.0,-1,-1,i,i,-1.0,0.27515489992219955,-1,1,none,none,227790,36353,12:06:08.093111,other
1,61,other2,2,cue,right,-1.0,-1,-1,i,i,-1.0,0.2822049999376759,-1,1,none,none,230606,36353,12:06:08.093111,other
1,62,other2,2,cue,right,-1.0,-1,-1,i,i,-1.0,0.26900679990649223,-1,1,none,none,233423,36353,12:06:08.093111,other
1,63,other2,2,cue,right,-1.0,-1,-1,i,i,-1.0,0.31651250005234033,-1,1,none,none,236023,36353,12:06:08.093111,other
1,64,other2,2,gabor,0,0.02232909368450663,n,n,-1,i,0.3747870000079274,-1.0,1,-1,congruent,hit,238672,36353,12:06:08.093111,other
1,65,other2,2,gabor,90,0.02232909368450663,x,x,-1,i,0.3927705999230966,-1.0,1,-1,incongruent,CR,241572,36353,12:06:08.093111,other
1,66,other2,2,cue,left,-1.0,-1,-1,z,z,-1.0,0.22310900001320988,-1,1,none,none,244490,36353,12:06:08.093111,other
1,67,other2,2,cue,right,-1.0,-1,-1,i,i,-1.0,0.3730886999983341,-1,1,none,none,247239,36353,12:06:08.093111,other
1,68,other2,2,cue,left,-1.0,-1,-1,z,z,-1.0,0.21756439993623644,-1,1,none,none,250139,36353,12:06:08.093111,other
1,69,other2,2,gabor,90,0.02232909368450663,x,x,-1,z,0.3939477000385523,-1.0,1,-1,congruent,CR,252689,36353,12:06:08.093111,other
1,70,other2,2,cue,left,-1.0,-1,-1,z,z,-1.0,0.25300550006795675,-1,1,none,none,255522,36353,12:06:08.093111,other
1,71,other2,2,gabor,90,0.02232909368450663,x,x,-1,i,0.44914679997600615,-1.0,1,-1,incongruent,CR,258305,36353,12:06:08.093111,other
1,72,other2,2,cue,left,-1.0,-1,-1,i,z,-1.0,0.3142347000539303,-1,0,none,none,261187,36353,12:06:08.093111,other
1,73,other2,2,cue,right,-1.0,-1,-1,z,i,-1.0,0.271797199966386,-1,0,none,none,264038,36353,12:06:08.093111,other
1,74,other2,2,cue,left,-1.0,-1,-1,z,z,-1.0,0.27574149996507913,-1,1,none,none,266736,36353,12:06:08.093111,other
1,75,other2,2,cue,right,-1.0,-1,-1,i,i,-1.0,0.1841192999854684,-1,1,none,none,269555,36353,12:06:08.093111,other
1,76,other2,2,cue,right,-1.0,-1,-1,i,i,-1.0,0.2072884999215603,-1,1,none,none,272070,36353,12:06:08.093111,other
1,77,other2,2,cue,right,-1.0,-1,-1,i,i,-1.0,0.2244391000131145,-1,1,none,none,274805,36353,12:06:08.093111,other
1,78,other2,2,cue,left,-1.0,-1,-1,z,z,-1.0,0.17973390000406653,-1,1,none,none,279804,36353,12:06:08.093111,other
1,79,other2,2,cue,right,-1.0,-1,-1,i,i,-1.0,0.17114009999204427,-1,1,none,none,282421,36353,12:06:08.093111,other
1,80,other2,2,cue,left,-1.0,-1,-1,z,z,-1.0,0.1814798000268638,-1,1,none,none,284920,36353,12:06:08.093111,other
1,81,other2,3,gabor,0,0.02232909368450663,n,n,-1,i,0.8364992999704555,-1.0,1,-1,congruent,hit,325719,36353,12:06:08.093111,other
1,82,other2,3,gabor,90,0.02232909368450663,x,x,-1,i,0.4074472999200225,-1.0,1,-1,incongruent,CR,329035,36353,12:06:08.093111,other
1,83,other2,3,cue,left,-1.0,-1,-1,z,z,-1.0,0.2041497000027448,-1,1,none,none,331784,36353,12:06:08.093111,other
1,84,other2,3,cue,left,-1.0,-1,-1,z,z,-1.0,0.17644289997406304,-1,1,none,none,334519,36353,12:06:08.093111,other
1,85,other2,3,gabor,0,0.02232909368450663,n,n,-1,i,0.6377583000576124,-1.0,1,-1,congruent,hit,337035,36353,12:06:08.093111,other
1,86,other2,3,gabor,0,0.02232909368450663,n,n,-1,z,0.5534112000605091,-1.0,1,-1,incongruent,hit,340002,36353,12:06:08.093111,other
1,87,other2,3,gabor,0,0.02232909368450663,n,n,-1,i,0.5196271000895649,-1.0,1,-1,congruent,hit,342885,36353,12:06:08.093111,other
1,88,other2,3,gabor,90,0.02232909368450663,x,x,-1,i,0.6363650999264792,-1.0,1,-1,incongruent,CR,345834,36353,12:06:08.093111,other
1,89,other2,3,gabor,90,0.02232909368450663,n,x,-1,i,0.3993843999924138,-1.0,0,-1,congruent,FA,348901,36353,12:06:08.093111,other
1,90,other2,3,gabor,0,0.02232909368450663,x,n,-1,z,0.5290257000597194,-1.0,0,-1,congruent,miss,356301,36353,12:06:08.093111,other
1,91,other2,3,cue,right,-1.0,-1,-1,i,i,-1.0,0.3482686000643298,-1,1,none,none,359267,36353,12:06:08.093111,other
1,92,other2,3,gabor,90,0.02232909368450663,x,x,-1,z,0.5030414999928325,-1.0,1,-1,congruent,CR,361951,36353,12:06:08.093111,other
1,93,other2,3,gabor,90,0.02232909368450663,x,x,-1,z,0.532048000022769,-1.0,1,-1,congruent,CR,364883,36353,12:06:08.093111,other
1,94,other2,3,cue,right,-1.0,-1,-1,i,i,-1.0,0.20504340005572885,-1,1,none,none,367951,36353,12:06:08.093111,other
1,95,other2,3,cue,left,-1.0,-1,-1,z,z,-1.0,0.2443158000241965,-1,1,none,none,372817,36353,12:06:08.093111,other
1,96,other2,3,cue,right,-1.0,-1,-1,i,i,-1.0,0.23796800000127405,-1,1,none,none,375499,36353,12:06:08.093111,other
1,97,other2,3,gabor,90,0.02232909368450663,x,x,-1,i,0.5023654999677092,-1.0,1,-1,incongruent,CR,378067,36353,12:06:08.093111,other
1,98,other2,3,cue,left,-1.0,-1,-1,z,z,-1.0,0.2937073999783024,-1,1,none,none,381000,36353,12:06:08.093111,other
1,99,other2,3,cue,left,-1.0,-1,-1,z,z,-1.0,0.39263020001817495,-1,1,none,none,383632,36353,12:06:08.093111,other
1,100,other2,3,cue,left,-1.0,-1,-1,z,z,-1.0,0.18963529996108264,-1,1,none,none,386349,36353,12:06:08.093111,other
1,101,other2,3,gabor,0,0.02232909368450663,x,n,-1,z,0.460391900036484,-1.0,0,-1,congruent,miss,388865,36353,12:06:08.093111,other
1,102,other2,3,gabor,90,0.02232909368450663,x,x,-1,z,0.4712584000080824,-1.0,1,-1,congruent,CR,397433,36353,12:06:08.093111,other
1,103,other2,3,gabor,90,0.02232909368450663,x,x,-1,z,0.5361301000230014,-1.0,1,-1,congruent,CR,400331,36353,12:06:08.093111,other
1,104,other2,3,gabor,90,0.02232909368450663,x,x,-1,i,0.4484095999505371,-1.0,1,-1,incongruent,CR,403399,36353,12:06:08.093111,other
1,105,other2,3,gabor,0,0.02232909368450663,n,n,-1,i,0.5964071999769658,-1.0,1,-1,congruent,hit,406181,36353,12:06:08.093111,other
1,106,other2,3,cue,right,-1.0,-1,-1,i,i,-1.0,0.2913048000773415,-1,1,none,none,409115,36353,12:06:08.093111,other
1,107,other2,3,cue,left,-1.0,-1,-1,z,z,-1.0,0.20092680002562704,-1,1,none,none,411749,36353,12:06:08.093111,other
1,108,other2,3,cue,right,-1.0,-1,-1,i,i,-1.0,0.21290269994642586,-1,1,none,none,414282,36353,12:06:08.093111,other
1,109,other2,3,cue,right,-1.0,-1,-1,i,i,-1.0,0.3267195000080392,-1,1,none,none,417033,36353,12:06:08.093111,other
1,110,other2,3,cue,left,-1.0,-1,-1,z,z,-1.0,0.2348694999236613,-1,1,none,none,419698,36353,12:06:08.093111,other
1,111,other2,3,gabor,90,0.02232909368450663,x,x,-1,z,0.6498280999949202,-1.0,1,-1,congruent,CR,422264,36353,12:06:08.093111,other
1,112,other2,3,gabor,0,0.02232909368450663,n,n,-1,i,0.5195338999619707,-1.0,1,-1,congruent,hit,425348,36353,12:06:08.093111,other
1,113,other2,3,gabor,0,0.02232909368450663,x,n,-1,z,0.4058346999809146,-1.0,0,-1,congruent,miss,428196,36353,12:06:08.093111,other
1,114,other2,3,cue,right,-1.0,-1,-1,i,i,-1.0,0.28939070005435497,-1,1,none,none,433365,36353,12:06:08.093111,other
1,115,other2,3,cue,right,-1.0,-1,-1,i,i,-1.0,0.2563997999532148,-1,1,none,none,435981,36353,12:06:08.093111,other
1,116,other2,3,cue,left,-1.0,-1,-1,i,z,-1.0,0.3745027999393642,-1,0,none,none,438663,36353,12:06:08.093111,other
1,117,other2,3,cue,left,-1.0,-1,-1,z,z,-1.0,0.2777599999681115,-1,1,none,none,441464,36353,12:06:08.093111,other
1,118,other2,3,gabor,0,0.02232909368450663,n,n,-1,z,0.7389515000395477,-1.0,1,-1,incongruent,hit,444181,36353,12:06:08.093111,other
1,119,other2,3,cue,right,-1.0,-1,-1,i,i,-1.0,0.2995192999951541,-1,1,none,none,447346,36353,12:06:08.093111,other
1,120,other2,3,cue,right,-1.0,-1,-1,i,i,-1.0,0.21560080000199375,-1,1,none,none,450181,36353,12:06:08.093111,other
1,121,other2,4,cue,right,-1.0,-1,-1,i,i,-1.0,0.22194739989936352,-1,1,none,none,485080,36353,12:06:08.093111,other
1,122,other2,4,gabor,90,0.02232909368450663,x,x,-1,z,0.5425991000374779,-1.0,1,-1,congruent,CR,487678,36353,12:06:08.093111,other
1,123,other2,4,gabor,0,0.02232909368450663,x,n,-1,z,0.6318342000013217,-1.0,0,-1,congruent,miss,490745,36353,12:06:08.093111,other
1,124,other2,4,gabor,0,0.02232909368450663,n,n,-1,i,0.5051916000666097,-1.0,1,-1,congruent,hit,493710,36353,12:06:08.093111,other
1,125,other2,4,gabor,0,0.02232909368450663,n,n,-1,i,0.3818076999159529,-1.0,1,-1,congruent,hit,496745,36353,12:06:08.093111,other
1,126,other2,4,cue,left,-1.0,-1,-1,z,z,-1.0,0.19991940003819764,-1,1,none,none,501995,36353,12:06:08.093111,other
1,127,other2,4,gabor,90,0.02232909368450663,x,x,-1,z,0.6360791000770405,-1.0,1,-1,congruent,CR,504528,36353,12:06:08.093111,other
1,128,other2,4,gabor,90,0.02232909368450663,x,x,-1,z,0.4964309999486432,-1.0,1,-1,congruent,CR,507494,36353,12:06:08.093111,other
1,129,other2,4,gabor,90,0.02232909368450663,x,x,-1,i,0.4431475999299437,-1.0,1,-1,incongruent,CR,510528,36353,12:06:08.093111,other
1,130,other2,4,gabor,90,0.02232909368450663,x,x,-1,i,0.5729404001031071,-1.0,1,-1,incongruent,CR,513411,36353,12:06:08.093111,other
1,131,other2,4,cue,left,-1.0,-1,-1,z,z,-1.0,0.3082860999274999,-1,1,none,none,516311,36353,12:06:08.093111,other
1,132,other2,4,cue,left,-1.0,-1,-1,z,z,-1.0,0.39556289999745786,-1,1,none,none,519044,36353,12:06:08.093111,other
1,133,other2,4,cue,right,-1.0,-1,-1,i,i,-1.0,0.3306622999953106,-1,1,none,none,521777,36353,12:06:08.093111,other
1,134,other2,4,gabor,90,0.02232909368450663,x,x,-1,z,0.5278597000287846,-1.0,1,-1,congruent,CR,524443,36353,12:06:08.093111,other
1,135,other2,4,cue,right,-1.0,-1,-1,i,i,-1.0,0.2843418000265956,-1,1,none,none,527511,36353,12:06:08.093111,other
1,136,other2,4,gabor,0,0.02232909368450663,n,n,-1,i,1.3875536000123248,-1.0,1,-1,congruent,hit,530126,36353,12:06:08.093111,other
1,137,other2,4,gabor,90,0.02232909368450663,x,x,-1,i,0.5836712000891566,-1.0,1,-1,incongruent,CR,533944,36353,12:06:08.093111,other
1,138,other2,4,gabor,0,0.02232909368450663,n,n,-1,z,0.5071825999766588,-1.0,1,-1,incongruent,hit,537060,36353,12:06:08.093111,other
1,139,other2,4,gabor,0,0.02232909368450663,x,n,-1,z,0.5004395999712871,-1.0,0,-1,congruent,miss,542226,36353,12:06:08.093111,other
1,140,other2,4,cue,left,-1.0,-1,-1,z,z,-1.0,0.3675411000149325,-1,1,none,none,545261,36353,12:06:08.093111,other
1,141,other2,4,cue,left,-1.0,-1,-1,z,z,-1.0,0.17839949997141955,-1,1,none,none,547960,36353,12:06:08.093111,other
1,142,other2,4,cue,right,-1.0,-1,-1,i,i,-1.0,0.25263410003390163,-1,1,none,none,550576,36353,12:06:08.093111,other
1,143,other2,4,cue,left,-1.0,-1,-1,z,z,-1.0,0.2442729000467807,-1,1,none,none,553258,36353,12:06:08.093111,other
1,144,other2,4,cue,left,-1.0,-1,-1,z,z,-1.0,0.2319142998894677,-1,1,none,none,555943,36353,12:06:08.093111,other
1,145,other2,4,cue,right,-1.0,-1,-1,i,i,-1.0,0.2364524999866262,-1,1,none,none,558610,36353,12:06:08.093111,other
1,146,other2,4,cue,left,-1.0,-1,-1,z,z,-1.0,0.1681369999423623,-1,1,none,none,561275,36353,12:06:08.093111,other
1,147,other2,4,gabor,90,0.02232909368450663,n,x,-1,i,0.3621103001059964,-1.0,0,-1,congruent,FA,563775,36353,12:06:08.093111,other
1,148,other2,4,gabor,0,0.02232909368450663,n,n,-1,z,1.407857200014405,-1.0,1,-1,incongruent,hit,569009,36353,12:06:08.093111,other
1,149,other2,4,gabor,90,0.02232909368450663,x,x,-1,i,0.8107665999559686,-1.0,1,-1,incongruent,CR,572943,36353,12:06:08.093111,other
1,150,other2,4,cue,right,-1.0,-1,-1,i,i,-1.0,0.1934334000106901,-1,1,none,none,576292,36353,12:06:08.093111,other
1,151,other2,4,gabor,0,0.02232909368450663,x,n,-1,i,0.5789951999904588,-1.0,0,-1,incongruent,miss,578826,36353,12:06:08.093111,other
1,152,other2,4,gabor,90,0.02232909368450663,x,x,-1,z,0.5060309000546113,-1.0,1,-1,congruent,CR,581742,36353,12:06:08.093111,other
1,153,other2,4,cue,right,-1.0,-1,-1,i,i,-1.0,0.3847563999006525,-1,1,none,none,584775,36353,12:06:08.093111,other
1,154,other2,4,gabor,0,0.02232909368450663,n,n,-1,i,0.6730990000069141,-1.0,1,-1,congruent,hit,590025,36353,12:06:08.093111,other
1,155,other2,4,gabor,0,0.02232909368450663,n,n,-1,z,0.5062102000229061,-1.0,1,-1,incongruent,hit,593225,36353,12:06:08.093111,other
1,156,other2,4,cue,left,-1.0,-1,-1,z,z,-1.0,0.3696603000862524,-1,1,none,none,598491,36353,12:06:08.093111,other
1,157,other2,4,cue,left,-1.0,-1,-1,z,z,-1.0,0.2717916000401601,-1,1,none,none,601190,36353,12:06:08.093111,other
1,158,other2,4,cue,right,-1.0,-1,-1,i,i,-1.0,0.23327700002118945,-1,1,none,none,603991,36353,12:06:08.093111,other
1,159,other2,4,cue,right,-1.0,-1,-1,i,i,-1.0,0.17852670000866055,-1,1,none,none,606758,36353,12:06:08.093111,other
1,160,other2,4,cue,right,-1.0,-1,-1,i,i,-1.0,0.3783701000502333,-1,1,none,none,609474,36353,12:06:08.093111,other
1,161,other2,5,cue,left,-1.0,-1,-1,z,z,-1.0,0.2288559000007808,-1,1,none,none,647121,36353,12:06:08.093111,other
1,162,other2,5,cue,right,-1.0,-1,-1,i,i,-1.0,0.18421880004461852,-1,1,none,none,649822,36353,12:06:08.093111,other
1,163,other2,5,gabor,90,0.02232909368450663,x,x,-1,i,0.4684283999959007,-1.0,1,-1,incongruent,CR,652539,36353,12:06:08.093111,other
1,164,other2,5,cue,right,-1.0,-1,-1,i,i,-1.0,0.2045642000157386,-1,1,none,none,655438,36353,12:06:08.093111,other
1,165,other2,5,cue,right,-1.0,-1,-1,i,i,-1.0,0.37419170001521707,-1,1,none,none,657971,36353,12:06:08.093111,other
1,166,other2,5,cue,left,-1.0,-1,-1,z,z,-1.0,0.1803008000133559,-1,1,none,none,660771,36353,12:06:08.093111,other
1,167,other2,5,gabor,0,0.02232909368450663,x,n,-1,z,0.40072759997565294,-1.0,0,-1,congruent,miss,663489,36353,12:06:08.093111,other
1,168,other2,5,cue,left,-1.0,-1,-1,z,z,-1.0,0.3265264000510797,-1,1,none,none,666220,36353,12:06:08.093111,other
1,169,other2,5,cue,left,-1.0,-1,-1,z,z,-1.0,0.3659931999864057,-1,1,none,none,668888,36353,12:06:08.093111,other
1,170,other2,5,cue,right,-1.0,-1,-1,i,i,-1.0,0.19802310003433374,-1,1,none,none,671788,36353,12:06:08.093111,other
1,171,other2,5,gabor,90,0.02232909368450663,x,x,-1,i,0.4769823999376968,-1.0,1,-1,incongruent,CR,674321,36353,12:06:08.093111,other
1,172,other2,5,gabor,0,0.02232909368450663,x,n,-1,z,0.4371701000491157,-1.0,0,-1,congruent,miss,677338,36353,12:06:08.093111,other
1,173,other2,5,cue,right,-1.0,-1,-1,i,i,-1.0,0.3751282999292016,-1,1,none,none,680105,36353,12:06:08.093111,other
1,174,other2,5,gabor,0,0.02232909368450663,n,n,-1,i,0.4198474000440911,-1.0,1,-1,congruent,hit,683021,36353,12:06:08.093111,other
1,175,other2,5,cue,right,-1.0,-1,-1,i,i,-1.0,0.3614622000604868,-1,1,none,none,685972,36353,12:06:08.093111,other
1,176,other2,5,cue,left,-1.0,-1,-1,z,z,-1.0,0.22069609991740435,-1,1,none,none,688670,36353,12:06:08.093111,other
1,177,other2,5,gabor,0,0.02232909368450663,n,n,-1,z,0.3410344999283552,-1.0,1,-1,incongruent,hit,691219,36353,12:06:08.093111,other
1,178,other2,5,gabor,90,0.02232909368450663,n,x,-1,i,0.954038199968636,-1.0,0,-1,congruent,FA,696337,36353,12:06:08.093111,other
1,179,other2,5,cue,right,-1.0,-1,-1,i,i,-1.0,0.2333734000567347,-1,1,none,none,699821,36353,12:06:08.093111,other
1,180,other2,5,gabor,90,0.02232909368450663,x,x,-1,i,0.4412972000427544,-1.0,1,-1,incongruent,CR,702385,36353,12:06:08.093111,other
1,181,other2,5,gabor,0,0.02232909368450663,n,n,-1,i,0.3218206000747159,-1.0,1,-1,congruent,hit,705371,36353,12:06:08.093111,other
1,182,other2,5,gabor,0,0.02232909368450663,n,n,-1,z,0.5988119000103325,-1.0,1,-1,incongruent,hit,708220,36353,12:06:08.093111,other
1,183,other2,5,gabor,90,0.02232909368450663,x,x,-1,z,0.6292121999431401,-1.0,1,-1,congruent,CR,711253,36353,12:06:08.093111,other
1,184,other2,5,cue,left,-1.0,-1,-1,z,z,-1.0,0.33139890001621103,-1,1,none,none,714218,36353,12:06:08.093111,other
1,185,other2,5,cue,right,-1.0,-1,-1,i,i,-1.0,0.2436587999109179,-1,1,none,none,717087,36353,12:06:08.093111,other
1,186,other2,5,cue,left,-1.0,-1,-1,z,z,-1.0,0.2882337999762967,-1,1,none,none,719870,36353,12:06:08.093111,other
1,187,other2,5,gabor,0,0.02232909368450663,n,n,-1,i,0.5678888000547886,-1.0,1,-1,congruent,hit,722486,36353,12:06:08.093111,other
1,188,other2,5,gabor,90,0.02232909368450663,x,x,-1,i,0.591094599920325,-1.0,1,-1,incongruent,CR,727718,36353,12:06:08.093111,other
1,189,other2,5,gabor,90,0.02232909368450663,x,x,-1,z,0.5100977000547573,-1.0,1,-1,congruent,CR,730634,36353,12:06:08.093111,other
1,190,other2,5,gabor,0,0.02232909368450663,n,n,-1,i,0.4756586999865249,-1.0,1,-1,congruent,hit,733486,36353,12:06:08.093111,other
1,191,other2,5,gabor,90,0.02232909368450663,x,x,-1,z,0.5775527999503538,-1.0,1,-1,congruent,CR,736301,36353,12:06:08.093111,other
1,192,other2,5,gabor,0,0.02232909368450663,n,n,-1,z,0.4936644000699744,-1.0,1,-1,incongruent,hit,742853,36353,12:06:08.093111,other
1,193,other2,5,gabor,90,0.02232909368450663,x,x,-1,z,0.5089429999934509,-1.0,1,-1,congruent,CR,745685,36353,12:06:08.093111,other
1,194,other2,5,gabor,0,0.02232909368450663,n,n,-1,i,0.4714223999762908,-1.0,1,-1,congruent,hit,750952,36353,12:06:08.093111,other
1,195,other2,5,cue,left,-1.0,-1,-1,z,z,-1.0,0.2801904999651015,-1,1,none,none,753850,36353,12:06:08.093111,other
1,196,other2,5,cue,left,-1.0,-1,-1,z,z,-1.0,0.27351809991523623,-1,1,none,none,758801,36353,12:06:08.093111,other
1,197,other2,5,cue,right,-1.0,-1,-1,i,i,-1.0,0.2405393000226468,-1,1,none,none,761418,36353,12:06:08.093111,other
1,198,other2,5,gabor,90,0.02232909368450663,x,x,-1,z,0.9783209000015632,-1.0,1,-1,congruent,CR,764101,36353,12:06:08.093111,other
1,199,other2,5,cue,right,-1.0,-1,-1,i,i,-1.0,0.21871000004466626,-1,1,none,none,767417,36353,12:06:08.093111,other
1,200,other2,5,cue,left,-1.0,-1,-1,z,z,-1.0,0.2589644999243319,-1,1,none,none,770168,36353,12:06:08.093111,other
