2,1,feet1,1,cue,white,-1,-1,-1,c,c,-1,0.5558791782041226,-1,1,none,none,-1,-1,-1,0,12979,10:44:57.612808,feet
2,2,feet1,1,gabor,0,0.016072166246627374,3,3,-1,q,0.3616943252031888,-1,1,-1,congruent,hit,q,3,1.356618676222297,2933,12979,10:44:57.612808,feet
2,3,feet1,1,cue,white,-1,-1,-1,c,c,-1,0.4883820322484098,-1,1,none,none,-1,-1,-1,7899,12979,10:44:57.612808,feet
2,4,feet1,1,gabor,90,0.016072166246627374,4,4,-1,c,0.6103681016697919,-1,1,-1,congruent,CR,q,1,1.087260228577179,10832,12979,10:44:57.612808,feet
2,5,feet1,1,cue,black,-1,-1,-1,q,q,-1,0.40993142229126533,-1,1,none,none,-1,-1,-1,15882,12979,10:44:57.612808,feet
2,6,feet1,1,gabor,0,0.016072166246627374,3,3,-1,q,0.502752669822712,-1,1,-1,congruent,hit,3,4,2.068735530579488,18732,12979,10:44:57.612808,feet
2,7,feet1,1,cue,black,-1,-1,-1,q,q,-1,0.27545513994891735,-1,1,none,none,-1,-1,-1,24649,12979,10:44:57.612808,feet
2,8,feet1,1,cue,white,-1,-1,-1,c,c,-1,0.4993366482358397,-1,1,none,none,-1,-1,-1,27466,12979,10:44:57.612808,feet
2,9,feet1,1,gabor,0,0.016072166246627374,3,3,-1,c,0.35803907458694084,-1,1,-1,incongruent,hit,c,4,3.464126589404259,30298,12979,10:44:57.612808,feet
2,10,feet1,1,cue,white,-1,-1,-1,c,c,-1,0.6387111737617488,-1,1,none,none,-1,-1,-1,37365,12979,10:44:57.612808,feet
2,11,feet1,1,cue,white,-1,-1,-1,c,c,-1,0.5834784515318461,-1,1,none,none,-1,-1,-1,40550,12979,10:44:57.612808,feet
2,12,feet1,1,cue,white,-1,-1,-1,c,c,-1,0.4753899375587025,-1,1,none,none,-1,-1,-1,43666,12979,10:44:57.612808,feet
2,13,feet1,1,cue,white,-1,-1,-1,c,c,-1,0.602251210448685,-1,1,none,none,-1,-1,-1,46682,12979,10:44:57.612808,feet
2,14,feet1,1,gabor,90,0.016072166246627374,3,4,-1,c,0.6846980587888538,-1,0,-1,incongruent,FA,3,1,1.6931666896425668,49614,12979,10:44:57.612808,feet
2,15,feet1,1,cue,black,-1,-1,-1,q,q,-1,0.29371334525512793,-1,1,none,none,-1,-1,-1,55214,12979,10:44:57.612808,feet
2,16,feet1,1,gabor,90,0.016072166246627374,3,4,-1,q,0.42754489960270803,-1,0,-1,congruent,FA,4,4,0.9454941807439354,58049,12979,10:44:57.612808,feet
2,17,feet1,1,cue,white,-1,-1,-1,c,c,-1,0.5082111620504293,-1,1,none,none,-1,-1,-1,62848,12979,10:44:57.612808,feet
2,18,feet1,1,cue,black,-1,-1,-1,q,q,-1,0.5472066458819427,-1,1,none,none,-1,-1,-1,65697,12979,10:44:57.612808,feet
2,19,feet1,1,cue,black,-1,-1,-1,q,q,-1,0.3510027459496996,-1,1,none,none,-1,-1,-1,68581,12979,10:44:57.612808,feet
2,20,feet1,1,cue,black,-1,-1,-1,q,q,-1,0.4408706861495375,-1,1,none,none,-1,-1,-1,71364,12979,10:44:57.612808,feet
2,21,feet1,1,gabor,90,0.016072166246627374,3,4,-1,q,0.7226486915942587,-1,0,-1,congruent,FA,3,1,1.4815534450326595,74248,12979,10:44:57.612808,feet
2,22,feet1,1,gabor,90,0.016072166246627374,4,4,-1,c,0.46932127690706693,-1,1,-1,congruent,CR,4,4,3.645152309788955,82530,12979,10:44:57.612808,feet
2,23,feet1,1,cue,white,-1,-1,-1,c,c,-1,0.4677925918872461,-1,1,none,none,-1,-1,-1,89880,12979,10:44:57.612808,feet
2,24,feet1,1,cue,white,-1,-1,-1,c,c,-1,0.6653965384366529,-1,1,none,none,-1,-1,-1,96546,12979,10:44:57.612808,feet
2,25,feet1,1,cue,black,-1,-1,-1,q,q,-1,0.5172392739573297,-1,1,none,none,-1,-1,-1,99646,12979,10:44:57.612808,feet
2,26,feet1,1,cue,black,-1,-1,-1,q,q,-1,0.41620782436348236,-1,1,none,none,-1,-1,-1,102596,12979,10:44:57.612808,feet
2,27,feet1,1,cue,black,-1,-1,-1,q,q,-1,0.4938386045000698,-1,1,none,none,-1,-1,-1,105446,12979,10:44:57.612808,feet
2,28,feet1,1,cue,white,-1,-1,-1,c,c,-1,0.5726302022235359,-1,1,none,none,-1,-1,-1,108481,12979,10:44:57.612808,feet
2,29,feet1,1,gabor,0,0.016072166246627374,3,3,-1,c,0.5534807439830729,-1,1,-1,incongruent,hit,c,4,2.6543213479458245,111597,12979,10:44:57.612808,feet
2,30,feet1,1,cue,black,-1,-1,-1,q,q,-1,0.45022097005676187,-1,1,none,none,-1,-1,-1,118146,12979,10:44:57.612808,feet
2,31,feet1,1,cue,black,-1,-1,-1,q,q,-1,0.7328211092931269,-1,1,none,none,-1,-1,-1,124696,12979,10:44:57.612808,feet
2,32,feet1,1,cue,black,-1,-1,-1,q,q,-1,0.2855526785779148,-1,1,none,none,-1,-1,-1,127862,12979,10:44:57.612808,feet
2,33,feet1,1,gabor,0,0.016072166246627374,3,3,-1,q,0.43030812929464446,-1,1,-1,congruent,hit,4,2,2.7343125467750724,130679,12979,10:44:57.612808,feet
2,34,feet1,1,cue,white,-1,-1,-1,c,c,-1,0.35709367832532735,-1,1,none,none,-1,-1,-1,137078,12979,10:44:57.612808,feet
2,35,feet1,1,gabor,90,0.016072166246627374,3,4,-1,q,0.5769443886583758,-1,0,-1,congruent,FA,4,1,1.2218490215227575,139879,12979,10:44:57.612808,feet
2,36,feet1,1,gabor,0,0.016072166246627374,3,3,-1,c,0.3905458069834822,-1,1,-1,incongruent,hit,q,2,3.353522522664207,144912,12979,10:44:57.612808,feet
2,37,feet1,2,gabor,0,0.016072166246627374,4,3,-1,q,0.3562611766610644,-1,0,-1,incongruent,miss,4,1,1.5472442774153023,169260,12979,10:44:57.612808,feet
2,38,feet1,2,gabor,90,0.016072166246627374,3,4,-1,c,0.726713665123043,-1,0,-1,incongruent,FA,c,1,1.2656571176012221,177410,12979,10:44:57.612808,feet
2,39,feet1,2,gabor,0,0.016072166246627374,3,3,-1,q,0.4264270894814217,-1,1,-1,congruent,hit,q,4,1.404305892137927,182844,12979,10:44:57.612808,feet
2,40,feet1,2,cue,black,-1,-1,-1,q,q,-1,0.3182057131575675,-1,1,none,none,-1,-1,-1,187910,12979,10:44:57.612808,feet
2,41,feet1,2,gabor,90,0.016072166246627374,3,4,-1,q,0.6446473560586128,-1,0,-1,congruent,FA,3,3,0.5345820346296932,196327,12979,10:44:57.612808,feet
2,42,feet1,2,cue,white,-1,-1,-1,c,c,-1,0.3803714693076472,-1,1,none,none,-1,-1,-1,200743,12979,10:44:57.612808,feet
2,43,feet1,2,cue,black,-1,-1,-1,q,q,-1,0.29624118586934856,-1,1,none,none,-1,-1,-1,203459,12979,10:44:57.612808,feet
2,44,feet1,2,gabor,90,0.016072166246627374,3,4,-1,q,0.5681032824295471,-1,0,-1,congruent,FA,c,1,1.1170686264758842,206294,12979,10:44:57.612808,feet
2,45,feet1,2,cue,black,-1,-1,-1,q,q,-1,0.4498815182710132,-1,1,none,none,-1,-1,-1,211427,12979,10:44:57.612808,feet
2,46,feet1,2,cue,black,-1,-1,-1,q,q,-1,0.5543163176089365,-1,1,none,none,-1,-1,-1,221642,12979,10:44:57.612808,feet
2,47,feet1,2,cue,black,-1,-1,-1,q,q,-1,0.3117423054077335,-1,1,none,none,-1,-1,-1,230292,12979,10:44:57.612808,feet
2,48,feet1,2,cue,black,-1,-1,-1,q,q,-1,0.285514279054496,-1,1,none,none,-1,-1,-1,233143,12979,10:44:57.612808,feet
2,49,feet1,2,gabor,0,0.016072166246627374,4,3,-1,c,0.3792928267002935,-1,0,-1,congruent,miss,4,1,2.0153651852260737,235959,12979,10:44:57.612808,feet
2,50,feet1,2,gabor,0,0.016072166246627374,3,3,-1,c,0.365338439957668,-1,1,-1,incongruent,hit,3,4,1.6243128885312217,253024,12979,10:44:57.612808,feet
2,51,feet1,2,cue,black,-1,-1,-1,q,q,-1,0.2729392031869793,-1,1,none,none,-1,-1,-1,261074,12979,10:44:57.612808,feet
2,52,feet1,2,cue,black,-1,-1,-1,q,q,-1,0.2326561833406231,-1,1,none,none,-1,-1,-1,266707,12979,10:44:57.612808,feet
2,53,feet1,2,gabor,90,0.016072166246627374,3,4,-1,c,0.5890548302950265,-1,0,-1,incongruent,FA,4,1,0.9258954480824286,278706,12979,10:44:57.612808,feet
2,54,feet1,2,cue,black,-1,-1,-1,q,q,-1,0.2226665473722278,-1,1,none,none,-1,-1,-1,283557,12979,10:44:57.612808,feet
2,55,feet1,2,gabor,0,0.016072166246627374,3,3,-1,q,0.3224580763603626,-1,1,-1,congruent,hit,q,4,1.15645232948782,286207,12979,10:44:57.612808,feet
2,56,feet1,2,gabor,90,0.016072166246627374,4,4,-1,c,0.4015441984270183,-1,1,-1,congruent,CR,c,2,1.747544254490549,302356,12979,10:44:57.612808,feet
2,57,feet1,2,cue,black,-1,-1,-1,q,q,-1,0.26500355771577233,-1,1,none,none,-1,-1,-1,314356,12979,10:44:57.612808,feet
2,58,feet1,2,cue,black,-1,-1,-1,q,q,-1,0.21167353186137916,-1,1,none,none,-1,-1,-1,319889,12979,10:44:57.612808,feet
2,59,feet1,2,cue,black,-1,-1,-1,q,q,-1,0.49513842836131516,-1,1,none,none,-1,-1,-1,325372,12979,10:44:57.612808,feet
2,60,feet1,2,gabor,0,0.016072166246627374,3,3,-1,c,0.4044514263309793,-1,1,-1,incongruent,hit,c,1,1.445395685967469,339738,12979,10:44:57.612808,feet
2,61,feet1,2,gabor,90,0.016072166246627374,3,4,-1,q,0.4625122734478282,-1,0,-1,congruent,FA,3,1,1.3704498004954075,356254,12979,10:44:57.612808,feet
2,62,feet1,2,cue,white,-1,-1,-1,c,c,-1,0.5463944959660694,-1,1,none,none,-1,-1,-1,361538,12979,10:44:57.612808,feet
2,63,feet1,2,cue,white,-1,-1,-1,c,c,-1,0.7613262273735018,-1,1,none,none,-1,-1,-1,378787,12979,10:44:57.612808,feet
2,64,feet1,2,cue,white,-1,-1,-1,c,c,-1,0.7451304604601319,-1,1,none,none,-1,-1,-1,381987,12979,10:44:57.612808,feet
2,65,feet1,2,cue,white,-1,-1,-1,c,c,-1,0.661802343061936,-1,1,none,none,-1,-1,-1,385071,12979,10:44:57.612808,feet
2,66,feet1,2,cue,white,-1,-1,-1,c,c,-1,0.6746861510969211,-1,1,none,none,-1,-1,-1,388154,12979,10:44:57.612808,feet
2,67,feet1,2,cue,white,-1,-1,-1,c,c,-1,0.337296036132102,-1,1,none,none,-1,-1,-1,394186,12979,10:44:57.612808,feet
2,68,feet1,2,cue,white,-1,-1,-1,c,c,-1,0.46625545897222764,-1,1,none,none,-1,-1,-1,396953,12979,10:44:57.612808,feet
2,69,feet1,2,cue,white,-1,-1,-1,c,c,-1,0.6031251835975127,-1,1,none,none,-1,-1,-1,399753,12979,10:44:57.612808,feet
2,70,feet1,2,cue,white,-1,-1,-1,c,c,-1,0.5979393279853866,-1,1,none,none,-1,-1,-1,402888,12979,10:44:57.612808,feet
2,71,feet1,2,cue,white,-1,-1,-1,c,c,-1,0.6206833655951414,-1,1,none,none,-1,-1,-1,405920,12979,10:44:57.612808,feet
2,72,feet1,2,cue,white,-1,-1,-1,c,c,-1,0.3082598526457332,-1,1,none,none,-1,-1,-1,414735,12979,10:44:57.612808,feet
2,73,feet1,3,cue,black,-1,-1,-1,q,q,-1,0.6725511376048416,-1,1,none,none,-1,-1,-1,425020,12979,10:44:57.612808,feet
2,74,feet1,3,gabor,0,0.016072166246627374,3,3,-1,q,0.35043827295839947,-1,1,-1,congruent,hit,q,3,1.2223025198923096,428253,12979,10:44:57.612808,feet
2,75,feet1,3,cue,white,-1,-1,-1,c,c,-1,0.3992467549524008,-1,1,none,none,-1,-1,-1,433269,12979,10:44:57.612808,feet
2,76,feet1,3,cue,white,-1,-1,-1,c,c,-1,0.6027365804229703,-1,1,none,none,-1,-1,-1,439769,12979,10:44:57.612808,feet
2,77,feet1,3,cue,black,-1,-1,-1,q,q,-1,0.2775459939889515,-1,1,none,none,-1,-1,-1,442903,12979,10:44:57.612808,feet
2,78,feet1,3,cue,white,-1,-1,-1,c,c,-1,0.5072684537549321,-1,1,none,none,-1,-1,-1,449384,12979,10:44:57.612808,feet
2,79,feet1,3,gabor,90,0.016072166246627374,3,4,-1,q,0.36794384760924004,-1,0,-1,congruent,FA,4,1,3.383939937001742,452419,12979,10:44:57.612808,feet
2,80,feet1,3,gabor,0,0.016072166246627374,3,3,-1,q,0.672376419774082,-1,1,-1,congruent,hit,q,1,1.905348631191373,463284,12979,10:44:57.612808,feet
2,81,feet1,3,gabor,0,0.016072166246627374,3,3,-1,c,0.4961084003184624,-1,1,-1,incongruent,hit,3,4,0.1078458289862283,469200,12979,10:44:57.612808,feet
2,82,feet1,3,cue,white,-1,-1,-1,c,c,-1,0.3276746515916784,-1,1,none,none,-1,-1,-1,476084,12979,10:44:57.612808,feet
2,83,feet1,3,gabor,0,0.016072166246627374,3,3,-1,q,0.7775530979006362,-1,1,-1,congruent,hit,4,3,3.133395719758937,478751,12979,10:44:57.612808,feet
2,84,feet1,3,cue,black,-1,-1,-1,q,q,-1,0.3192010287998528,-1,1,none,none,-1,-1,-1,485900,12979,10:44:57.612808,feet
2,85,feet1,3,cue,black,-1,-1,-1,q,q,-1,0.3569132005659412,-1,1,none,none,-1,-1,-1,491584,12979,10:44:57.612808,feet
2,86,feet1,3,cue,black,-1,-1,-1,q,q,-1,0.3606629140090263,-1,1,none,none,-1,-1,-1,494267,12979,10:44:57.612808,feet
2,87,feet1,3,cue,black,-1,-1,-1,q,q,-1,0.46941996368150285,-1,1,none,none,-1,-1,-1,496967,12979,10:44:57.612808,feet
2,88,feet1,3,gabor,90,0.016072166246627374,3,4,-1,q,0.5112785159658415,-1,0,-1,congruent,FA,c,1,1.0983181392816732,499866,12979,10:44:57.612808,feet
2,89,feet1,3,cue,black,-1,-1,-1,q,q,-1,0.6258565493649257,-1,1,none,none,-1,-1,-1,507650,12979,10:44:57.612808,feet
2,90,feet1,3,cue,white,-1,-1,-1,c,c,-1,0.39455970914650607,-1,1,none,none,-1,-1,-1,513433,12979,10:44:57.612808,feet
2,91,feet1,3,gabor,90,0.016072166246627374,3,4,-1,q,0.401354888777405,-1,0,-1,congruent,FA,q,1,1.378232615863908,516367,12979,10:44:57.612808,feet
2,92,feet1,3,gabor,90,0.016072166246627374,4,4,-1,c,0.6278821242153754,-1,1,-1,congruent,CR,c,2,2.3598054526555643,524216,12979,10:44:57.612808,feet
2,93,feet1,3,cue,black,-1,-1,-1,q,q,-1,0.5143704455763327,-1,1,none,none,-1,-1,-1,533265,12979,10:44:57.612808,feet
2,94,feet1,3,gabor,90,0.016072166246627374,4,4,-1,c,0.42006083252499593,-1,1,-1,congruent,CR,c,4,3.393854309904782,541782,12979,10:44:57.612808,feet
2,95,feet1,3,cue,black,-1,-1,-1,q,q,-1,0.3714324442948964,-1,1,none,none,-1,-1,-1,551665,12979,10:44:57.612808,feet
2,96,feet1,3,cue,black,-1,-1,-1,q,q,-1,0.34324527426679197,-1,1,none,none,-1,-1,-1,554365,12979,10:44:57.612808,feet
2,97,feet1,3,gabor,0,0.016072166246627374,3,3,-1,c,0.20365148746350314,-1,1,-1,incongruent,hit,q,3,2.7315631409119305,564565,12979,10:44:57.612808,feet
2,98,feet1,3,cue,white,-1,-1,-1,c,c,-1,0.4298661507818906,-1,1,none,none,-1,-1,-1,576414,12979,10:44:57.612808,feet
2,99,feet1,3,cue,black,-1,-1,-1,q,q,-1,0.32561835712249376,-1,1,none,none,-1,-1,-1,582014,12979,10:44:57.612808,feet
2,100,feet1,3,cue,white,-1,-1,-1,c,c,-1,0.3194095382109481,-1,1,none,none,-1,-1,-1,584764,12979,10:44:57.612808,feet
2,101,feet1,3,cue,black,-1,-1,-1,q,q,-1,0.3063456364125159,-1,1,none,none,-1,-1,-1,587514,12979,10:44:57.612808,feet
2,102,feet1,3,cue,white,-1,-1,-1,c,c,-1,0.40899408992936515,-1,1,none,none,-1,-1,-1,590348,12979,10:44:57.612808,feet
2,103,feet1,3,gabor,0,0.016072166246627374,3,3,-1,c,0.39774072565114693,-1,1,-1,incongruent,hit,q,4,1.1506290417901255,596114,12979,10:44:57.612808,feet
2,104,feet1,3,gabor,90,0.016072166246627374,4,4,-1,c,0.7095317984530993,-1,1,-1,congruent,CR,q,1,1.7074816479075707,600913,12979,10:44:57.612808,feet
2,105,feet1,3,cue,white,-1,-1,-1,c,c,-1,0.3271627859471664,-1,1,none,none,-1,-1,-1,609396,12979,10:44:57.612808,feet
2,106,feet1,3,cue,white,-1,-1,-1,c,c,-1,0.5249683299930439,-1,1,none,none,-1,-1,-1,612265,12979,10:44:57.612808,feet
2,107,feet1,3,cue,white,-1,-1,-1,c,c,-1,0.42672161382461127,-1,1,none,none,-1,-1,-1,615113,12979,10:44:57.612808,feet
2,108,feet1,3,cue,white,-1,-1,-1,c,c,-1,0.7405397974575862,-1,1,none,none,-1,-1,-1,618064,12979,10:44:57.612808,feet
2,109,feet1,4,cue,black,-1,-1,-1,q,q,-1,0.5153434894950806,-1,1,none,none,-1,-1,-1,639128,12979,10:44:57.612808,feet
2,110,feet1,4,gabor,90,0.016072166246627374,4,4,-1,q,0.41895761422210853,-1,1,-1,incongruent,CR,3,1,2.727960113647441,644878,12979,10:44:57.612808,feet
2,111,feet1,4,gabor,90,0.016072166246627374,3,4,-1,c,0.515409536675179,-1,0,-1,incongruent,FA,q,1,0.8723515368833432,654195,12979,10:44:57.612808,feet
2,112,feet1,4,cue,black,-1,-1,-1,q,q,-1,0.30266197014861973,-1,1,none,none,-1,-1,-1,668261,12979,10:44:57.612808,feet
2,113,feet1,4,cue,white,-1,-1,-1,c,c,-1,0.3632226262275253,-1,1,none,none,-1,-1,-1,676760,12979,10:44:57.612808,feet
2,114,feet1,4,gabor,0,0.016072166246627374,3,3,-1,c,0.35878325734711325,-1,1,-1,incongruent,hit,3,3,2.591768140606746,683327,12979,10:44:57.612808,feet
2,115,feet1,4,gabor,0,0.016072166246627374,3,3,-1,q,0.5771970575215164,-1,1,-1,congruent,hit,4,4,1.3540781637657346,695377,12979,10:44:57.612808,feet
2,116,feet1,4,cue,white,-1,-1,-1,c,c,-1,0.6267382024184371,-1,1,none,none,-1,-1,-1,703393,12979,10:44:57.612808,feet
2,117,feet1,4,cue,black,-1,-1,-1,q,q,-1,0.28052157304409775,-1,1,none,none,-1,-1,-1,706443,12979,10:44:57.612808,feet
2,118,feet1,4,gabor,0,0.016072166246627374,3,3,-1,c,0.5051553279913605,-1,1,-1,incongruent,hit,3,4,0.8840895031448781,709159,12979,10:44:57.612808,feet
2,119,feet1,4,gabor,0,0.016072166246627374,3,3,-1,q,0.45170280765796633,-1,1,-1,congruent,hit,c,3,2.241616328091368,720493,12979,10:44:57.612808,feet
2,120,feet1,4,gabor,90,0.016072166246627374,3,4,-1,c,0.4281662038883951,-1,0,-1,incongruent,FA,q,4,1.3882422195842992,729459,12979,10:44:57.612808,feet
2,121,feet1,4,cue,black,-1,-1,-1,q,q,-1,0.3625348907667103,-1,1,none,none,-1,-1,-1,741025,12979,10:44:57.612808,feet
2,122,feet1,4,cue,white,-1,-1,-1,c,c,-1,0.3864823694352708,-1,1,none,none,-1,-1,-1,743825,12979,10:44:57.612808,feet
2,123,feet1,4,cue,black,-1,-1,-1,q,q,-1,0.30630723688955186,-1,1,none,none,-1,-1,-1,746642,12979,10:44:57.612808,feet
2,124,feet1,4,cue,white,-1,-1,-1,c,c,-1,0.3890447696198862,-1,1,none,none,-1,-1,-1,749375,12979,10:44:57.612808,feet
2,125,feet1,4,cue,black,-1,-1,-1,q,q,-1,0.37587718910890544,-1,1,none,none,-1,-1,-1,752293,12979,10:44:57.612808,feet
2,126,feet1,4,cue,black,-1,-1,-1,q,q,-1,0.4956963734339297,-1,1,none,none,-1,-1,-1,755092,12979,10:44:57.612808,feet
2,127,feet1,4,cue,white,-1,-1,-1,c,c,-1,0.5362735336275364,-1,1,none,none,-1,-1,-1,761691,12979,10:44:57.612808,feet
2,128,feet1,4,cue,white,-1,-1,-1,c,c,-1,0.4782752777341557,-1,1,none,none,-1,-1,-1,764558,12979,10:44:57.612808,feet
2,129,feet1,4,cue,black,-1,-1,-1,q,q,-1,0.2877890668105465,-1,1,none,none,-1,-1,-1,770308,12979,10:44:57.612808,feet
2,130,feet1,4,gabor,0,0.016072166246627374,3,3,-1,c,0.4236892034750781,-1,1,-1,incongruent,hit,4,2,1.4626497437407124,773025,12979,10:44:57.612808,feet
2,131,feet1,4,cue,white,-1,-1,-1,c,c,-1,0.40637447445442376,-1,1,none,none,-1,-1,-1,778342,12979,10:44:57.612808,feet
2,132,feet1,4,gabor,0,0.016072166246627374,3,3,-1,q,0.4008764307181991,-1,1,-1,congruent,hit,3,2,1.108879160156448,786741,12979,10:44:57.612808,feet
2,133,feet1,4,cue,black,-1,-1,-1,q,q,-1,0.23367453869695964,-1,1,none,none,-1,-1,-1,791491,12979,10:44:57.612808,feet
2,134,feet1,4,cue,white,-1,-1,-1,c,c,-1,0.45052163832315273,-1,1,none,none,-1,-1,-1,794057,12979,10:44:57.612808,feet
2,135,feet1,4,cue,white,-1,-1,-1,c,c,-1,0.36227838195145523,-1,1,none,none,-1,-1,-1,799873,12979,10:44:57.612808,feet
2,136,feet1,4,gabor,90,0.016072166246627374,3,4,-1,q,0.2150546098819177,-1,0,-1,congruent,FA,c,1,1.438986805539571,802673,12979,10:44:57.612808,feet
2,137,feet1,4,cue,black,-1,-1,-1,q,q,-1,0.40548859745331356,-1,1,none,none,-1,-1,-1,810590,12979,10:44:57.612808,feet
2,138,feet1,4,gabor,90,0.016072166246627374,3,4,-1,c,0.6813692041200738,-1,0,-1,incongruent,FA,c,1,1.127189972808992,816989,12979,10:44:57.612808,feet
2,139,feet1,4,cue,white,-1,-1,-1,c,c,-1,0.37477435480150234,-1,1,none,none,-1,-1,-1,824973,12979,10:44:57.612808,feet
2,140,feet1,4,cue,white,-1,-1,-1,c,c,-1,0.4316659364358202,-1,1,none,none,-1,-1,-1,827773,12979,10:44:57.612808,feet
2,141,feet1,4,cue,black,-1,-1,-1,q,q,-1,0.2592378693025239,-1,1,none,none,-1,-1,-1,833472,12979,10:44:57.612808,feet
2,142,feet1,4,cue,black,-1,-1,-1,q,q,-1,0.24185248515959756,-1,1,none,none,-1,-1,-1,839923,12979,10:44:57.612808,feet
2,143,feet1,4,cue,white,-1,-1,-1,c,c,-1,0.6236416648648628,-1,1,none,none,-1,-1,-1,861988,12979,10:44:57.612808,feet
2,144,feet1,4,gabor,90,0.016072166246627374,3,4,-1,q,0.3443976439589278,-1,0,-1,congruent,FA,3,1,1.3813329933695968,864938,12979,10:44:57.612808,feet
2,145,feet1,5,cue,black,-1,-1,-1,q,q,-1,0.28310163701007696,-1,1,none,none,-1,-1,-1,889921,12979,10:44:57.612808,feet
2,146,feet1,5,cue,black,-1,-1,-1,q,q,-1,0.290871780535781,-1,1,none,none,-1,-1,-1,892721,12979,10:44:57.612808,feet
2,147,feet1,5,cue,black,-1,-1,-1,q,q,-1,0.3467818703566081,-1,1,none,none,-1,-1,-1,895337,12979,10:44:57.612808,feet
2,148,feet1,5,cue,white,-1,-1,-1,c,c,-1,0.31957235218942515,-1,1,none,none,-1,-1,-1,898021,12979,10:44:57.612808,feet
2,149,feet1,5,cue,white,-1,-1,-1,c,c,-1,0.35732522745001916,-1,1,none,none,-1,-1,-1,900871,12979,10:44:57.612808,feet
2,150,feet1,5,cue,black,-1,-1,-1,q,q,-1,0.4742525436804499,-1,1,none,none,-1,-1,-1,903553,12979,10:44:57.612808,feet
2,151,feet1,5,cue,white,-1,-1,-1,c,c,-1,0.25814885882391536,-1,1,none,none,-1,-1,-1,906554,12979,10:44:57.612808,feet
2,152,feet1,5,cue,black,-1,-1,-1,q,q,-1,0.11495127676516859,-1,1,none,none,-1,-1,-1,909338,12979,10:44:57.612808,feet
2,153,feet1,5,gabor,90,0.016072166246627374,3,4,-1,q,0.4806856158070332,-1,0,-1,congruent,FA,3,1,0.8085169374535326,914620,12979,10:44:57.612808,feet
2,154,feet1,5,cue,white,-1,-1,-1,c,c,-1,0.3513541015872761,-1,1,none,none,-1,-1,-1,919236,12979,10:44:57.612808,feet
2,155,feet1,5,cue,black,-1,-1,-1,q,q,-1,0.38827754714566254,-1,1,none,none,-1,-1,-1,922120,12979,10:44:57.612808,feet
2,156,feet1,5,cue,black,-1,-1,-1,q,q,-1,0.4108837304675035,-1,1,none,none,-1,-1,-1,927769,12979,10:44:57.612808,feet
2,157,feet1,5,gabor,0,0.016072166246627374,3,3,-1,q,0.7205923971250741,-1,1,-1,congruent,hit,c,1,1.2846030583687025,930704,12979,10:44:57.612808,feet
2,158,feet1,5,cue,black,-1,-1,-1,q,q,-1,0.2994602179019239,-1,1,none,none,-1,-1,-1,936153,12979,10:44:57.612808,feet
2,159,feet1,5,cue,black,-1,-1,-1,q,q,-1,0.2530067786674408,-1,1,none,none,-1,-1,-1,941718,12979,10:44:57.612808,feet
2,160,feet1,5,gabor,0,0.016072166246627374,4,3,-1,c,0.37430127267543867,-1,0,-1,congruent,miss,q,1,1.0622709708441107,953835,12979,10:44:57.612808,feet
2,161,feet1,5,cue,white,-1,-1,-1,c,c,-1,0.27009303052545874,-1,1,none,none,-1,-1,-1,958502,12979,10:44:57.612808,feet
2,162,feet1,5,gabor,90,0.016072166246627374,3,4,-1,c,0.23552078777447605,-1,0,-1,incongruent,FA,4,1,1.1015056837049997,967802,12979,10:44:57.612808,feet
2,163,feet1,5,gabor,0,0.016072166246627374,3,3,-1,c,0.4311686626097071,-1,1,-1,incongruent,hit,3,3,2.8361534583191315,975417,12979,10:44:57.612808,feet
2,164,feet1,5,gabor,0,0.016072166246627374,3,3,-1,c,0.4907954422833427,-1,1,-1,incongruent,hit,3,3,1.218731364231644,981918,12979,10:44:57.612808,feet
2,165,feet1,5,cue,white,-1,-1,-1,c,c,-1,0.444495985138019,-1,1,none,none,-1,-1,-1,986967,12979,10:44:57.612808,feet
2,166,feet1,5,gabor,90,0.016072166246627374,3,4,-1,q,0.5602263882292391,-1,0,-1,congruent,FA,q,1,1.9793541123390241,989751,12979,10:44:57.612808,feet
2,167,feet1,5,cue,black,-1,-1,-1,q,q,-1,0.25285126059861796,-1,1,none,none,-1,-1,-1,998367,12979,10:44:57.612808,feet
2,168,feet1,5,gabor,0,0.016072166246627374,3,3,-1,q,0.30659369733257336,-1,1,-1,congruent,hit,q,4,1.125657831832541,1000951,12979,10:44:57.612808,feet
2,169,feet1,5,gabor,90,0.016072166246627374,3,4,-1,c,0.3103745143907872,-1,0,-1,incongruent,FA,c,1,1.5793512707750779,1005617,12979,10:44:57.612808,feet
2,170,feet1,5,cue,white,-1,-1,-1,c,c,-1,0.3947467148254873,-1,1,none,none,-1,-1,-1,1017433,12979,10:44:57.612808,feet
2,171,feet1,5,cue,white,-1,-1,-1,c,c,-1,0.3764032625767868,-1,1,none,none,-1,-1,-1,1023099,12979,10:44:57.612808,feet
2,172,feet1,5,gabor,0,0.016072166246627374,3,3,-1,q,0.18527769959200668,-1,1,-1,congruent,hit,q,4,1.0412852474028114,1025799,12979,10:44:57.612808,feet
2,173,feet1,5,cue,white,-1,-1,-1,c,c,-1,0.30595050531883317,-1,1,none,none,-1,-1,-1,1030265,12979,10:44:57.612808,feet
2,174,feet1,5,gabor,90,0.016072166246627374,4,4,-1,q,0.1757745855829853,-1,1,-1,incongruent,CR,4,1,1.5237821687205724,1033101,12979,10:44:57.612808,feet
2,175,feet1,5,cue,white,-1,-1,-1,q,c,-1,0.29148425293169566,-1,0,none,none,-1,-1,-1,1038233,12979,10:44:57.612808,feet
2,176,feet1,5,cue,black,-1,-1,-1,q,q,-1,0.2303030605571621,-1,1,none,none,-1,-1,-1,1040949,12979,10:44:57.612808,feet
2,177,feet1,5,gabor,90,0.016072166246627374,3,4,-1,c,0.23513487256514054,-1,0,-1,incongruent,FA,3,1,3.0689486479332118,1046548,12979,10:44:57.612808,feet
2,178,feet1,5,cue,black,-1,-1,-1,q,q,-1,0.28242772537760175,-1,1,none,none,-1,-1,-1,1058865,12979,10:44:57.612808,feet
2,179,feet1,5,cue,white,-1,-1,-1,c,c,-1,0.23423133178403077,-1,1,none,none,-1,-1,-1,1061682,12979,10:44:57.612808,feet
2,180,feet1,5,cue,white,-1,-1,-1,c,c,-1,0.20240465494407545,-1,1,none,none,-1,-1,-1,1075681,12979,10:44:57.612808,feet
2,181,feet1,6,cue,white,-1,-1,-1,c,c,-1,0.32014296910529083,-1,1,none,none,-1,-1,-1,1094948,12979,10:44:57.612808,feet
2,182,feet1,6,cue,white,-1,-1,-1,c,c,-1,0.21623155526867777,-1,1,none,none,-1,-1,-1,1097763,12979,10:44:57.612808,feet
2,183,feet1,6,cue,white,-1,-1,-1,c,c,-1,0.2910376664767682,-1,1,none,none,-1,-1,-1,1100313,12979,10:44:57.612808,feet
2,184,feet1,6,cue,black,-1,-1,-1,q,q,-1,0.3106356311473064,-1,1,none,none,-1,-1,-1,1106598,12979,10:44:57.612808,feet
2,185,feet1,6,gabor,90,0.016072166246627374,3,4,-1,c,0.18448820539470034,-1,0,-1,incongruent,FA,4,1,0.9034255830674738,1109347,12979,10:44:57.612808,feet
2,186,feet1,6,cue,white,-1,-1,-1,c,c,-1,0.544296346016381,-1,1,none,none,-1,-1,-1,1113780,12979,10:44:57.612808,feet
2,187,feet1,6,gabor,0,0.016072166246627374,3,3,-1,q,0.19405583060324716,-1,1,-1,congruent,hit,3,2,2.3549905364370716,1116864,12979,10:44:57.612808,feet
2,188,feet1,6,cue,black,-1,-1,-1,q,q,-1,0.24575541270041867,-1,1,none,none,-1,-1,-1,1122848,12979,10:44:57.612808,feet
2,189,feet1,6,cue,black,-1,-1,-1,c,q,-1,0.48251727306615066,-1,0,none,none,-1,-1,-1,1125530,12979,10:44:57.612808,feet
2,190,feet1,6,gabor,90,0.016072166246627374,3,4,-1,c,0.17236509191479854,-1,0,-1,incongruent,FA,q,1,0.9353037152695833,1128547,12979,10:44:57.612808,feet
2,191,feet1,6,cue,black,-1,-1,-1,q,q,-1,0.46825108219491085,-1,1,none,none,-1,-1,-1,1133097,12979,10:44:57.612808,feet
2,192,feet1,6,cue,black,-1,-1,-1,q,q,-1,0.3107938371840646,-1,1,none,none,-1,-1,-1,1138829,12979,10:44:57.612808,feet
2,193,feet1,6,cue,white,-1,-1,-1,c,c,-1,0.22556955132859002,-1,1,none,none,-1,-1,-1,1141563,12979,10:44:57.612808,feet
2,194,feet1,6,cue,white,-1,-1,-1,c,c,-1,0.4572292670418392,-1,1,none,none,-1,-1,-1,1147978,12979,10:44:57.612808,feet
2,195,feet1,6,cue,black,-1,-1,-1,q,q,-1,0.23720537485769455,-1,1,none,none,-1,-1,-1,1150862,12979,10:44:57.612808,feet
2,196,feet1,6,cue,white,-1,-1,-1,c,c,-1,0.4086795978346345,-1,1,none,none,-1,-1,-1,1159195,12979,10:44:57.612808,feet
2,197,feet1,6,cue,black,-1,-1,-1,q,q,-1,0.2791848856404613,-1,1,none,none,-1,-1,-1,1168628,12979,10:44:57.612808,feet
2,198,feet1,6,cue,black,-1,-1,-1,q,q,-1,0.4149955514149042,-1,1,none,none,-1,-1,-1,1171447,12979,10:44:57.612808,feet
2,199,feet1,6,gabor,0,0.016072166246627374,3,3,-1,c,0.27756096980283473,-1,1,-1,incongruent,hit,3,1,1.010432382471663,1177861,12979,10:44:57.612808,feet
2,200,feet1,6,cue,black,-1,-1,-1,q,q,-1,0.30519864265352226,-1,1,none,none,-1,-1,-1,1185410,12979,10:44:57.612808,feet
2,201,feet1,6,cue,black,-1,-1,-1,q,q,-1,0.35892955953113415,-1,1,none,none,-1,-1,-1,1188246,12979,10:44:57.612808,feet
2,202,feet1,6,cue,black,-1,-1,-1,q,q,-1,0.4255968917887003,-1,1,none,none,-1,-1,-1,1194795,12979,10:44:57.612808,feet
2,203,feet1,6,gabor,0,0.016072166246627374,3,3,-1,q,0.20332240354855458,-1,1,-1,congruent,hit,c,1,1.2644168130009348,1197544,12979,10:44:57.612808,feet
2,204,feet1,6,gabor,0,0.016072166246627374,3,3,-1,q,0.5631739356331309,-1,1,-1,congruent,hit,4,3,3.266217750639953,1202260,12979,10:44:57.612808,feet
2,205,feet1,6,gabor,90,0.016072166246627374,3,4,-1,q,0.47474136961136537,-1,0,-1,congruent,FA,3,1,1.1106274904486781,1209427,12979,10:44:57.612808,feet
2,206,feet1,6,cue,white,-1,-1,-1,q,c,-1,0.5245724309088473,-1,0,none,none,-1,-1,-1,1214343,12979,10:44:57.612808,feet
2,207,feet1,6,gabor,0,0.016072166246627374,4,3,-1,c,0.5292913483190205,-1,0,-1,congruent,miss,3,4,1.386202436910935,1217293,12979,10:44:57.612808,feet
2,208,feet1,6,cue,black,-1,-1,-1,q,q,-1,0.21711474430321687,-1,1,none,none,-1,-1,-1,1222643,12979,10:44:57.612808,feet
2,209,feet1,6,cue,white,-1,-1,-1,c,c,-1,0.4647690134279401,-1,1,none,none,-1,-1,-1,1229060,12979,10:44:57.612808,feet
2,210,feet1,6,cue,white,-1,-1,-1,c,c,-1,0.45647778837155784,-1,1,none,none,-1,-1,-1,1232061,12979,10:44:57.612808,feet
2,211,feet1,6,cue,white,-1,-1,-1,c,c,-1,0.39335895605563564,-1,1,none,none,-1,-1,-1,1235044,12979,10:44:57.612808,feet
2,212,feet1,6,gabor,0,0.016072166246627374,3,3,-1,c,0.376160193594842,-1,1,-1,incongruent,hit,q,1,3.67406791877238,1237960,12979,10:44:57.612808,feet
2,213,feet1,6,gabor,90,0.016072166246627374,3,4,-1,q,0.2606655635763673,-1,0,-1,congruent,FA,4,1,1.2436637906703254,1245243,12979,10:44:57.612808,feet
2,214,feet1,6,gabor,90,0.016072166246627374,3,4,-1,q,0.11734510304268042,-1,0,-1,congruent,FA,c,1,3.8072443772534825,1252908,12979,10:44:57.612808,feet
2,215,feet1,6,gabor,90,0.016072166246627374,3,4,-1,c,0.14480729007300397,-1,0,-1,incongruent,FA,q,1,1.1147761749389247,1260176,12979,10:44:57.612808,feet
2,216,feet1,6,cue,white,-1,-1,-1,c,c,-1,0.400604178098547,-1,1,none,none,-1,-1,-1,1264876,12979,10:44:57.612808,feet
2,217,feet1,7,gabor,90,0.016072166246627374,3,4,-1,c,0.06984182084397617,-1,0,-1,incongruent,FA,3,1,0.7689036052925076,1276625,12979,10:44:57.612808,feet
2,218,feet1,7,cue,black,-1,-1,-1,q,q,-1,0.09464176892743126,-1,1,none,none,-1,-1,-1,1280942,12979,10:44:57.612808,feet
2,219,feet1,7,cue,black,-1,-1,-1,q,q,-1,0.20553575206758978,-1,1,none,none,-1,-1,-1,1283375,12979,10:44:57.612808,feet
2,220,feet1,7,cue,black,-1,-1,-1,q,q,-1,0.2822737432888971,-1,1,none,none,-1,-1,-1,1288840,12979,10:44:57.612808,feet
2,221,feet1,7,cue,white,-1,-1,-1,c,c,-1,0.4592195143304707,-1,1,none,none,-1,-1,-1,1291457,12979,10:44:57.612808,feet
2,222,feet1,7,gabor,0,0.016072166246627374,3,3,-1,c,0.12688892054757162,-1,1,-1,incongruent,hit,c,1,3.6508611669078164,1294442,12979,10:44:57.612808,feet
2,223,feet1,7,cue,white,-1,-1,-1,c,c,-1,0.6344638024975211,-1,1,none,none,-1,-1,-1,1301658,12979,10:44:57.612808,feet
2,224,feet1,7,cue,white,-1,-1,-1,c,c,-1,0.3123920253401593,-1,1,none,none,-1,-1,-1,1304724,12979,10:44:57.612808,feet
2,225,feet1,7,gabor,90,0.016072166246627374,3,4,-1,c,0.07328011415393121,-1,0,-1,incongruent,FA,c,1,1.4962535505155756,1307374,12979,10:44:57.612808,feet
2,226,feet1,7,cue,white,-1,-1,-1,c,c,-1,0.2647386010057744,-1,1,none,none,-1,-1,-1,1315107,12979,10:44:57.612808,feet
2,227,feet1,7,gabor,90,0.016072166246627374,3,4,-1,c,0.08047695279765321,-1,0,-1,incongruent,FA,4,1,2.2484952186832743,1317908,12979,10:44:57.612808,feet
2,228,feet1,7,cue,white,-1,-1,-1,c,c,-1,0.6021348598942495,-1,1,none,none,-1,-1,-1,1323473,12979,10:44:57.612808,feet
2,229,feet1,7,gabor,90,0.016072166246627374,3,4,-1,q,0.3730555921420091,-1,0,-1,congruent,FA,q,1,3.550979015044504,1326506,12979,10:44:57.612808,feet
2,230,feet1,7,cue,white,-1,-1,-1,c,c,-1,0.5684684618954634,-1,1,none,none,-1,-1,-1,1354539,12979,10:44:57.612808,feet
2,231,feet1,7,gabor,0,0.016072166246627374,3,3,-1,q,0.13325632948999555,-1,1,-1,congruent,hit,c,4,2.3962796237919974,1357640,12979,10:44:57.612808,feet
2,232,feet1,7,gabor,0,0.016072166246627374,3,3,-1,q,0.20978734728032578,-1,1,-1,congruent,hit,q,2,1.78572682041613,1366438,12979,10:44:57.612808,feet
2,233,feet1,7,cue,black,-1,-1,-1,q,q,-1,0.29946789780660765,-1,1,none,none,-1,-1,-1,1374505,12979,10:44:57.612808,feet
2,234,feet1,7,cue,black,-1,-1,-1,q,q,-1,0.2732471673634791,-1,1,none,none,-1,-1,-1,1377339,12979,10:44:57.612808,feet
2,235,feet1,7,cue,white,-1,-1,-1,c,c,-1,0.36207563246807695,-1,1,none,none,-1,-1,-1,1380139,12979,10:44:57.612808,feet
2,236,feet1,7,gabor,0,0.016072166246627374,4,3,-1,c,0.06997813915131701,-1,0,-1,congruent,miss,3,1,1.17577151362093,1383040,12979,10:44:57.612808,feet
2,237,feet1,7,cue,black,-1,-1,-1,q,q,-1,0.20038829597888252,-1,1,none,none,-1,-1,-1,1391188,12979,10:44:57.612808,feet
2,238,feet1,7,cue,black,-1,-1,-1,q,q,-1,0.34726800832049776,-1,1,none,none,-1,-1,-1,1393922,12979,10:44:57.612808,feet
2,239,feet1,7,gabor,90,0.016072166246627374,4,4,-1,q,0.12712123766232253,-1,1,-1,incongruent,CR,4,1,1.1880459212225105,1396704,12979,10:44:57.612808,feet
2,240,feet1,7,gabor,0,0.016072166246627374,3,3,-1,c,0.05181746863399894,-1,1,-1,incongruent,hit,4,1,1.4258019452436201,1401355,12979,10:44:57.612808,feet
2,241,feet1,7,cue,white,-1,-1,-1,c,c,-1,0.2095269985129562,-1,1,none,none,-1,-1,-1,1406170,12979,10:44:57.612808,feet
2,242,feet1,7,cue,black,-1,-1,-1,q,q,-1,0.3313709896974615,-1,1,none,none,-1,-1,-1,1408704,12979,10:44:57.612808,feet
2,243,feet1,7,cue,black,-1,-1,-1,q,q,-1,0.2412403967591672,-1,1,none,none,-1,-1,-1,1411370,12979,10:44:57.612808,feet
2,244,feet1,7,cue,white,-1,-1,-1,c,c,-1,0.45509194957776344,-1,1,none,none,-1,-1,-1,1414037,12979,10:44:57.612808,feet
2,245,feet1,7,cue,white,-1,-1,-1,c,c,-1,0.45606844945450575,-1,1,none,none,-1,-1,-1,1417022,12979,10:44:57.612808,feet
2,246,feet1,7,cue,black,-1,-1,-1,q,q,-1,0.6375015887797417,-1,1,none,none,-1,-1,-1,1423470,12979,10:44:57.612808,feet
2,247,feet1,7,cue,white,-1,-1,-1,q,c,-1,0.5513918099195507,-1,0,none,none,-1,-1,-1,1426436,12979,10:44:57.612808,feet
2,248,feet1,7,cue,black,-1,-1,-1,q,q,-1,0.296258081659289,-1,1,none,none,-1,-1,-1,1429420,12979,10:44:57.612808,feet
2,249,feet1,7,gabor,90,0.016072166246627374,3,4,-1,q,0.07753900527586666,-1,0,-1,congruent,FA,c,1,1.0754731109254863,1441586,12979,10:44:57.612808,feet
2,250,feet1,7,cue,black,-1,-1,-1,q,q,-1,0.4201510714037795,-1,1,none,none,-1,-1,-1,1448919,12979,10:44:57.612808,feet
2,251,feet1,7,gabor,0,0.016072166246627374,3,3,-1,q,0.29204027802825294,-1,1,-1,congruent,hit,4,1,1.2428666165678806,1451770,12979,10:44:57.612808,feet
2,252,feet1,7,cue,white,-1,-1,-1,c,c,-1,0.30312737237090914,-1,1,none,none,-1,-1,-1,1468069,12979,10:44:57.612808,feet
2,253,feet1,8,cue,black,-1,-1,-1,q,q,-1,0.26721882621041004,-1,1,none,none,-1,-1,-1,1480784,12979,10:44:57.612808,feet
2,254,feet1,8,gabor,90,0.016072166246627374,3,4,-1,q,0.2112108176061156,-1,0,-1,congruent,FA,3,1,0.7091462672397029,1483434,12979,10:44:57.612808,feet
2,255,feet1,8,cue,black,-1,-1,-1,q,q,-1,0.31195004682831495,-1,1,none,none,-1,-1,-1,1487685,12979,10:44:57.612808,feet
2,256,feet1,8,cue,black,-1,-1,-1,c,q,-1,0.49158877643367305,-1,0,none,none,-1,-1,-1,1493167,12979,10:44:57.612808,feet
2,257,feet1,8,cue,white,-1,-1,-1,c,c,-1,0.31431776143017487,-1,1,none,none,-1,-1,-1,1498817,12979,10:44:57.612808,feet
2,258,feet1,8,gabor,0,0.016072166246627374,3,3,-1,c,0.13209551190175262,-1,1,-1,incongruent,hit,3,2,1.7810021430768757,1501467,12979,10:44:57.612808,feet
2,259,feet1,8,gabor,0,0.016072166246627374,3,3,-1,q,0.4687982754003315,-1,1,-1,congruent,hit,4,2,4.113741307787677,1506819,12979,10:44:57.612808,feet
2,260,feet1,8,cue,black,-1,-1,-1,q,q,-1,0.2733220464333499,-1,1,none,none,-1,-1,-1,1514851,12979,10:44:57.612808,feet
2,261,feet1,8,gabor,90,0.016072166246627374,3,4,-1,q,0.33823298449897266,-1,0,-1,congruent,FA,4,1,1.2811106217304769,1517450,12979,10:44:57.612808,feet
2,262,feet1,8,gabor,90,0.016072166246627374,3,4,-1,c,0.08049922452119063,-1,0,-1,incongruent,FA,3,4,0.8214982802774102,1528817,12979,10:44:57.612808,feet
2,263,feet1,8,cue,white,-1,-1,-1,c,c,-1,0.42116366683239903,-1,1,none,none,-1,-1,-1,1535982,12979,10:44:57.612808,feet
2,264,feet1,8,cue,black,-1,-1,-1,q,q,-1,0.3087348547478541,-1,1,none,none,-1,-1,-1,1544400,12979,10:44:57.612808,feet
2,265,feet1,8,cue,black,-1,-1,-1,q,q,-1,0.2834138251337208,-1,1,none,none,-1,-1,-1,1547033,12979,10:44:57.612808,feet
2,266,feet1,8,cue,white,-1,-1,-1,c,c,-1,0.2855603584821438,-1,1,none,none,-1,-1,-1,1581416,12979,10:44:57.612808,feet
2,267,feet1,8,cue,white,-1,-1,-1,c,c,-1,0.4602927810046822,-1,1,none,none,-1,-1,-1,1584232,12979,10:44:57.612808,feet
2,268,feet1,8,cue,black,-1,-1,-1,q,q,-1,0.6361491575726177,-1,1,none,none,-1,-1,-1,1587232,12979,10:44:57.612808,feet
2,269,feet1,8,gabor,90,0.016072166246627374,3,4,-1,c,0.26802483220308204,-1,0,-1,incongruent,FA,3,1,1.4059651355364622,1590298,12979,10:44:57.612808,feet
2,270,feet1,8,cue,white,-1,-1,-1,c,c,-1,0.30968716292409226,-1,1,none,none,-1,-1,-1,1595416,12979,10:44:57.612808,feet
2,271,feet1,8,gabor,90,0.016072166246627374,3,4,-1,q,0.23351326069951028,-1,0,-1,congruent,FA,q,1,1.6595179554251445,1598148,12979,10:44:57.612808,feet
2,272,feet1,8,cue,white,-1,-1,-1,c,c,-1,0.35318883080708474,-1,1,none,none,-1,-1,-1,1606313,12979,10:44:57.612808,feet
2,273,feet1,8,gabor,0,0.016072166246627374,3,3,-1,c,0.2169569222623977,-1,1,-1,incongruent,hit,q,2,1.3697643690056793,1608998,12979,10:44:57.612808,feet
2,274,feet1,8,cue,white,-1,-1,-1,c,c,-1,0.2736184907525967,-1,1,none,none,-1,-1,-1,1613931,12979,10:44:57.612808,feet
2,275,feet1,8,cue,black,-1,-1,-1,q,q,-1,0.2415283931832164,-1,1,none,none,-1,-1,-1,1616530,12979,10:44:57.612808,feet
2,276,feet1,8,cue,black,-1,-1,-1,q,q,-1,0.24237663865096692,-1,1,none,none,-1,-1,-1,1619097,12979,10:44:57.612808,feet
2,277,feet1,8,cue,white,-1,-1,-1,c,c,-1,0.32425402206263243,-1,1,none,none,-1,-1,-1,1621864,12979,10:44:57.612808,feet
2,278,feet1,8,cue,black,-1,-1,-1,q,q,-1,0.37586336528056563,-1,1,none,none,-1,-1,-1,1628180,12979,10:44:57.612808,feet
2,279,feet1,8,gabor,90,0.016072166246627374,3,4,-1,c,0.2876423806319508,-1,0,-1,incongruent,FA,c,1,0.8686436789203071,1630880,12979,10:44:57.612808,feet
2,280,feet1,8,cue,black,-1,-1,-1,q,q,-1,0.3083930989905639,-1,1,none,none,-1,-1,-1,1635280,12979,10:44:57.612808,feet
2,281,feet1,8,gabor,0,0.016072166246627374,3,3,-1,c,0.01944398258365254,-1,1,-1,incongruent,hit,q,1,0.9234409505570511,1653012,12979,10:44:57.612808,feet
2,282,feet1,8,gabor,0,0.016072166246627374,3,3,-1,q,0.0036994100682932185,-1,1,-1,congruent,hit,3,1,1.2776823122967471,1663796,12979,10:44:57.612808,feet
2,283,feet1,8,cue,white,-1,-1,-1,c,c,-1,0.2994990014203722,-1,1,none,none,-1,-1,-1,1668513,12979,10:44:57.612808,feet
2,284,feet1,8,cue,white,-1,-1,-1,c,c,-1,0.5758791858843324,-1,1,none,none,-1,-1,-1,1676811,12979,10:44:57.612808,feet
2,285,feet1,8,gabor,0,0.016072166246627374,3,3,-1,q,0.08875013007855159,-1,1,-1,congruent,hit,3,2,2.79564810523334,1682545,12979,10:44:57.612808,feet
2,286,feet1,8,cue,white,-1,-1,-1,c,c,-1,0.34697617194342456,-1,1,none,none,-1,-1,-1,1697161,12979,10:44:57.612808,feet
2,287,feet1,8,cue,black,-1,-1,-1,q,q,-1,0.319720190354019,-1,1,none,none,-1,-1,-1,1700046,12979,10:44:57.612808,feet
2,288,feet1,8,cue,white,-1,-1,-1,c,c,-1,0.6843827987031545,-1,1,none,none,-1,-1,-1,1705527,12979,10:44:57.612808,feet
2,289,feet1,9,cue,white,-1,-1,-1,c,c,-1,0.582435136485401,-1,1,none,none,-1,-1,-1,1724094,12979,10:44:57.612808,feet
2,290,feet1,9,gabor,90,0.016072166246627374,3,4,-1,c,0.2839134029318302,-1,0,-1,incongruent,FA,3,1,0.6779673903574803,1730110,12979,10:44:57.612808,feet
2,291,feet1,9,cue,black,-1,-1,-1,q,q,-1,0.5085413979504665,-1,1,none,none,-1,-1,-1,1740160,12979,10:44:57.612808,feet
2,292,feet1,9,gabor,0,0.016072166246627374,3,3,-1,q,0.1032927975165876,-1,1,-1,congruent,hit,3,1,1.992283999801657,1742993,12979,10:44:57.612808,feet
2,293,feet1,9,gabor,0,0.016072166246627374,4,3,-1,q,0.4116935764131995,-1,0,-1,incongruent,miss,c,1,1.2596114966636378,1752094,12979,10:44:57.612808,feet
2,294,feet1,9,cue,black,-1,-1,-1,q,q,-1,0.40225266963079775,-1,1,none,none,-1,-1,-1,1759825,12979,10:44:57.612808,feet
2,295,feet1,9,gabor,90,0.016072166246627374,3,4,-1,q,0.19812810004168568,-1,0,-1,congruent,FA,3,1,0.6901895746068476,1762559,12979,10:44:57.612808,feet
2,296,feet1,9,gabor,0,0.016072166246627374,3,3,-1,c,0.4398738345262245,-1,1,-1,incongruent,hit,c,4,1.1668236567174972,1766793,12979,10:44:57.612808,feet
2,297,feet1,9,gabor,90,0.016072166246627374,3,4,-1,q,0.24058069295006135,-1,0,-1,congruent,FA,c,3,1.084578789869738,1771642,12979,10:44:57.612808,feet
2,298,feet1,9,cue,black,-1,-1,-1,q,q,-1,0.3142989456637224,-1,1,none,none,-1,-1,-1,1779242,12979,10:44:57.612808,feet
2,299,feet1,9,cue,white,-1,-1,-1,c,c,-1,0.5148377677742246,-1,1,none,none,-1,-1,-1,1784825,12979,10:44:57.612808,feet
2,300,feet1,9,cue,black,-1,-1,-1,c,q,-1,0.08357195437110931,-1,0,none,none,-1,-1,-1,1790608,12979,10:44:57.612808,feet
2,301,feet1,9,cue,black,-1,-1,-1,c,q,-1,0.49142058652250853,-1,0,none,none,-1,-1,-1,1793226,12979,10:44:57.612808,feet
2,302,feet1,9,cue,white,-1,-1,-1,q,c,-1,0.4222987567391101,-1,0,none,none,-1,-1,-1,1796141,12979,10:44:57.612808,feet
2,303,feet1,9,gabor,0,0.016072166246627374,3,3,-1,c,0.18758243897718785,-1,1,-1,incongruent,hit,3,1,0.7406553800228721,1805591,12979,10:44:57.612808,feet
2,304,feet1,9,cue,white,-1,-1,-1,c,c,-1,0.44885625100050675,-1,1,none,none,-1,-1,-1,1822124,12979,10:44:57.612808,feet
2,305,feet1,9,cue,black,-1,-1,-1,q,q,-1,0.6703362531052335,-1,1,none,none,-1,-1,-1,1828773,12979,10:44:57.612808,feet
2,306,feet1,9,gabor,90,0.016072166246627374,4,4,-1,q,0.45623817534669797,-1,1,-1,incongruent,CR,4,1,1.2542586031258907,1831773,12979,10:44:57.612808,feet
2,307,feet1,9,cue,white,-1,-1,-1,c,c,-1,0.7529340115715968,-1,1,none,none,-1,-1,-1,1836723,12979,10:44:57.612808,feet
2,308,feet1,9,cue,black,-1,-1,-1,q,q,-1,0.3316743459317877,-1,1,none,none,-1,-1,-1,1842640,12979,10:44:57.612808,feet
2,309,feet1,9,cue,white,-1,-1,-1,c,c,-1,0.5854030356358635,-1,1,none,none,-1,-1,-1,1845507,12979,10:44:57.612808,feet
2,310,feet1,9,cue,white,-1,-1,-1,c,c,-1,0.4692606056605655,-1,1,none,none,-1,-1,-1,1848624,12979,10:44:57.612808,feet
2,311,feet1,9,cue,white,-1,-1,-1,c,c,-1,0.7851995949622506,-1,1,none,none,-1,-1,-1,1851522,12979,10:44:57.612808,feet
2,312,feet1,9,cue,black,-1,-1,-1,c,q,-1,0.44628386693966604,-1,0,none,none,-1,-1,-1,1866805,12979,10:44:57.612808,feet
2,313,feet1,9,cue,black,-1,-1,-1,q,q,-1,0.33975936554725195,-1,1,none,none,-1,-1,-1,1873255,12979,10:44:57.612808,feet
2,314,feet1,9,cue,white,-1,-1,-1,c,c,-1,0.4346760750613612,-1,1,none,none,-1,-1,-1,1875922,12979,10:44:57.612808,feet
2,315,feet1,9,cue,black,-1,-1,-1,q,q,-1,0.4711790458404721,-1,1,none,none,-1,-1,-1,1885188,12979,10:44:57.612808,feet
2,316,feet1,9,gabor,90,0.016072166246627374,4,4,-1,c,0.12497508830892912,-1,1,-1,congruent,CR,3,1,0.733033842651821,1888089,12979,10:44:57.612808,feet
2,317,feet1,9,gabor,0,0.016072166246627374,3,3,-1,c,0.1325286585242793,-1,1,-1,incongruent,hit,4,1,1.6524731788931604,1895221,12979,10:44:57.612808,feet
2,318,feet1,9,cue,black,-1,-1,-1,q,q,-1,0.2932548549479179,-1,1,none,none,-1,-1,-1,1900455,12979,10:44:57.612808,feet
2,319,feet1,9,cue,white,-1,-1,-1,c,c,-1,0.16516364532799344,-1,1,none,none,-1,-1,-1,1903071,12979,10:44:57.612808,feet
2,320,feet1,9,cue,white,-1,-1,-1,c,c,-1,0.3091718413224953,-1,1,none,none,-1,-1,-1,1905671,12979,10:44:57.612808,feet
2,321,feet1,9,cue,white,-1,-1,-1,c,c,-1,0.7296719643927645,-1,1,none,none,-1,-1,-1,1911972,12979,10:44:57.612808,feet
2,322,feet1,9,cue,black,-1,-1,-1,q,q,-1,0.37524167699939426,-1,1,none,none,-1,-1,-1,1918803,12979,10:44:57.612808,feet
2,323,feet1,9,gabor,90,0.016072166246627374,3,4,-1,c,0.171138611142851,-1,0,-1,incongruent,FA,q,1,1.0939348337051342,1921603,12979,10:44:57.612808,feet
2,324,feet1,9,gabor,0,0.016072166246627374,3,3,-1,q,0.3633420487449257,-1,1,-1,congruent,hit,q,1,1.0692784998382194,1933637,12979,10:44:57.612808,feet
2,325,feet1,10,cue,white,-1,-1,-1,c,c,-1,0.580078173748916,-1,1,none,none,-1,-1,-1,1956936,12979,10:44:57.612808,feet
2,326,feet1,10,cue,white,-1,-1,-1,c,c,-1,0.5987434140015466,-1,1,none,none,-1,-1,-1,1963686,12979,10:44:57.612808,feet
2,327,feet1,10,gabor,0,0.016072166246627374,3,3,-1,q,0.15639012226074556,-1,1,-1,congruent,hit,c,1,1.583363636957074,1966820,12979,10:44:57.612808,feet
2,328,feet1,10,gabor,0,0.016072166246627374,3,3,-1,c,0.05508949200884672,-1,1,-1,incongruent,hit,3,3,1.4390781964057169,1974635,12979,10:44:57.612808,feet
2,329,feet1,10,cue,black,-1,-1,-1,q,q,-1,0.37974018114618957,-1,1,none,none,-1,-1,-1,1979570,12979,10:44:57.612808,feet
2,330,feet1,10,cue,black,-1,-1,-1,c,q,-1,0.4845094403308394,-1,0,none,none,-1,-1,-1,2000951,12979,10:44:57.612808,feet
2,331,feet1,10,cue,white,-1,-1,-1,c,c,-1,0.6063607274254537,-1,1,none,none,-1,-1,-1,2007534,12979,10:44:57.612808,feet
2,332,feet1,10,cue,white,-1,-1,-1,c,c,-1,0.6938033537371666,-1,1,none,none,-1,-1,-1,2014134,12979,10:44:57.612808,feet
2,333,feet1,10,cue,black,-1,-1,-1,q,q,-1,0.3566732035460518,-1,1,none,none,-1,-1,-1,2017369,12979,10:44:57.612808,feet
2,334,feet1,10,cue,black,-1,-1,-1,q,q,-1,0.5762397574071656,-1,1,none,none,-1,-1,-1,2022883,12979,10:44:57.612808,feet
2,335,feet1,10,cue,black,-1,-1,-1,q,q,-1,0.5001768298043316,-1,1,none,none,-1,-1,-1,2025984,12979,10:44:57.612808,feet
2,336,feet1,10,cue,white,-1,-1,-1,c,c,-1,0.5349368462238999,-1,1,none,none,-1,-1,-1,2028917,12979,10:44:57.612808,feet
2,337,feet1,10,gabor,0,0.016072166246627374,3,3,-1,c,0.20964296507281688,-1,1,-1,incongruent,hit,3,2,1.165682806881705,2031985,12979,10:44:57.612808,feet
2,338,feet1,10,gabor,90,0.016072166246627374,3,4,-1,q,0.1873650976749559,-1,0,-1,congruent,FA,q,1,1.3191453494910093,2039633,12979,10:44:57.612808,feet
2,339,feet1,10,cue,white,-1,-1,-1,c,c,-1,0.41599701098130026,-1,1,none,none,-1,-1,-1,2044483,12979,10:44:57.612808,feet
2,340,feet1,10,gabor,90,0.016072166246627374,4,4,-1,q,0.19495207547515747,-1,1,-1,incongruent,CR,c,3,1.5478436939729363,2047334,12979,10:44:57.612808,feet
2,341,feet1,10,cue,black,-1,-1,-1,q,q,-1,0.7014406349126148,-1,1,none,none,-1,-1,-1,2056183,12979,10:44:57.612808,feet
2,342,feet1,10,cue,white,-1,-1,-1,c,c,-1,0.3352001901539552,-1,1,none,none,-1,-1,-1,2059316,12979,10:44:57.612808,feet
2,343,feet1,10,cue,white,-1,-1,-1,c,c,-1,0.5238808554950083,-1,1,none,none,-1,-1,-1,2065016,12979,10:44:57.612808,feet
2,344,feet1,10,cue,black,-1,-1,-1,q,q,-1,0.28050390926364344,-1,1,none,none,-1,-1,-1,2070699,12979,10:44:57.612808,feet
2,345,feet1,10,gabor,0,0.016072166246627374,3,3,-1,q,0.3614389683734771,-1,1,-1,congruent,hit,c,1,1.4862623785666074,2073516,12979,10:44:57.612808,feet
2,346,feet1,10,cue,black,-1,-1,-1,q,q,-1,0.6109007030572684,-1,1,none,none,-1,-1,-1,2082466,12979,10:44:57.612808,feet
2,347,feet1,10,cue,black,-1,-1,-1,q,q,-1,0.4857988963212847,-1,1,none,none,-1,-1,-1,2085399,12979,10:44:57.612808,feet
2,348,feet1,10,cue,black,-1,-1,-1,q,q,-1,0.5205312650832639,-1,1,none,none,-1,-1,-1,2088315,12979,10:44:57.612808,feet
2,349,feet1,10,cue,white,-1,-1,-1,c,c,-1,0.5633114059255604,-1,1,none,none,-1,-1,-1,2091265,12979,10:44:57.612808,feet
2,350,feet1,10,gabor,90,0.016072166246627374,3,4,-1,c,0.05901161931160459,-1,0,-1,incongruent,FA,c,1,1.0058010159746118,2100865,12979,10:44:57.612808,feet
2,351,feet1,10,gabor,90,0.016072166246627374,3,4,-1,q,0.6603109055795358,-1,0,-1,congruent,FA,4,1,1.6822996245673494,2108932,12979,10:44:57.612808,feet
2,352,feet1,10,cue,white,-1,-1,-1,c,c,-1,0.46907091201501316,-1,1,none,none,-1,-1,-1,2114614,12979,10:44:57.612808,feet
2,353,feet1,10,cue,white,-1,-1,-1,c,c,-1,0.4825863922069402,-1,1,none,none,-1,-1,-1,2124114,12979,10:44:57.612808,feet
2,354,feet1,10,cue,black,-1,-1,-1,q,q,-1,0.2933059263141331,-1,1,none,none,-1,-1,-1,2127030,12979,10:44:57.612808,feet
2,355,feet1,10,gabor,0,0.016072166246627374,3,3,-1,c,0.2042263283256034,-1,1,-1,incongruent,hit,3,4,1.0222367799087806,2129647,12979,10:44:57.612808,feet
2,356,feet1,10,cue,white,-1,-1,-1,c,c,-1,0.5619628146696414,-1,1,none,none,-1,-1,-1,2134114,12979,10:44:57.612808,feet
2,357,feet1,10,gabor,90,0.016072166246627374,3,4,-1,c,0.52270967003642,-1,0,-1,incongruent,FA,4,1,0.8667033510118927,2137014,12979,10:44:57.612808,feet
2,358,feet1,10,gabor,90,0.016072166246627374,3,4,-1,c,0.6874781842707307,-1,0,-1,incongruent,FA,3,1,1.1374284376888681,2141646,12979,10:44:57.612808,feet
2,359,feet1,10,gabor,0,0.016072166246627374,3,3,-1,q,0.19265232802808896,-1,1,-1,congruent,hit,c,2,3.6465688682010295,2156146,12979,10:44:57.612808,feet
2,360,feet1,10,cue,black,-1,-1,-1,q,q,-1,0.28222843185176316,-1,1,none,none,-1,-1,-1,2163329,12979,10:44:57.612808,feet
2,361,feet1,11,cue,white,-1,-1,-1,c,c,-1,0.6157893463596338,-1,1,none,none,-1,-1,-1,2189412,12979,10:44:57.612808,feet
2,362,feet1,11,cue,white,-1,-1,-1,c,c,-1,0.2571927106955627,-1,1,none,none,-1,-1,-1,2198195,12979,10:44:57.612808,feet
2,363,feet1,11,cue,white,-1,-1,-1,c,c,-1,0.33824834430834017,-1,1,none,none,-1,-1,-1,2200778,12979,10:44:57.612808,feet
2,364,feet1,11,cue,white,-1,-1,-1,c,c,-1,0.34302178904090397,-1,1,none,none,-1,-1,-1,2203445,12979,10:44:57.612808,feet
2,365,feet1,11,cue,black,-1,-1,-1,c,q,-1,0.6917017478317575,-1,0,none,none,-1,-1,-1,2209145,12979,10:44:57.612808,feet
2,366,feet1,11,cue,black,-1,-1,-1,q,q,-1,0.2532771113119452,-1,1,none,none,-1,-1,-1,2215094,12979,10:44:57.612808,feet
2,367,feet1,11,cue,black,-1,-1,-1,q,q,-1,0.2815921517521929,-1,1,none,none,-1,-1,-1,2227011,12979,10:44:57.612808,feet
2,368,feet1,11,cue,black,-1,-1,-1,q,q,-1,0.28330093053591554,-1,1,none,none,-1,-1,-1,2232560,12979,10:44:57.612808,feet
2,369,feet1,11,cue,black,-1,-1,-1,q,q,-1,0.4712266612505118,-1,1,none,none,-1,-1,-1,2235277,12979,10:44:57.612808,feet
2,370,feet1,11,gabor,90,0.016072166246627374,3,4,-1,c,0.08495740916896466,-1,0,-1,incongruent,FA,3,1,0.7879612886727045,2238279,12979,10:44:57.612808,feet
2,371,feet1,11,cue,black,-1,-1,-1,q,q,-1,0.4337061031046687,-1,1,none,none,-1,-1,-1,2245227,12979,10:44:57.612808,feet
2,372,feet1,11,gabor,0,0.016072166246627374,4,3,-1,c,0.13242459581670118,-1,0,-1,congruent,miss,c,1,1.401299209469471,2247993,12979,10:44:57.612808,feet
2,373,feet1,11,cue,black,-1,-1,-1,q,q,-1,0.18716964410214132,-1,1,none,none,-1,-1,-1,2252977,12979,10:44:57.612808,feet
2,374,feet1,11,gabor,0,0.016072166246627374,3,3,-1,c,0.5819201988788336,-1,1,-1,incongruent,hit,4,1,1.3207627374094955,2258427,12979,10:44:57.612808,feet
2,375,feet1,11,cue,white,-1,-1,-1,c,c,-1,0.4221159750077277,-1,1,none,none,-1,-1,-1,2273726,12979,10:44:57.612808,feet
2,376,feet1,11,gabor,90,0.016072166246627374,3,4,-1,c,0.12880006481827877,-1,0,-1,incongruent,FA,q,1,2.1837670623481245,2276677,12979,10:44:57.612808,feet
2,377,feet1,11,cue,white,-1,-1,-1,c,c,-1,0.5673034203609859,-1,1,none,none,-1,-1,-1,2286108,12979,10:44:57.612808,feet
2,378,feet1,11,cue,black,-1,-1,-1,q,q,-1,0.2711294336568244,-1,1,none,none,-1,-1,-1,2289108,12979,10:44:57.612808,feet
2,379,feet1,11,gabor,0,0.016072166246627374,3,3,-1,q,0.30564023717124655,-1,1,-1,congruent,hit,3,2,0.9206658170132869,2295575,12979,10:44:57.612808,feet
2,380,feet1,11,gabor,90,0.016072166246627374,3,4,-1,q,0.4714562903982369,-1,0,-1,congruent,FA,c,1,4.080346394419394,2300142,12979,10:44:57.612808,feet
2,381,feet1,11,cue,black,-1,-1,-1,q,q,-1,0.355799998387738,-1,1,none,none,-1,-1,-1,2311608,12979,10:44:57.612808,feet
2,382,feet1,11,cue,white,-1,-1,-1,c,c,-1,0.5176597487361505,-1,1,none,none,-1,-1,-1,2314391,12979,10:44:57.612808,feet
2,383,feet1,11,cue,white,-1,-1,-1,c,c,-1,0.6264467500368482,-1,1,none,none,-1,-1,-1,2317442,12979,10:44:57.612808,feet
2,384,feet1,11,gabor,90,0.016072166246627374,3,4,-1,q,0.27519363919600437,-1,0,-1,congruent,FA,3,1,0.6841351217781266,2323424,12979,10:44:57.612808,feet
2,385,feet1,11,cue,black,-1,-1,-1,q,q,-1,0.21638592135241197,-1,1,none,none,-1,-1,-1,2336323,12979,10:44:57.612808,feet
2,386,feet1,11,cue,white,-1,-1,-1,c,c,-1,0.42228608489585895,-1,1,none,none,-1,-1,-1,2338974,12979,10:44:57.612808,feet
2,387,feet1,11,gabor,0,0.016072166246627374,3,3,-1,q,0.4582288066312685,-1,1,-1,congruent,hit,3,1,0.6871237566720083,2355556,12979,10:44:57.612808,feet
2,388,feet1,11,cue,black,-1,-1,-1,q,q,-1,0.42865541381434014,-1,1,none,none,-1,-1,-1,2366440,12979,10:44:57.612808,feet
2,389,feet1,11,cue,black,-1,-1,-1,q,q,-1,0.2803568390900182,-1,1,none,none,-1,-1,-1,2372139,12979,10:44:57.612808,feet
2,390,feet1,11,gabor,90,0.016072166246627374,3,4,-1,c,0.378379686037988,-1,0,-1,incongruent,FA,4,1,1.6791074722013946,2388788,12979,10:44:57.612808,feet
2,391,feet1,11,cue,white,-1,-1,-1,c,c,-1,0.4628782209038036,-1,1,none,none,-1,-1,-1,2397006,12979,10:44:57.612808,feet
2,392,feet1,11,gabor,90,0.016072166246627374,3,4,-1,q,0.11779668143663002,-1,0,-1,congruent,FA,4,1,1.2326696231739334,2399905,12979,10:44:57.612808,feet
2,393,feet1,11,cue,white,-1,-1,-1,c,c,-1,0.39044289626053796,-1,1,none,none,-1,-1,-1,2404605,12979,10:44:57.612808,feet
2,394,feet1,11,gabor,0,0.016072166246627374,3,3,-1,q,0.1182640036340672,-1,1,-1,congruent,hit,4,3,1.6612728136369697,2407321,12979,10:44:57.612808,feet
2,395,feet1,11,gabor,0,0.016072166246627374,3,3,-1,c,0.386206660858079,-1,1,-1,incongruent,hit,c,1,1.167005286461972,2412539,12979,10:44:57.612808,feet
2,396,feet1,11,cue,white,-1,-1,-1,c,c,-1,0.5914075690834579,-1,1,none,none,-1,-1,-1,2423004,12979,10:44:57.612808,feet
