5,1,hand1,1,cue,blue,-1,-1,-1,3,3,-1,0.3669612038083869,-1,1,none,none,-1,-1,-1,2832,44285,12:43:41.759295,hand
5,2,hand1,1,gabor,0,0.012417520664125298,3,4,-1,3,0.47776264409912983,-1,0,-1,congruent,miss,q,3,1.2776527446640102,5715,44285,12:43:41.759295,hand
5,3,hand1,1,cue,yellow,-1,-1,-1,4,4,-1,0.14246453516170732,-1,1,none,none,-1,-1,-1,10715,44285,12:43:41.759295,hand
5,4,hand1,1,cue,blue,-1,-1,-1,3,3,-1,0.25926359698314627,-1,1,none,none,-1,-1,-1,13400,44285,12:43:41.759295,hand
5,5,hand1,1,cue,yellow,-1,-1,-1,4,4,-1,0.25818764234281844,-1,1,none,none,-1,-1,-1,16200,44285,12:43:41.759295,hand
5,6,hand1,1,gabor,0,0.012417520664125298,4,4,-1,4,0.5889676633760246,-1,1,-1,congruent,hit,4,2,3.6909053417184623,18899,44285,12:43:41.759295,hand
5,7,hand1,1,cue,yellow,-1,-1,-1,4,4,-1,0.23665933363736258,-1,1,none,none,-1,-1,-1,26615,44285,12:43:41.759295,hand
5,8,hand1,1,gabor,90,0.012417520664125298,3,3,-1,3,0.38036993332571,-1,1,-1,congruent,CR,q,4,1.3003084633710387,29282,44285,12:43:41.759295,hand
5,9,hand1,1,cue,yellow,-1,-1,-1,4,4,-1,0.21523892759432783,-1,1,none,none,-1,-1,-1,34215,44285,12:43:41.759295,hand
5,10,hand1,1,cue,blue,-1,-1,-1,3,3,-1,0.21704639315248642,-1,1,none,none,-1,-1,-1,36865,44285,12:43:41.759295,hand
5,11,hand1,1,cue,yellow,-1,-1,-1,4,4,-1,0.7178176475754299,-1,1,none,none,-1,-1,-1,39615,44285,12:43:41.759295,hand
5,12,hand1,1,cue,blue,-1,-1,-1,3,3,-1,0.2595992088154162,-1,1,none,none,-1,-1,-1,42865,44285,12:43:41.759295,hand
5,13,hand1,1,cue,yellow,-1,-1,-1,4,4,-1,0.28047050167697307,-1,1,none,none,-1,-1,-1,45665,44285,12:43:41.759295,hand
5,14,hand1,1,cue,blue,-1,-1,-1,3,3,-1,0.21420214046702313,-1,1,none,none,-1,-1,-1,48382,44285,12:43:41.759295,hand
5,15,hand1,1,cue,blue,-1,-1,-1,3,3,-1,0.16219728215764917,-1,1,none,none,-1,-1,-1,50931,44285,12:43:41.759295,hand
5,16,hand1,1,cue,blue,-1,-1,-1,3,3,-1,0.2351033849572559,-1,1,none,none,-1,-1,-1,53431,44285,12:43:41.759295,hand
5,17,hand1,1,cue,yellow,-1,-1,-1,4,4,-1,0.15172419619193533,-1,1,none,none,-1,-1,-1,58930,44285,12:43:41.759295,hand
5,18,hand1,1,cue,blue,-1,-1,-1,3,3,-1,0.2185489664952911,-1,1,none,none,-1,-1,-1,61514,44285,12:43:41.759295,hand
5,19,hand1,1,cue,blue,-1,-1,-1,3,3,-1,0.17940334052764229,-1,1,none,none,-1,-1,-1,64164,44285,12:43:41.759295,hand
5,20,hand1,1,gabor,90,0.012417520664125298,4,3,-1,4,0.4858499676865904,-1,0,-1,congruent,FA,c,1,2.749823266194653,73181,44285,12:43:41.759295,hand
5,21,hand1,1,cue,blue,-1,-1,-1,3,3,-1,0.33954778417501075,-1,1,none,none,-1,-1,-1,79663,44285,12:43:41.759295,hand
5,22,hand1,1,cue,blue,-1,-1,-1,3,3,-1,0.3583385908677883,-1,1,none,none,-1,-1,-1,82548,44285,12:43:41.759295,hand
5,23,hand1,1,cue,yellow,-1,-1,-1,4,4,-1,0.4752228996312624,-1,1,none,none,-1,-1,-1,85247,44285,12:43:41.759295,hand
5,24,hand1,1,cue,blue,-1,-1,-1,3,3,-1,0.28513297178869834,-1,1,none,none,-1,-1,-1,88063,44285,12:43:41.759295,hand
5,25,hand1,1,gabor,0,0.012417520664125298,4,4,-1,4,0.38786820822679147,-1,1,-1,congruent,hit,3,1,6.4647644054839475,90679,44285,12:43:41.759295,hand
5,26,hand1,1,gabor,90,0.012417520664125298,3,3,-1,3,0.4662904025390162,-1,1,-1,congruent,CR,q,4,2.571270475105848,100880,44285,12:43:41.759295,hand
5,27,hand1,1,cue,yellow,-1,-1,-1,4,4,-1,0.5278029827986757,-1,1,none,none,-1,-1,-1,110912,44285,12:43:41.759295,hand
5,28,hand1,1,gabor,0,0.012417520664125298,3,4,-1,3,0.3955604007223883,-1,0,-1,congruent,miss,3,4,1.668479252160978,113980,44285,12:43:41.759295,hand
5,29,hand1,1,gabor,0,0.012417520664125298,3,4,-1,3,0.4082410752798751,-1,0,-1,congruent,miss,3,3,7.929084144490844,119497,44285,12:43:41.759295,hand
5,30,hand1,1,gabor,90,0.012417520664125298,3,3,-1,3,0.4066117835081968,-1,1,-1,congruent,CR,4,4,2.331513067934793,131262,44285,12:43:41.759295,hand
5,31,hand1,1,gabor,90,0.012417520664125298,3,3,-1,4,0.5582672445543722,-1,1,-1,incongruent,CR,3,3,1.7054940885864198,137245,44285,12:43:41.759295,hand
5,32,hand1,1,cue,yellow,-1,-1,-1,4,4,-1,0.4307739155119634,-1,1,none,none,-1,-1,-1,142845,44285,12:43:41.759295,hand
5,33,hand1,1,cue,yellow,-1,-1,-1,4,4,-1,0.21373942621175956,-1,1,none,none,-1,-1,-1,145711,44285,12:43:41.759295,hand
5,34,hand1,1,cue,yellow,-1,-1,-1,4,4,-1,0.3165956211487355,-1,1,none,none,-1,-1,-1,148261,44285,12:43:41.759295,hand
5,35,hand1,1,gabor,90,0.012417520664125298,3,3,-1,4,0.4014842951710307,-1,1,-1,incongruent,CR,c,4,3.285243946411356,151111,44285,12:43:41.759295,hand
5,36,hand1,1,gabor,0,0.012417520664125298,3,4,-1,4,0.4800186160882731,-1,0,-1,incongruent,miss,q,2,2.1610464484474505,158144,44285,12:43:41.759295,hand
5,37,hand1,2,cue,yellow,-1,-1,-1,4,4,-1,0.16489561665548536,-1,1,none,none,-1,-1,-1,214275,44285,12:43:41.759295,hand
5,38,hand1,2,cue,blue,-1,-1,-1,3,3,-1,0.15371405948644679,-1,1,none,none,-1,-1,-1,217025,44285,12:43:41.759295,hand
5,39,hand1,2,gabor,90,0.012417520664125298,3,3,-1,3,0.3594579369710118,-1,1,-1,congruent,CR,c,4,1.0344505162629503,219709,44285,12:43:41.759295,hand
5,40,hand1,2,cue,blue,-1,-1,-1,3,3,-1,0.3492997270950582,-1,1,none,none,-1,-1,-1,224342,44285,12:43:41.759295,hand
5,41,hand1,2,cue,yellow,-1,-1,-1,4,4,-1,0.2231062219143496,-1,1,none,none,-1,-1,-1,227125,44285,12:43:41.759295,hand
5,42,hand1,2,cue,blue,-1,-1,-1,3,3,-1,0.14678025757530122,-1,1,none,none,-1,-1,-1,232508,44285,12:43:41.759295,hand
5,43,hand1,2,cue,yellow,-1,-1,-1,4,4,-1,0.15561675586286583,-1,1,none,none,-1,-1,-1,235092,44285,12:43:41.759295,hand
5,44,hand1,2,gabor,0,0.012417520664125298,3,4,-1,3,0.4253983662547398,-1,0,-1,congruent,miss,3,2,1.994347206185921,237674,44285,12:43:41.759295,hand
5,45,hand1,2,cue,blue,-1,-1,-1,3,3,-1,0.16722185977232584,-1,1,none,none,-1,-1,-1,243526,44285,12:43:41.759295,hand
5,46,hand1,2,gabor,0,0.012417520664125298,4,4,-1,3,0.3940416995792475,-1,1,-1,incongruent,hit,c,3,1.98093041276843,246226,44285,12:43:41.759295,hand
5,47,hand1,2,cue,yellow,-1,-1,-1,4,4,-1,0.33066482246613305,-1,1,none,none,-1,-1,-1,251941,44285,12:43:41.759295,hand
5,48,hand1,2,gabor,0,0.012417520664125298,4,4,-1,4,0.49251190097311337,-1,1,-1,congruent,hit,c,2,0.8934033075038315,254707,44285,12:43:41.759295,hand
5,49,hand1,2,cue,yellow,-1,-1,-1,4,4,-1,0.3212972587734839,-1,1,none,none,-1,-1,-1,259324,44285,12:43:41.759295,hand
5,50,hand1,2,cue,blue,-1,-1,-1,3,3,-1,0.2991603176251374,-1,1,none,none,-1,-1,-1,262074,44285,12:43:41.759295,hand
5,51,hand1,2,cue,yellow,-1,-1,-1,4,4,-1,0.19275984669366153,-1,1,none,none,-1,-1,-1,267640,44285,12:43:41.759295,hand
5,52,hand1,2,gabor,0,0.012417520664125298,3,4,-1,3,0.3765622366026946,-1,0,-1,congruent,miss,q,4,2.789465014002417,270257,44285,12:43:41.759295,hand
5,53,hand1,2,gabor,90,0.012417520664125298,3,3,-1,3,0.4082525951362186,-1,1,-1,congruent,CR,3,4,1.6201484602370329,276858,44285,12:43:41.759295,hand
5,54,hand1,2,cue,yellow,-1,-1,-1,4,4,-1,0.23481001259824552,-1,1,none,none,-1,-1,-1,284956,44285,12:43:41.759295,hand
5,55,hand1,2,gabor,90,0.012417520664125298,3,3,-1,4,0.4455631078890292,-1,1,-1,incongruent,CR,c,4,1.3075556053900073,287623,44285,12:43:41.759295,hand
5,56,hand1,2,cue,blue,-1,-1,-1,3,3,-1,0.4443193473307474,-1,1,none,none,-1,-1,-1,292824,44285,12:43:41.759295,hand
5,57,hand1,2,cue,yellow,-1,-1,-1,4,4,-1,0.2292762573069922,-1,1,none,none,-1,-1,-1,295690,44285,12:43:41.759295,hand
5,58,hand1,2,cue,blue,-1,-1,-1,3,3,-1,0.2682133738617267,-1,1,none,none,-1,-1,-1,298357,44285,12:43:41.759295,hand
5,59,hand1,2,cue,yellow,-1,-1,-1,4,4,-1,0.14092778624035418,-1,1,none,none,-1,-1,-1,300956,44285,12:43:41.759295,hand
5,60,hand1,2,cue,blue,-1,-1,-1,3,3,-1,0.2227318265613576,-1,1,none,none,-1,-1,-1,303623,44285,12:43:41.759295,hand
5,61,hand1,2,cue,blue,-1,-1,-1,3,3,-1,0.20560371922510967,-1,1,none,none,-1,-1,-1,306373,44285,12:43:41.759295,hand
5,62,hand1,2,gabor,0,0.012417520664125298,3,4,-1,4,0.34082840827431937,-1,0,-1,incongruent,miss,3,1,4.08472816401445,319072,44285,12:43:41.759295,hand
5,63,hand1,2,gabor,90,0.012417520664125298,3,3,-1,3,0.39151155499166634,-1,1,-1,congruent,CR,c,4,0.8833003929412371,326739,44285,12:43:41.759295,hand
5,64,hand1,2,cue,yellow,-1,-1,-1,4,4,-1,0.3211709243423684,-1,1,none,none,-1,-1,-1,331255,44285,12:43:41.759295,hand
5,65,hand1,2,cue,blue,-1,-1,-1,3,3,-1,0.2798372935412772,-1,1,none,none,-1,-1,-1,337572,44285,12:43:41.759295,hand
5,66,hand1,2,cue,yellow,-1,-1,-1,4,4,-1,0.4316041132024111,-1,1,none,none,-1,-1,-1,340188,44285,12:43:41.759295,hand
5,67,hand1,2,cue,yellow,-1,-1,-1,4,4,-1,0.2704647379105154,-1,1,none,none,-1,-1,-1,343054,44285,12:43:41.759295,hand
5,68,hand1,2,cue,blue,-1,-1,-1,3,3,-1,0.3431093399540259,-1,1,none,none,-1,-1,-1,345856,44285,12:43:41.759295,hand
5,69,hand1,2,gabor,90,0.012417520664125298,4,3,-1,4,0.2842229030884482,-1,0,-1,congruent,FA,q,3,3.4800750633876305,348522,44285,12:43:41.759295,hand
5,70,hand1,2,cue,blue,-1,-1,-1,3,3,-1,0.24184941319617792,-1,1,none,none,-1,-1,-1,355637,44285,12:43:41.759295,hand
5,71,hand1,2,gabor,0,0.012417520664125298,4,4,-1,4,0.44959121787542244,-1,1,-1,congruent,hit,c,1,2.258489846590237,358304,44285,12:43:41.759295,hand
5,72,hand1,2,gabor,90,0.012417520664125298,3,3,-1,4,0.31231829825628665,-1,1,-1,incongruent,CR,q,4,0.8702641388008487,364354,44285,12:43:41.759295,hand
5,73,hand1,3,gabor,0,0.012417520664125298,4,4,-1,4,0.0419952545871638,-1,1,-1,congruent,hit,3,2,3.984162116643347,418953,44285,12:43:41.759295,hand
5,74,hand1,3,cue,yellow,-1,-1,-1,4,4,-1,0.2876957559692528,-1,1,none,none,-1,-1,-1,426569,44285,12:43:41.759295,hand
5,75,hand1,3,cue,blue,-1,-1,-1,3,3,-1,0.3625222189239139,-1,1,none,none,-1,-1,-1,429285,44285,12:43:41.759295,hand
5,76,hand1,3,cue,blue,-1,-1,-1,3,3,-1,0.38041178880848747,-1,1,none,none,-1,-1,-1,432086,44285,12:43:41.759295,hand
5,77,hand1,3,cue,yellow,-1,-1,-1,4,4,-1,0.27734862043871544,-1,1,none,none,-1,-1,-1,434803,44285,12:43:41.759295,hand
5,78,hand1,3,cue,yellow,-1,-1,-1,4,4,-1,0.3109723949655745,-1,1,none,none,-1,-1,-1,437502,44285,12:43:41.759295,hand
5,79,hand1,3,cue,yellow,-1,-1,-1,4,4,-1,0.1897877235951455,-1,1,none,none,-1,-1,-1,443184,44285,12:43:41.759295,hand
5,80,hand1,3,gabor,90,0.012417520664125298,3,3,-1,4,0.4335598009220121,-1,1,-1,incongruent,CR,q,4,0.6785502951206581,445902,44285,12:43:41.759295,hand
5,81,hand1,3,gabor,0,0.012417520664125298,3,4,-1,3,0.31927206791806384,-1,0,-1,congruent,miss,c,3,2.6573464623852487,450352,44285,12:43:41.759295,hand
5,82,hand1,3,cue,yellow,-1,-1,-1,4,4,-1,0.4547225461647031,-1,1,none,none,-1,-1,-1,460334,44285,12:43:41.759295,hand
5,83,hand1,3,gabor,0,0.012417520664125298,4,4,-1,4,0.44256026517177816,-1,1,-1,congruent,hit,3,4,1.2495112700671598,463217,44285,12:43:41.759295,hand
5,84,hand1,3,cue,yellow,-1,-1,-1,4,4,-1,0.3362615529767936,-1,1,none,none,-1,-1,-1,468268,44285,12:43:41.759295,hand
5,85,hand1,3,gabor,0,0.012417520664125298,3,4,-1,3,0.29117091282205365,-1,0,-1,congruent,miss,3,1,4.22912112323138,471034,44285,12:43:41.759295,hand
5,86,hand1,3,cue,blue,-1,-1,-1,3,3,-1,0.28769690795525094,-1,1,none,none,-1,-1,-1,478884,44285,12:43:41.759295,hand
5,87,hand1,3,gabor,0,0.012417520664125298,3,4,-1,3,0.4544299417975708,-1,0,-1,congruent,miss,4,1,2.981458790207398,481701,44285,12:43:41.759295,hand
5,88,hand1,3,cue,blue,-1,-1,-1,3,3,-1,0.4362155119488307,-1,1,none,none,-1,-1,-1,488384,44285,12:43:41.759295,hand
5,89,hand1,3,gabor,90,0.012417520664125298,3,3,-1,4,0.43594709928038355,-1,1,-1,incongruent,CR,c,4,1.045993028950761,491351,44285,12:43:41.759295,hand
5,90,hand1,3,cue,yellow,-1,-1,-1,4,4,-1,0.4017066284104658,-1,1,none,none,-1,-1,-1,496166,44285,12:43:41.759295,hand
5,91,hand1,3,cue,blue,-1,-1,-1,3,3,-1,0.2145104886385525,-1,1,none,none,-1,-1,-1,498899,44285,12:43:41.759295,hand
5,92,hand1,3,cue,yellow,-1,-1,-1,4,4,-1,0.2502339490947634,-1,1,none,none,-1,-1,-1,501651,44285,12:43:41.759295,hand
5,93,hand1,3,cue,yellow,-1,-1,-1,4,4,-1,0.2802834960002656,-1,1,none,none,-1,-1,-1,504233,44285,12:43:41.759295,hand
5,94,hand1,3,cue,yellow,-1,-1,-1,4,4,-1,0.20700491782736208,-1,1,none,none,-1,-1,-1,507051,44285,12:43:41.759295,hand
5,95,hand1,3,cue,blue,-1,-1,-1,3,3,-1,0.19683442010318686,-1,1,none,none,-1,-1,-1,512615,44285,12:43:41.759295,hand
5,96,hand1,3,gabor,90,0.012417520664125298,4,3,-1,3,0.44143938309025543,-1,0,-1,incongruent,FA,q,3,1.4316740003359882,515149,44285,12:43:41.759295,hand
5,97,hand1,3,cue,blue,-1,-1,-1,3,3,-1,0.2793046921524365,-1,1,none,none,-1,-1,-1,520249,44285,12:43:41.759295,hand
5,98,hand1,3,gabor,90,0.012417520664125298,3,3,-1,3,0.5612209358805558,-1,1,-1,congruent,CR,3,3,2.4831301294561854,522866,44285,12:43:41.759295,hand
5,99,hand1,3,cue,blue,-1,-1,-1,3,3,-1,0.45173967120172165,-1,1,none,none,-1,-1,-1,529265,44285,12:43:41.759295,hand
5,100,hand1,3,cue,blue,-1,-1,-1,3,3,-1,0.20464488312973117,-1,1,none,none,-1,-1,-1,532249,44285,12:43:41.759295,hand
5,101,hand1,3,cue,blue,-1,-1,-1,3,3,-1,0.23751602700031071,-1,1,none,none,-1,-1,-1,534781,44285,12:43:41.759295,hand
5,102,hand1,3,gabor,90,0.012417520664125298,3,3,-1,3,0.3313498699608317,-1,1,-1,congruent,CR,c,4,0.891199558865992,537349,44285,12:43:41.759295,hand
5,103,hand1,3,cue,blue,-1,-1,-1,3,3,-1,0.4221620544358302,-1,1,none,none,-1,-1,-1,541815,44285,12:43:41.759295,hand
5,104,hand1,3,cue,yellow,-1,-1,-1,4,4,-1,0.2809124801915459,-1,1,none,none,-1,-1,-1,544565,44285,12:43:41.759295,hand
5,105,hand1,3,gabor,0,0.012417520664125298,3,4,-1,4,0.40137178456825495,-1,0,-1,incongruent,miss,q,2,1.2393096687301295,553781,44285,12:43:41.759295,hand
5,106,hand1,3,cue,blue,-1,-1,-1,3,3,-1,0.2182870817487128,-1,1,none,none,-1,-1,-1,558665,44285,12:43:41.759295,hand
5,107,hand1,3,cue,yellow,-1,-1,-1,4,4,-1,0.5868215140235407,-1,1,none,none,-1,-1,-1,564880,44285,12:43:41.759295,hand
5,108,hand1,3,gabor,90,0.012417520664125298,3,3,-1,4,0.3406544584340736,-1,1,-1,incongruent,CR,c,4,0.9455437161286682,567797,44285,12:43:41.759295,hand
5,109,hand1,4,gabor,0,0.012417520664125298,3,4,-1,3,0.36608223872281087,-1,0,-1,congruent,miss,c,2,0.9890503759506828,647561,44285,12:43:41.759295,hand
5,110,hand1,4,gabor,90,0.012417520664125298,3,3,-1,3,0.372768363708019,-1,1,-1,congruent,CR,q,4,1.2176669294476596,652645,44285,12:43:41.759295,hand
5,111,hand1,4,cue,blue,-1,-1,-1,3,3,-1,0.34048281256582413,-1,1,none,none,-1,-1,-1,657678,44285,12:43:41.759295,hand
5,112,hand1,4,cue,blue,-1,-1,-1,3,3,-1,0.3382157047126384,-1,1,none,none,-1,-1,-1,660546,44285,12:43:41.759295,hand
5,113,hand1,4,cue,yellow,-1,-1,-1,4,4,-1,0.24319608447694918,-1,1,none,none,-1,-1,-1,663412,44285,12:43:41.759295,hand
5,114,hand1,4,cue,yellow,-1,-1,-1,4,4,-1,0.20770532513051876,-1,1,none,none,-1,-1,-1,668811,44285,12:43:41.759295,hand
5,115,hand1,4,cue,blue,-1,-1,-1,3,3,-1,0.1727367992989457,-1,1,none,none,-1,-1,-1,671344,44285,12:43:41.759295,hand
5,116,hand1,4,cue,yellow,-1,-1,-1,4,4,-1,0.20954581427940866,-1,1,none,none,-1,-1,-1,673844,44285,12:43:41.759295,hand
5,117,hand1,4,gabor,90,0.012417520664125298,3,3,-1,4,0.3533055653570045,-1,1,-1,incongruent,CR,q,4,1.2852769700002682,676579,44285,12:43:41.759295,hand
5,118,hand1,4,gabor,90,0.012417520664125298,3,3,-1,4,0.34915112093949574,-1,1,-1,incongruent,CR,q,4,0.690162310946107,681461,44285,12:43:41.759295,hand
5,119,hand1,4,gabor,0,0.012417520664125298,3,4,-1,4,0.38489685312015354,-1,0,-1,incongruent,miss,3,3,2.288729855130441,685843,44285,12:43:41.759295,hand
5,120,hand1,4,cue,blue,-1,-1,-1,3,3,-1,0.28353555162175326,-1,1,none,none,-1,-1,-1,691860,44285,12:43:41.759295,hand
5,121,hand1,4,gabor,90,0.012417520664125298,3,3,-1,4,0.3281469657267735,-1,1,-1,incongruent,CR,4,3,3.124416375247165,694577,44285,12:43:41.759295,hand
5,122,hand1,4,cue,yellow,-1,-1,-1,4,4,-1,0.2018847254003049,-1,1,none,none,-1,-1,-1,704093,44285,12:43:41.759295,hand
5,123,hand1,4,cue,yellow,-1,-1,-1,4,4,-1,0.2455968226713594,-1,1,none,none,-1,-1,-1,706827,44285,12:43:41.759295,hand
5,124,hand1,4,gabor,0,0.012417520664125298,3,4,-1,3,0.008320792689119116,-1,0,-1,congruent,miss,q,1,2.835405435605935,709610,44285,12:43:41.759295,hand
5,125,hand1,4,cue,yellow,-1,-1,-1,4,4,-1,0.4272968386831053,-1,1,none,none,-1,-1,-1,715793,44285,12:43:41.759295,hand
5,126,hand1,4,cue,yellow,-1,-1,-1,4,4,-1,0.2580735957581055,-1,1,none,none,-1,-1,-1,718559,44285,12:43:41.759295,hand
5,127,hand1,4,cue,blue,-1,-1,-1,3,3,-1,0.22904432418545184,-1,1,none,none,-1,-1,-1,721143,44285,12:43:41.759295,hand
5,128,hand1,4,cue,blue,-1,-1,-1,3,3,-1,0.25575733651749033,-1,1,none,none,-1,-1,-1,723809,44285,12:43:41.759295,hand
5,129,hand1,4,cue,yellow,-1,-1,-1,4,4,-1,0.23952931400526722,-1,1,none,none,-1,-1,-1,726492,44285,12:43:41.759295,hand
5,130,hand1,4,cue,blue,-1,-1,-1,3,3,-1,0.26235475860448787,-1,1,none,none,-1,-1,-1,729260,44285,12:43:41.759295,hand
5,131,hand1,4,cue,yellow,-1,-1,-1,4,4,-1,0.2671742827642447,-1,1,none,none,-1,-1,-1,731959,44285,12:43:41.759295,hand
5,132,hand1,4,cue,yellow,-1,-1,-1,4,4,-1,0.22613287233434676,-1,1,none,none,-1,-1,-1,734559,44285,12:43:41.759295,hand
5,133,hand1,4,gabor,0,0.012417520664125298,3,4,-1,3,0.43998020120670844,-1,0,-1,congruent,miss,3,4,1.8388640806624608,737209,44285,12:43:41.759295,hand
5,134,hand1,4,gabor,0,0.012417520664125298,4,4,-1,4,0.5076125134837639,-1,1,-1,congruent,hit,3,4,0.027691432182109565,742741,44285,12:43:41.759295,hand
5,135,hand1,4,cue,blue,-1,-1,-1,4,3,-1,0.387406261963406,-1,0,none,none,-1,-1,-1,746710,44285,12:43:41.759295,hand
5,136,hand1,4,cue,blue,-1,-1,-1,3,3,-1,0.2933182141605357,-1,1,none,none,-1,-1,-1,749525,44285,12:43:41.759295,hand
5,137,hand1,4,cue,yellow,-1,-1,-1,4,4,-1,0.26313081296757446,-1,1,none,none,-1,-1,-1,752343,44285,12:43:41.759295,hand
5,138,hand1,4,gabor,90,0.012417520664125298,3,3,-1,3,0.40186598643231264,-1,1,-1,congruent,CR,c,4,2.791902615737854,755143,44285,12:43:41.759295,hand
5,139,hand1,4,gabor,90,0.012417520664125298,3,3,-1,3,0.39653958856433746,-1,1,-1,congruent,CR,c,3,1.9824951933405828,761557,44285,12:43:41.759295,hand
5,140,hand1,4,cue,blue,-1,-1,-1,3,3,-1,0.398270255076568,-1,1,none,none,-1,-1,-1,767191,44285,12:43:41.759295,hand
5,141,hand1,4,cue,blue,-1,-1,-1,3,3,-1,0.36409583138629387,-1,1,none,none,-1,-1,-1,770125,44285,12:43:41.759295,hand
5,142,hand1,4,gabor,0,0.012417520664125298,4,4,-1,4,0.6390003221713414,-1,1,-1,congruent,hit,q,1,3.7957890314828546,773025,44285,12:43:41.759295,hand
5,143,hand1,4,cue,blue,-1,-1,-1,3,3,-1,0.4094368364312686,-1,1,none,none,-1,-1,-1,780691,44285,12:43:41.759295,hand
5,144,hand1,4,cue,yellow,-1,-1,-1,4,4,-1,0.2992590044013923,-1,1,none,none,-1,-1,-1,783625,44285,12:43:41.759295,hand
5,145,hand1,5,gabor,0,0.012417520664125298,4,4,-1,4,0.4065146327138791,-1,1,-1,congruent,hit,3,4,1.827543901215904,796306,44285,12:43:41.759295,hand
5,146,hand1,5,cue,blue,-1,-1,-1,3,3,-1,0.31022859620134113,-1,1,none,none,-1,-1,-1,801907,44285,12:43:41.759295,hand
5,147,hand1,5,cue,blue,-1,-1,-1,3,3,-1,0.2330444025210454,-1,1,none,none,-1,-1,-1,804741,44285,12:43:41.759295,hand
5,148,hand1,5,gabor,0,0.012417520664125298,3,4,-1,3,0.3427407045310247,-1,0,-1,congruent,miss,3,4,1.2487240798418497,810139,44285,12:43:41.759295,hand
5,149,hand1,5,gabor,90,0.012417520664125298,3,3,-1,3,0.43252147781458916,-1,1,-1,congruent,CR,4,3,1.189502031144002,815173,44285,12:43:41.759295,hand
5,150,hand1,5,cue,yellow,-1,-1,-1,4,4,-1,0.2792643726534152,-1,1,none,none,-1,-1,-1,820123,44285,12:43:41.759295,hand
5,151,hand1,5,cue,blue,-1,-1,-1,3,3,-1,0.28309011715282395,-1,1,none,none,-1,-1,-1,822840,44285,12:43:41.759295,hand
5,152,hand1,5,gabor,90,0.012417520664125298,3,3,-1,3,0.44591407952975715,-1,1,-1,congruent,CR,3,4,2.023782360718542,825556,44285,12:43:41.759295,hand
5,153,hand1,5,gabor,0,0.012417520664125298,3,4,-1,3,0.5304617657875497,-1,0,-1,congruent,miss,3,3,2.914432422407117,831473,44285,12:43:41.759295,hand
5,154,hand1,5,cue,blue,-1,-1,-1,3,3,-1,0.38526740851921204,-1,1,none,none,-1,-1,-1,838172,44285,12:43:41.759295,hand
5,155,hand1,5,cue,blue,-1,-1,-1,3,3,-1,0.2120963106117415,-1,1,none,none,-1,-1,-1,840889,44285,12:43:41.759295,hand
5,156,hand1,5,gabor,90,0.012417520664125298,4,3,-1,4,0.24051310978939,-1,0,-1,congruent,FA,3,2,1.4108172992910113,843539,44285,12:43:41.759295,hand
5,157,hand1,5,cue,yellow,-1,-1,-1,4,4,-1,0.36456315358373104,-1,1,none,none,-1,-1,-1,848522,44285,12:43:41.759295,hand
5,158,hand1,5,cue,yellow,-1,-1,-1,4,4,-1,0.3134157566310023,-1,1,none,none,-1,-1,-1,851322,44285,12:43:41.759295,hand
5,159,hand1,5,cue,blue,-1,-1,-1,3,3,-1,0.29024586830746557,-1,1,none,none,-1,-1,-1,854072,44285,12:43:41.759295,hand
5,160,hand1,5,cue,blue,-1,-1,-1,3,3,-1,0.3001948007822648,-1,1,none,none,-1,-1,-1,856688,44285,12:43:41.759295,hand
5,161,hand1,5,gabor,0,0.012417520664125298,4,4,-1,4,0.4159513155482273,-1,1,-1,congruent,hit,3,3,1.3738324144978833,859522,44285,12:43:41.759295,hand
5,162,hand1,5,cue,yellow,-1,-1,-1,4,4,-1,0.35567558393086074,-1,1,none,none,-1,-1,-1,864654,44285,12:43:41.759295,hand
5,163,hand1,5,gabor,90,0.012417520664125298,3,3,-1,4,0.48646628003552905,-1,1,-1,incongruent,CR,4,4,3.1363997144599125,867538,44285,12:43:41.759295,hand
5,164,hand1,5,cue,yellow,-1,-1,-1,4,4,-1,0.46716245571224135,-1,1,none,none,-1,-1,-1,874404,44285,12:43:41.759295,hand
5,165,hand1,5,cue,yellow,-1,-1,-1,4,4,-1,0.2619918831096584,-1,1,none,none,-1,-1,-1,877304,44285,12:43:41.759295,hand
5,166,hand1,5,gabor,90,0.012417520664125298,3,3,-1,4,0.3567388667306659,-1,1,-1,incongruent,CR,4,4,1.2307446550748864,880004,44285,12:43:41.759295,hand
5,167,hand1,5,cue,blue,-1,-1,-1,3,3,-1,0.34452282640449994,-1,1,none,none,-1,-1,-1,884937,44285,12:43:41.759295,hand
5,168,hand1,5,cue,yellow,-1,-1,-1,4,4,-1,0.22532533036246605,-1,1,none,none,-1,-1,-1,887805,44285,12:43:41.759295,hand
5,169,hand1,5,gabor,90,0.012417520664125298,3,3,-1,3,0.3451840661946335,-1,1,-1,congruent,CR,q,3,4.773148672586103,890555,44285,12:43:41.759295,hand
5,170,hand1,5,cue,yellow,-1,-1,-1,4,4,-1,0.3006371632891387,-1,1,none,none,-1,-1,-1,899020,44285,12:43:41.759295,hand
5,171,hand1,5,cue,blue,-1,-1,-1,3,3,-1,0.30261397074536944,-1,1,none,none,-1,-1,-1,901854,44285,12:43:41.759295,hand
5,172,hand1,5,gabor,0,0.012417520664125298,3,4,-1,4,0.3483059474328911,-1,0,-1,incongruent,miss,3,3,1.6963692098797765,904587,44285,12:43:41.759295,hand
5,173,hand1,5,cue,yellow,-1,-1,-1,4,4,-1,0.2590811992467934,-1,1,none,none,-1,-1,-1,909970,44285,12:43:41.759295,hand
5,174,hand1,5,cue,yellow,-1,-1,-1,4,4,-1,0.26597506565303775,-1,1,none,none,-1,-1,-1,912653,44285,12:43:41.759295,hand
5,175,hand1,5,gabor,0,0.012417520664125298,3,4,-1,3,0.40774648941987834,-1,0,-1,congruent,miss,q,4,1.5517005420861096,915253,44285,12:43:41.759295,hand
5,176,hand1,5,cue,blue,-1,-1,-1,3,3,-1,0.3174480905636301,-1,1,none,none,-1,-1,-1,920452,44285,12:43:41.759295,hand
5,177,hand1,5,cue,yellow,-1,-1,-1,4,4,-1,0.23731404550926527,-1,1,none,none,-1,-1,-1,923304,44285,12:43:41.759295,hand
5,178,hand1,5,cue,blue,-1,-1,-1,3,3,-1,0.184260112226184,-1,1,none,none,-1,-1,-1,925869,44285,12:43:41.759295,hand
5,179,hand1,5,cue,yellow,-1,-1,-1,4,4,-1,0.2791676058550365,-1,1,none,none,-1,-1,-1,928486,44285,12:43:41.759295,hand
5,180,hand1,5,cue,blue,-1,-1,-1,3,3,-1,0.2368436513497727,-1,1,none,none,-1,-1,-1,931102,44285,12:43:41.759295,hand
5,181,hand1,6,cue,yellow,-1,-1,-1,4,4,-1,0.21231979583899374,-1,1,none,none,-1,-1,-1,958318,44285,12:43:41.759295,hand
5,182,hand1,6,cue,blue,-1,-1,-1,3,3,-1,0.21626150689735368,-1,1,none,none,-1,-1,-1,961136,44285,12:43:41.759295,hand
5,183,hand1,6,gabor,0,0.012417520664125298,3,4,-1,3,0.4457923530426342,-1,0,-1,congruent,miss,q,1,0.9167809372484044,966717,44285,12:43:41.759295,hand
5,184,hand1,6,cue,yellow,-1,-1,-1,4,4,-1,0.2156175468917354,-1,1,none,none,-1,-1,-1,971318,44285,12:43:41.759295,hand
5,185,hand1,6,cue,blue,-1,-1,-1,3,3,-1,0.325369912206952,-1,1,none,none,-1,-1,-1,974069,44285,12:43:41.759295,hand
5,186,hand1,6,gabor,0,0.012417520664125298,3,4,-1,4,0.41325259705627104,-1,0,-1,incongruent,miss,4,3,1.0422440834972804,976818,44285,12:43:41.759295,hand
5,187,hand1,6,cue,blue,-1,-1,-1,3,3,-1,0.28682139882403135,-1,1,none,none,-1,-1,-1,984550,44285,12:43:41.759295,hand
5,188,hand1,6,cue,yellow,-1,-1,-1,4,4,-1,0.16875208077544812,-1,1,none,none,-1,-1,-1,987267,44285,12:43:41.759295,hand
5,189,hand1,6,cue,yellow,-1,-1,-1,4,4,-1,0.19655947951832786,-1,1,none,none,-1,-1,-1,989867,44285,12:43:41.759295,hand
5,190,hand1,6,gabor,90,0.012417520664125298,4,3,-1,4,0.04114009720433387,-1,0,-1,congruent,FA,4,1,3.7204265111849963,992501,44285,12:43:41.759295,hand
5,191,hand1,6,cue,yellow,-1,-1,-1,4,4,-1,0.33797186774245347,-1,1,none,none,-1,-1,-1,999600,44285,12:43:41.759295,hand
5,192,hand1,6,cue,blue,-1,-1,-1,3,3,-1,0.25489104327243695,-1,1,none,none,-1,-1,-1,1002267,44285,12:43:41.759295,hand
5,193,hand1,6,cue,blue,-1,-1,-1,3,3,-1,0.2555684108629066,-1,1,none,none,-1,-1,-1,1005051,44285,12:43:41.759295,hand
5,194,hand1,6,cue,blue,-1,-1,-1,3,3,-1,0.29750376219453756,-1,1,none,none,-1,-1,-1,1007834,44285,12:43:41.759295,hand
5,195,hand1,6,cue,yellow,-1,-1,-1,4,4,-1,0.23224607643169293,-1,1,none,none,-1,-1,-1,1010467,44285,12:43:41.759295,hand
5,196,hand1,6,cue,yellow,-1,-1,-1,4,4,-1,0.2942401867130684,-1,1,none,none,-1,-1,-1,1013133,44285,12:43:41.759295,hand
5,197,hand1,6,gabor,0,0.012417520664125298,3,4,-1,4,0.36703416290401947,-1,0,-1,incongruent,miss,4,4,1.1920517594862758,1015951,44285,12:43:41.759295,hand
5,198,hand1,6,cue,blue,-1,-1,-1,3,3,-1,0.37875062543207605,-1,1,none,none,-1,-1,-1,1020749,44285,12:43:41.759295,hand
5,199,hand1,6,gabor,0,0.012417520664125298,3,4,-1,3,0.45455934819074173,-1,0,-1,congruent,miss,q,2,1.8564813979264727,1023466,44285,12:43:41.759295,hand
5,200,hand1,6,cue,yellow,-1,-1,-1,4,4,-1,0.2982414170346601,-1,1,none,none,-1,-1,-1,1029116,44285,12:43:41.759295,hand
5,201,hand1,6,cue,yellow,-1,-1,-1,4,4,-1,0.24324254790008126,-1,1,none,none,-1,-1,-1,1031849,44285,12:43:41.759295,hand
5,202,hand1,6,cue,blue,-1,-1,-1,3,3,-1,0.3280386790720513,-1,1,none,none,-1,-1,-1,1034516,44285,12:43:41.759295,hand
5,203,hand1,6,cue,yellow,-1,-1,-1,4,4,-1,0.2018290460910066,-1,1,none,none,-1,-1,-1,1037266,44285,12:43:41.759295,hand
5,204,hand1,6,gabor,0,0.012417520664125298,3,4,-1,3,0.28862156847389997,-1,0,-1,congruent,miss,4,4,0.9515885690761934,1039799,44285,12:43:41.759295,hand
5,205,hand1,6,cue,blue,-1,-1,-1,3,3,-1,0.36041869304062857,-1,1,none,none,-1,-1,-1,1044283,44285,12:43:41.759295,hand
5,206,hand1,6,cue,yellow,-1,-1,-1,4,4,-1,0.27929394028615206,-1,1,none,none,-1,-1,-1,1047066,44285,12:43:41.759295,hand
5,207,hand1,6,gabor,90,0.012417520664125298,3,3,-1,3,0.38410620693684905,-1,1,-1,congruent,CR,q,4,1.9600145764597983,1049782,44285,12:43:41.759295,hand
5,208,hand1,6,gabor,0,0.012417520664125298,4,4,-1,4,0.34262089801814,-1,1,-1,congruent,hit,3,2,4.816603109054995,1055365,44285,12:43:41.759295,hand
5,209,hand1,6,gabor,90,0.012417520664125298,3,3,-1,4,0.3492386718535272,-1,1,-1,incongruent,CR,c,4,3.1151824418939214,1063966,44285,12:43:41.759295,hand
5,210,hand1,6,gabor,90,0.012417520664125298,3,3,-1,3,0.3398215727756906,-1,1,-1,congruent,CR,q,4,2.2628408965683775,1070865,44285,12:43:41.759295,hand
5,211,hand1,6,gabor,90,0.012417520664125298,3,3,-1,4,0.3165046142803476,-1,1,-1,incongruent,CR,q,2,2.9104553837860294,1076697,44285,12:43:41.759295,hand
5,212,hand1,6,gabor,90,0.012417520664125298,3,3,-1,3,0.4272953027011681,-1,1,-1,congruent,CR,4,4,4.822143392268117,1083164,44285,12:43:41.759295,hand
5,213,hand1,6,cue,blue,-1,-1,-1,3,3,-1,0.3676677550374734,-1,1,none,none,-1,-1,-1,1091647,44285,12:43:41.759295,hand
5,214,hand1,6,cue,blue,-1,-1,-1,3,3,-1,0.2745773268470657,-1,1,none,none,-1,-1,-1,1094347,44285,12:43:41.759295,hand
5,215,hand1,6,cue,blue,-1,-1,-1,3,3,-1,0.23650189559157297,-1,1,none,none,-1,-1,-1,1097148,44285,12:43:41.759295,hand
5,216,hand1,6,cue,yellow,-1,-1,-1,4,4,-1,0.2692301932383998,-1,1,none,none,-1,-1,-1,1099814,44285,12:43:41.759295,hand
5,217,hand1,7,cue,yellow,-1,-1,-1,4,4,-1,0.23928394104950712,-1,1,none,none,-1,-1,-1,1111279,44285,12:43:41.759295,hand
5,218,hand1,7,gabor,0,0.012417520664125298,3,4,-1,3,0.3733466605262947,-1,0,-1,congruent,miss,c,4,1.1891203398809012,1114098,44285,12:43:41.759295,hand
5,219,hand1,7,cue,yellow,-1,-1,-1,4,4,-1,0.27424401898679207,-1,1,none,none,-1,-1,-1,1119097,44285,12:43:41.759295,hand
5,220,hand1,7,cue,blue,-1,-1,-1,3,3,-1,0.4517769187386875,-1,1,none,none,-1,-1,-1,1125462,44285,12:43:41.759295,hand
5,221,hand1,7,cue,yellow,-1,-1,-1,4,4,-1,0.24760166177838983,-1,1,none,none,-1,-1,-1,1128447,44285,12:43:41.759295,hand
5,222,hand1,7,cue,yellow,-1,-1,-1,4,4,-1,0.2654551361083577,-1,1,none,none,-1,-1,-1,1131130,44285,12:43:41.759295,hand
5,223,hand1,7,cue,blue,-1,-1,-1,3,3,-1,0.23614746799466957,-1,1,none,none,-1,-1,-1,1133829,44285,12:43:41.759295,hand
5,224,hand1,7,cue,blue,-1,-1,-1,3,3,-1,0.2091456912457943,-1,1,none,none,-1,-1,-1,1136597,44285,12:43:41.759295,hand
5,225,hand1,7,gabor,0,0.012417520664125298,3,4,-1,3,0.44498365908293636,-1,0,-1,congruent,miss,4,3,1.8328856588905182,1139129,44285,12:43:41.759295,hand
5,226,hand1,7,cue,blue,-1,-1,-1,3,3,-1,0.32665783221636957,-1,1,none,none,-1,-1,-1,1144745,44285,12:43:41.759295,hand
5,227,hand1,7,cue,yellow,-1,-1,-1,4,4,-1,0.29752564992122643,-1,1,none,none,-1,-1,-1,1147495,44285,12:43:41.759295,hand
5,228,hand1,7,cue,yellow,-1,-1,-1,4,4,-1,0.21236510727430868,-1,1,none,none,-1,-1,-1,1150229,44285,12:43:41.759295,hand
5,229,hand1,7,gabor,90,0.012417520664125298,3,3,-1,3,0.20209707476351468,-1,1,-1,congruent,CR,4,4,1.415177565155318,1152980,44285,12:43:41.759295,hand
5,230,hand1,7,cue,yellow,-1,-1,-1,4,4,-1,0.4310573039929295,-1,1,none,none,-1,-1,-1,1158046,44285,12:43:41.759295,hand
5,231,hand1,7,cue,yellow,-1,-1,-1,4,4,-1,0.2867050482709601,-1,1,none,none,-1,-1,-1,1160812,44285,12:43:41.759295,hand
5,232,hand1,7,gabor,0,0.012417520664125298,3,4,-1,4,0.5035452359825285,-1,0,-1,incongruent,miss,4,3,1.7225081493379548,1163428,44285,12:43:41.759295,hand
5,233,hand1,7,cue,yellow,-1,-1,-1,4,4,-1,0.37630649577840813,-1,1,none,none,-1,-1,-1,1168995,44285,12:43:41.759295,hand
5,234,hand1,7,cue,yellow,-1,-1,-1,4,4,-1,0.28923173689872783,-1,1,none,none,-1,-1,-1,1171695,44285,12:43:41.759295,hand
5,235,hand1,7,gabor,90,0.012417520664125298,3,3,-1,4,0.44782791176839964,-1,1,-1,incongruent,CR,c,3,2.015839035342651,1174411,44285,12:43:41.759295,hand
5,236,hand1,7,cue,yellow,-1,-1,-1,4,4,-1,0.32964723509940086,-1,1,none,none,-1,-1,-1,1180111,44285,12:43:41.759295,hand
5,237,hand1,7,gabor,90,0.012417520664125298,3,3,-1,4,0.39433545593055896,-1,1,-1,incongruent,CR,4,3,1.4503880079810187,1182877,44285,12:43:41.759295,hand
5,238,hand1,7,cue,blue,-1,-1,-1,3,3,-1,0.2472768018105853,-1,1,none,none,-1,-1,-1,1188077,44285,12:43:41.759295,hand
5,239,hand1,7,cue,blue,-1,-1,-1,3,3,-1,0.20007994780644367,-1,1,none,none,-1,-1,-1,1190761,44285,12:43:41.759295,hand
5,240,hand1,7,cue,blue,-1,-1,-1,3,3,-1,0.22203525921031542,-1,1,none,none,-1,-1,-1,1193495,44285,12:43:41.759295,hand
5,241,hand1,7,cue,blue,-1,-1,-1,3,3,-1,0.35258672628333443,-1,1,none,none,-1,-1,-1,1199810,44285,12:43:41.759295,hand
5,242,hand1,7,cue,blue,-1,-1,-1,3,3,-1,0.24632794959143212,-1,1,none,none,-1,-1,-1,1202594,44285,12:43:41.759295,hand
5,243,hand1,7,gabor,90,0.012417520664125298,3,3,-1,3,0.3043258214911475,-1,1,-1,congruent,CR,q,4,1.8722336503469705,1205379,44285,12:43:41.759295,hand
5,244,hand1,7,gabor,90,0.012417520664125298,4,3,-1,4,0.3318966791703133,-1,0,-1,congruent,FA,c,2,6.130783784188679,1210893,44285,12:43:41.759295,hand
5,245,hand1,7,gabor,0,0.012417520664125298,3,4,-1,4,0.4542229683684127,-1,0,-1,incongruent,miss,q,4,2.1703218532838946,1220794,44285,12:43:41.759295,hand
5,246,hand1,7,cue,blue,-1,-1,-1,3,3,-1,0.28485342325984675,-1,1,none,none,-1,-1,-1,1229493,44285,12:43:41.759295,hand
5,247,hand1,7,gabor,90,0.012417520664125298,3,3,-1,3,0.34360622978419997,-1,1,-1,congruent,CR,3,4,1.3305661356898781,1232310,44285,12:43:41.759295,hand
5,248,hand1,7,cue,yellow,-1,-1,-1,4,4,-1,0.3383485670638038,-1,1,none,none,-1,-1,-1,1237343,44285,12:43:41.759295,hand
5,249,hand1,7,cue,blue,-1,-1,-1,3,3,-1,0.25223610023749643,-1,1,none,none,-1,-1,-1,1240210,44285,12:43:41.759295,hand
5,250,hand1,7,gabor,0,0.012417520664125298,3,4,-1,3,0.31005080640898086,-1,0,-1,congruent,miss,3,4,3.044997713308476,1242993,44285,12:43:41.759295,hand
5,251,hand1,7,gabor,0,0.012417520664125298,3,4,-1,4,0.30558225388995197,-1,0,-1,incongruent,miss,q,4,2.608575995920546,1249793,44285,12:43:41.759295,hand
5,252,hand1,7,cue,blue,-1,-1,-1,3,3,-1,0.47726690625495394,-1,1,none,none,-1,-1,-1,1256042,44285,12:43:41.759295,hand
5,253,hand1,8,cue,blue,-1,-1,-1,3,3,-1,0.21079034282774955,-1,1,none,none,-1,-1,-1,1281857,44285,12:43:41.759295,hand
5,254,hand1,8,gabor,90,0.012417520664125298,3,3,-1,4,0.3446737365302397,-1,1,-1,incongruent,CR,q,4,1.880549835092097,1284590,44285,12:43:41.759295,hand
5,255,hand1,8,cue,blue,-1,-1,-1,3,3,-1,0.29412230017805996,-1,1,none,none,-1,-1,-1,1290259,44285,12:43:41.759295,hand
5,256,hand1,8,gabor,0,0.012417520664125298,4,4,-1,3,0.4772496264686197,-1,1,-1,incongruent,hit,q,3,4.232163133463473,1292874,44285,12:43:41.759295,hand
5,257,hand1,8,gabor,0,0.012417520664125298,4,4,-1,4,0.3897006334755133,-1,1,-1,congruent,hit,3,3,4.934718506534409,1300824,44285,12:43:41.759295,hand
5,258,hand1,8,gabor,90,0.012417520664125298,3,3,-1,3,0.395290452072004,-1,1,-1,congruent,CR,3,4,1.5832695581248117,1309391,44285,12:43:41.759295,hand
5,259,hand1,8,cue,yellow,-1,-1,-1,4,4,-1,0.3890190419388091,-1,1,none,none,-1,-1,-1,1314824,44285,12:43:41.759295,hand
5,260,hand1,8,cue,blue,-1,-1,-1,3,3,-1,0.20586022803945525,-1,1,none,none,-1,-1,-1,1317640,44285,12:43:41.759295,hand
5,261,hand1,8,gabor,90,0.012417520664125298,3,3,-1,3,0.3715679946126329,-1,1,-1,congruent,CR,4,4,1.0084974304973002,1320374,44285,12:43:41.759295,hand
5,262,hand1,8,cue,blue,-1,-1,-1,3,3,-1,0.3113529342426773,-1,1,none,none,-1,-1,-1,1325191,44285,12:43:41.759295,hand
5,263,hand1,8,cue,yellow,-1,-1,-1,4,4,-1,0.23429622697767627,-1,1,none,none,-1,-1,-1,1328041,44285,12:43:41.759295,hand
5,264,hand1,8,cue,yellow,-1,-1,-1,4,4,-1,0.2681588465384266,-1,1,none,none,-1,-1,-1,1330706,44285,12:43:41.759295,hand
5,265,hand1,8,cue,blue,-1,-1,-1,3,3,-1,0.21899862491227395,-1,1,none,none,-1,-1,-1,1333406,44285,12:43:41.759295,hand
5,266,hand1,8,cue,yellow,-1,-1,-1,4,4,-1,0.2247558654325985,-1,1,none,none,-1,-1,-1,1336056,44285,12:43:41.759295,hand
5,267,hand1,8,cue,yellow,-1,-1,-1,4,4,-1,0.32153571981143614,-1,1,none,none,-1,-1,-1,1338705,44285,12:43:41.759295,hand
5,268,hand1,8,gabor,0,0.012417520664125298,4,4,-1,3,0.5544042525179975,-1,1,-1,incongruent,hit,3,3,1.70333257942184,1341356,44285,12:43:41.759295,hand
5,269,hand1,8,cue,yellow,-1,-1,-1,4,4,-1,0.29422444290867134,-1,1,none,none,-1,-1,-1,1346956,44285,12:43:41.759295,hand
5,270,hand1,8,cue,yellow,-1,-1,-1,4,4,-1,0.23102228362768074,-1,1,none,none,-1,-1,-1,1349572,44285,12:43:41.759295,hand
5,271,hand1,8,gabor,0,0.012417520664125298,3,4,-1,4,0.4477054172893986,-1,0,-1,incongruent,miss,q,4,2.74460477098728,1352339,44285,12:43:41.759295,hand
5,272,hand1,8,gabor,90,0.012417520664125298,4,3,-1,4,0.5323629261820315,-1,0,-1,congruent,FA,c,3,2.8843648277270404,1358956,44285,12:43:41.759295,hand
5,273,hand1,8,cue,yellow,-1,-1,-1,4,4,-1,0.33811816992420063,-1,1,none,none,-1,-1,-1,1365622,44285,12:43:41.759295,hand
5,274,hand1,8,cue,yellow,-1,-1,-1,4,4,-1,0.29796570845610404,-1,1,none,none,-1,-1,-1,1368388,44285,12:43:41.759295,hand
5,275,hand1,8,cue,blue,-1,-1,-1,3,3,-1,0.29672117990958213,-1,1,none,none,-1,-1,-1,1371222,44285,12:43:41.759295,hand
5,276,hand1,8,cue,yellow,-1,-1,-1,4,4,-1,0.3685824316798971,-1,1,none,none,-1,-1,-1,1374056,44285,12:43:41.759295,hand
5,277,hand1,8,cue,blue,-1,-1,-1,3,3,-1,0.28328557072563854,-1,1,none,none,-1,-1,-1,1376755,44285,12:43:41.759295,hand
5,278,hand1,8,gabor,90,0.012417520664125298,3,3,-1,3,0.5772458249157353,-1,1,-1,congruent,CR,3,4,8.581120336810272,1379572,44285,12:43:41.759295,hand
5,279,hand1,8,cue,yellow,-1,-1,-1,4,4,-1,0.27650767088016437,-1,1,none,none,-1,-1,-1,1391970,44285,12:43:41.759295,hand
5,280,hand1,8,cue,blue,-1,-1,-1,3,3,-1,0.23742002819199115,-1,1,none,none,-1,-1,-1,1394772,44285,12:43:41.759295,hand
5,281,hand1,8,cue,blue,-1,-1,-1,3,3,-1,0.2362446187871683,-1,1,none,none,-1,-1,-1,1397337,44285,12:43:41.759295,hand
5,282,hand1,8,cue,blue,-1,-1,-1,3,3,-1,0.24612097616227402,-1,1,none,none,-1,-1,-1,1400004,44285,12:43:41.759295,hand
5,283,hand1,8,cue,blue,-1,-1,-1,3,3,-1,0.2640785132025485,-1,1,none,none,-1,-1,-1,1402688,44285,12:43:41.759295,hand
5,284,hand1,8,gabor,90,0.012417520664125298,3,3,-1,4,0.35269232497375924,-1,1,-1,incongruent,CR,c,4,1.9356765746397286,1405488,44285,12:43:41.759295,hand
5,285,hand1,8,gabor,0,0.012417520664125298,3,4,-1,3,0.4835260285417462,-1,0,-1,congruent,miss,c,2,1.8813765768300073,1411121,44285,12:43:41.759295,hand
5,286,hand1,8,gabor,0,0.012417520664125298,3,4,-1,4,0.38303140428251936,-1,0,-1,incongruent,miss,q,4,1.356891696832463,1416938,44285,12:43:41.759295,hand
5,287,hand1,8,cue,yellow,-1,-1,-1,4,4,-1,0.40283250243010116,-1,1,none,none,-1,-1,-1,1422120,44285,12:43:41.759295,hand
5,288,hand1,8,cue,blue,-1,-1,-1,3,3,-1,0.3396510788916203,-1,1,none,none,-1,-1,-1,1424953,44285,12:43:41.759295,hand
5,289,hand1,9,cue,yellow,-1,-1,-1,4,4,-1,0.2213452197775041,-1,1,none,none,-1,-1,-1,1446687,44285,12:43:41.759295,hand
5,290,hand1,9,cue,blue,-1,-1,-1,3,3,-1,0.2222299447930709,-1,1,none,none,-1,-1,-1,1449520,44285,12:43:41.759295,hand
5,291,hand1,9,gabor,90,0.012417520664125298,3,3,-1,3,0.38006235314605874,-1,1,-1,congruent,CR,4,4,2.588863216675236,1452270,44285,12:43:41.759295,hand
5,292,hand1,9,cue,yellow,-1,-1,-1,4,4,-1,0.2697458988350263,-1,1,none,none,-1,-1,-1,1458485,44285,12:43:41.759295,hand
5,293,hand1,9,cue,blue,-1,-1,-1,3,3,-1,0.37856630771966593,-1,1,none,none,-1,-1,-1,1461085,44285,12:43:41.759295,hand
5,294,hand1,9,cue,yellow,-1,-1,-1,4,4,-1,0.19038598816587182,-1,1,none,none,-1,-1,-1,1463802,44285,12:43:41.759295,hand
5,295,hand1,9,gabor,0,0.012417520664125298,3,4,-1,3,0.3812385305427597,-1,0,-1,congruent,miss,c,4,4.915259548137328,1466418,44285,12:43:41.759295,hand
5,296,hand1,9,cue,yellow,-1,-1,-1,4,4,-1,0.33278025220170093,-1,1,none,none,-1,-1,-1,1475068,44285,12:43:41.759295,hand
5,297,hand1,9,gabor,90,0.012417520664125298,3,3,-1,3,0.3645527857133857,-1,1,-1,congruent,CR,c,3,2.61551171780593,1477734,44285,12:43:41.759295,hand
5,298,hand1,9,gabor,90,0.012417520664125298,3,3,-1,4,0.40827832281684096,-1,1,-1,incongruent,CR,q,4,1.0212860077135701,1483968,44285,12:43:41.759295,hand
5,299,hand1,9,gabor,90,0.012417520664125298,3,3,-1,4,0.4110611362648342,-1,1,-1,incongruent,CR,c,4,5.50279836525624,1488734,44285,12:43:41.759295,hand
5,300,hand1,9,cue,yellow,-1,-1,-1,4,4,-1,0.3104394095844327,-1,1,none,none,-1,-1,-1,1498086,44285,12:43:41.759295,hand
5,301,hand1,9,cue,yellow,-1,-1,-1,4,4,-1,0.2642520790450362,-1,1,none,none,-1,-1,-1,1500718,44285,12:43:41.759295,hand
5,302,hand1,9,cue,yellow,-1,-1,-1,4,4,-1,0.24223417641951528,-1,1,none,none,-1,-1,-1,1503417,44285,12:43:41.759295,hand
5,303,hand1,9,cue,blue,-1,-1,-1,3,3,-1,0.25411575689940946,-1,1,none,none,-1,-1,-1,1505984,44285,12:43:41.759295,hand
5,304,hand1,9,cue,blue,-1,-1,-1,3,3,-1,0.27089366058498854,-1,1,none,none,-1,-1,-1,1508567,44285,12:43:41.759295,hand
5,305,hand1,9,gabor,0,0.012417520664125298,3,4,-1,4,0.5396461637537868,-1,0,-1,incongruent,miss,c,3,1.8846163446032733,1511267,44285,12:43:41.759295,hand
5,306,hand1,9,cue,yellow,-1,-1,-1,4,4,-1,0.5015146691948758,-1,1,none,none,-1,-1,-1,1517034,44285,12:43:41.759295,hand
5,307,hand1,9,cue,yellow,-1,-1,-1,4,4,-1,0.1922065095641301,-1,1,none,none,-1,-1,-1,1519967,44285,12:43:41.759295,hand
5,308,hand1,9,gabor,0,0.012417520664125298,3,4,-1,3,0.39717202871179325,-1,0,-1,congruent,miss,c,4,1.734090981526606,1522583,44285,12:43:41.759295,hand
5,309,hand1,9,cue,blue,-1,-1,-1,3,3,-1,0.44169089996648836,-1,1,none,none,-1,-1,-1,1528050,44285,12:43:41.759295,hand
5,310,hand1,9,cue,blue,-1,-1,-1,3,3,-1,0.20158520911900268,-1,1,none,none,-1,-1,-1,1531017,44285,12:43:41.759295,hand
5,311,hand1,9,cue,blue,-1,-1,-1,3,3,-1,0.18843068444402888,-1,1,none,none,-1,-1,-1,1533550,44285,12:43:41.759295,hand
5,312,hand1,9,gabor,90,0.012417520664125298,3,3,-1,4,0.3692133358472347,-1,1,-1,incongruent,CR,4,4,1.1551647934738867,1536267,44285,12:43:41.759295,hand
5,313,hand1,9,gabor,0,0.012417520664125298,3,4,-1,4,0.2997401504271693,-1,0,-1,incongruent,miss,c,4,1.3496937062027428,1544899,44285,12:43:41.759295,hand
5,314,hand1,9,gabor,0,0.012417520664125298,3,4,-1,3,0.3055534542490932,-1,0,-1,congruent,miss,4,4,1.1134279676789447,1549999,44285,12:43:41.759295,hand
5,315,hand1,9,cue,blue,-1,-1,-1,3,3,-1,0.41722080378531246,-1,1,none,none,-1,-1,-1,1554766,44285,12:43:41.759295,hand
5,316,hand1,9,cue,yellow,-1,-1,-1,4,4,-1,0.21920252638119564,-1,1,none,none,-1,-1,-1,1557717,44285,12:43:41.759295,hand
5,317,hand1,9,cue,yellow,-1,-1,-1,4,4,-1,0.23887997806741623,-1,1,none,none,-1,-1,-1,1560466,44285,12:43:41.759295,hand
5,318,hand1,9,cue,blue,-1,-1,-1,3,3,-1,0.26776755539867736,-1,1,none,none,-1,-1,-1,1563233,44285,12:43:41.759295,hand
5,319,hand1,9,cue,blue,-1,-1,-1,3,3,-1,0.2695358534419938,-1,1,none,none,-1,-1,-1,1566032,44285,12:43:41.759295,hand
5,320,hand1,9,cue,yellow,-1,-1,-1,4,4,-1,0.27739162790567207,-1,1,none,none,-1,-1,-1,1568632,44285,12:43:41.759295,hand
5,321,hand1,9,cue,blue,-1,-1,-1,3,3,-1,0.32723612903646426,-1,1,none,none,-1,-1,-1,1571332,44285,12:43:41.759295,hand
5,322,hand1,9,gabor,0,0.012417520664125298,3,4,-1,4,0.37317578264992335,-1,0,-1,incongruent,miss,c,3,1.2440996252589684,1574082,44285,12:43:41.759295,hand
5,323,hand1,9,cue,blue,-1,-1,-1,3,3,-1,0.28293037513685704,-1,1,none,none,-1,-1,-1,1578931,44285,12:43:41.759295,hand
5,324,hand1,9,gabor,90,0.012417520664125298,3,3,-1,3,0.2065137879235408,-1,1,-1,congruent,CR,4,3,3.511434034035119,1585215,44285,12:43:41.759295,hand
5,325,hand1,10,cue,blue,-1,-1,-1,3,3,-1,0.22947631882198039,-1,1,none,none,-1,-1,-1,1672745,44285,12:43:41.759295,hand
5,326,hand1,10,gabor,0,0.012417520664125298,4,4,-1,4,0.5473003407205397,-1,1,-1,congruent,hit,c,3,2.011237620474276,1675813,44285,12:43:41.759295,hand
5,327,hand1,10,gabor,90,0.012417520664125298,3,3,-1,4,0.3327095970780647,-1,1,-1,incongruent,CR,3,4,1.3277088271679531,1684544,44285,12:43:41.759295,hand
5,328,hand1,10,gabor,0,0.012417520664125298,3,4,-1,3,0.32749647780292435,-1,0,-1,congruent,miss,4,3,1.7274240563037893,1689444,44285,12:43:41.759295,hand
5,329,hand1,10,cue,blue,-1,-1,-1,3,3,-1,0.2872480175283272,-1,1,none,none,-1,-1,-1,1694745,44285,12:43:41.759295,hand
5,330,hand1,10,gabor,90,0.012417520664125298,3,3,-1,3,0.3411252365895052,-1,1,-1,congruent,CR,3,3,1.2200803394825925,1697461,44285,12:43:41.759295,hand
5,331,hand1,10,gabor,90,0.012417520664125298,4,3,-1,3,0.4267373576276441,-1,0,-1,incongruent,FA,c,1,3.9666457901257672,1702277,44285,12:43:41.759295,hand
5,332,hand1,10,gabor,90,0.012417520664125298,3,3,-1,3,0.3423336695850594,-1,1,-1,congruent,CR,3,4,1.1133346568367415,1710011,44285,12:43:41.759295,hand
5,333,hand1,10,cue,yellow,-1,-1,-1,4,4,-1,0.33822223263268825,-1,1,none,none,-1,-1,-1,1714694,44285,12:43:41.759295,hand
5,334,hand1,10,gabor,0,0.012417520664125298,3,4,-1,3,0.2078278196095198,-1,0,-1,congruent,miss,q,4,1.728827942872158,1717460,44285,12:43:41.759295,hand
5,335,hand1,10,cue,blue,-1,-1,-1,3,3,-1,0.41075509206530114,-1,1,none,none,-1,-1,-1,1722726,44285,12:43:41.759295,hand
5,336,hand1,10,cue,blue,-1,-1,-1,3,3,-1,0.17647000094802934,-1,1,none,none,-1,-1,-1,1725560,44285,12:43:41.759295,hand
5,337,hand1,10,cue,yellow,-1,-1,-1,4,4,-1,0.2743788013121957,-1,1,none,none,-1,-1,-1,1728060,44285,12:43:41.759295,hand
5,338,hand1,10,cue,yellow,-1,-1,-1,4,4,-1,0.18632255061856995,-1,1,none,none,-1,-1,-1,1730760,44285,12:43:41.759295,hand
5,339,hand1,10,cue,blue,-1,-1,-1,3,3,-1,0.230015832123172,-1,1,none,none,-1,-1,-1,1733477,44285,12:43:41.759295,hand
5,340,hand1,10,cue,yellow,-1,-1,-1,4,4,-1,0.21287582093464152,-1,1,none,none,-1,-1,-1,1736043,44285,12:43:41.759295,hand
5,341,hand1,10,cue,blue,-1,-1,-1,3,3,-1,0.18969633272899955,-1,1,none,none,-1,-1,-1,1738593,44285,12:43:41.759295,hand
5,342,hand1,10,cue,yellow,-1,-1,-1,4,4,-1,0.2425536604532681,-1,1,none,none,-1,-1,-1,1741109,44285,12:43:41.759295,hand
5,343,hand1,10,gabor,0,0.012417520664125298,4,4,-1,4,0.4472791825828608,-1,1,-1,congruent,hit,4,2,1.6471836445671215,1743676,44285,12:43:41.759295,hand
5,344,hand1,10,cue,yellow,-1,-1,-1,4,4,-1,0.3011643887439277,-1,1,none,none,-1,-1,-1,1749026,44285,12:43:41.759295,hand
5,345,hand1,10,cue,yellow,-1,-1,-1,4,4,-1,0.23188358493462147,-1,1,none,none,-1,-1,-1,1751659,44285,12:43:41.759295,hand
5,346,hand1,10,cue,yellow,-1,-1,-1,4,4,-1,0.20881929529969057,-1,1,none,none,-1,-1,-1,1754426,44285,12:43:41.759295,hand
5,347,hand1,10,cue,blue,-1,-1,-1,3,3,-1,0.3556663680465135,-1,1,none,none,-1,-1,-1,1757059,44285,12:43:41.759295,hand
5,348,hand1,10,gabor,90,0.012417520664125298,3,3,-1,4,0.23636557728423213,-1,1,-1,incongruent,CR,4,4,1.1105453154686984,1759742,44285,12:43:41.759295,hand
5,349,hand1,10,gabor,0,0.012417520664125298,3,4,-1,3,0.3241948867962492,-1,0,-1,congruent,miss,4,4,2.4592248902627034,1764409,44285,12:43:41.759295,hand
5,350,hand1,10,cue,blue,-1,-1,-1,3,3,-1,0.22771723666301114,-1,1,none,none,-1,-1,-1,1773475,44285,12:43:41.759295,hand
5,351,hand1,10,gabor,90,0.012417520664125298,3,3,-1,4,0.24860312134296692,-1,1,-1,incongruent,CR,3,4,0.6304744760291214,1776042,44285,12:43:41.759295,hand
5,352,hand1,10,cue,blue,-1,-1,-1,3,3,-1,0.25526543862542894,-1,1,none,none,-1,-1,-1,1780360,44285,12:43:41.759295,hand
5,353,hand1,10,cue,yellow,-1,-1,-1,4,4,-1,0.263241787590232,-1,1,none,none,-1,-1,-1,1783042,44285,12:43:41.759295,hand
5,354,hand1,10,gabor,0,0.012417520664125298,3,4,-1,4,0.3140574126628053,-1,0,-1,incongruent,miss,3,3,2.8679482635543536,1785641,44285,12:43:41.759295,hand
5,355,hand1,10,cue,blue,-1,-1,-1,3,3,-1,0.2376627131798159,-1,1,none,none,-1,-1,-1,1792275,44285,12:43:41.759295,hand
5,356,hand1,10,cue,yellow,-1,-1,-1,4,4,-1,0.22850481088426022,-1,1,none,none,-1,-1,-1,1794941,44285,12:43:41.759295,hand
5,357,hand1,10,cue,yellow,-1,-1,-1,4,4,-1,0.27540214860709966,-1,1,none,none,-1,-1,-1,1797508,44285,12:43:41.759295,hand
5,358,hand1,10,cue,blue,-1,-1,-1,3,3,-1,0.22822603034546773,-1,1,none,none,-1,-1,-1,1800108,44285,12:43:41.759295,hand
5,359,hand1,10,cue,yellow,-1,-1,-1,4,4,-1,0.23114593009086093,-1,1,none,none,-1,-1,-1,1802774,44285,12:43:41.759295,hand
5,360,hand1,10,cue,blue,-1,-1,-1,3,3,-1,0.2199670608897577,-1,1,none,none,-1,-1,-1,1805340,44285,12:43:41.759295,hand
5,361,hand1,11,gabor,90,0.012417520664125298,4,3,-1,4,0.39010267648518493,-1,0,-1,congruent,FA,4,3,7.2899471200162225,1820140,44285,12:43:41.759295,hand
5,362,hand1,11,cue,blue,-1,-1,-1,3,3,-1,0.30937766276656475,-1,1,none,none,-1,-1,-1,1831324,44285,12:43:41.759295,hand
5,363,hand1,11,cue,blue,-1,-1,-1,3,3,-1,0.2722599156204524,-1,1,none,none,-1,-1,-1,1833957,44285,12:43:41.759295,hand
5,364,hand1,11,cue,yellow,-1,-1,-1,4,4,-1,0.39424675303234835,-1,1,none,none,-1,-1,-1,1836656,44285,12:43:41.759295,hand
5,365,hand1,11,gabor,0,0.012417520664125298,4,4,-1,3,0.4960815206522966,-1,1,-1,incongruent,hit,c,4,1.8268534777871537,1839390,44285,12:43:41.759295,hand
5,366,hand1,11,gabor,90,0.012417520664125298,3,3,-1,4,0.389568539118045,-1,1,-1,incongruent,CR,q,4,1.609530608067871,1844956,44285,12:43:41.759295,hand
5,367,hand1,11,cue,blue,-1,-1,-1,3,3,-1,0.3792874507671513,-1,1,none,none,-1,-1,-1,1850391,44285,12:43:41.759295,hand
5,368,hand1,11,cue,yellow,-1,-1,-1,4,4,-1,0.26024048085491813,-1,1,none,none,-1,-1,-1,1853106,44285,12:43:41.759295,hand
5,369,hand1,11,cue,blue,-1,-1,-1,3,3,-1,0.2951210717765207,-1,1,none,none,-1,-1,-1,1855706,44285,12:43:41.759295,hand
5,370,hand1,11,gabor,90,0.012417520664125298,3,3,-1,3,0.5048316200100089,-1,1,-1,congruent,CR,q,4,1.3057496758119669,1858439,44285,12:43:41.759295,hand
5,371,hand1,11,cue,blue,-1,-1,-1,3,3,-1,0.16858811480960867,-1,1,none,none,-1,-1,-1,1863488,44285,12:43:41.759295,hand
5,372,hand1,11,cue,yellow,-1,-1,-1,4,4,-1,0.22144275456776086,-1,1,none,none,-1,-1,-1,1866190,44285,12:43:41.759295,hand
5,373,hand1,11,cue,blue,-1,-1,-1,3,3,-1,0.22218463335593697,-1,1,none,none,-1,-1,-1,1868940,44285,12:43:41.759295,hand
5,374,hand1,11,cue,yellow,-1,-1,-1,4,4,-1,0.33516870254607056,-1,1,none,none,-1,-1,-1,1871589,44285,12:43:41.759295,hand
5,375,hand1,11,cue,blue,-1,-1,-1,4,3,-1,0.3180194754695549,-1,0,none,none,-1,-1,-1,1874255,44285,12:43:41.759295,hand
5,376,hand1,11,gabor,0,0.012417520664125298,3,4,-1,3,0.10655522101114911,-1,0,-1,congruent,miss,3,2,3.0467222358965955,1876905,44285,12:43:41.759295,hand
5,377,hand1,11,cue,yellow,-1,-1,-1,4,4,-1,0.290447849798511,-1,1,none,none,-1,-1,-1,1883506,44285,12:43:41.759295,hand
5,378,hand1,11,cue,yellow,-1,-1,-1,4,4,-1,0.30733788009274576,-1,1,none,none,-1,-1,-1,1886323,44285,12:43:41.759295,hand
5,379,hand1,11,cue,blue,-1,-1,-1,3,3,-1,0.3802224791579647,-1,1,none,none,-1,-1,-1,1888955,44285,12:43:41.759295,hand
5,380,hand1,11,cue,blue,-1,-1,-1,3,3,-1,0.2959812210956443,-1,1,none,none,-1,-1,-1,1891772,44285,12:43:41.759295,hand
5,381,hand1,11,cue,blue,-1,-1,-1,3,3,-1,0.2757953597265441,-1,1,none,none,-1,-1,-1,1894505,44285,12:43:41.759295,hand
5,382,hand1,11,cue,blue,-1,-1,-1,3,3,-1,0.30477010397407867,-1,1,none,none,-1,-1,-1,1897305,44285,12:43:41.759295,hand
5,383,hand1,11,gabor,90,0.012417520664125298,3,3,-1,3,0.40545518986800744,-1,1,-1,congruent,CR,3,4,1.1764327534110635,1900038,44285,12:43:41.759295,hand
5,384,hand1,11,cue,yellow,-1,-1,-1,4,4,-1,0.46725192660051107,-1,1,none,none,-1,-1,-1,1905055,44285,12:43:41.759295,hand
5,385,hand1,11,gabor,90,0.012417520664125298,3,3,-1,3,0.4140946985990013,-1,1,-1,congruent,CR,c,1,1.8059695130832552,1908055,44285,12:43:41.759295,hand
5,386,hand1,11,gabor,0,0.012417520664125298,4,4,-1,4,0.4797455954794714,-1,1,-1,congruent,hit,c,3,1.9606212889248127,1913721,44285,12:43:41.759295,hand
5,387,hand1,11,gabor,0,0.012417520664125298,4,4,-1,4,0.536293501379987,-1,1,-1,congruent,hit,4,3,1.9013723605603445,1919605,44285,12:43:41.759295,hand
5,388,hand1,11,cue,yellow,-1,-1,-1,4,4,-1,0.4471417122895218,-1,1,none,none,-1,-1,-1,1925387,44285,12:43:41.759295,hand
5,389,hand1,11,cue,yellow,-1,-1,-1,4,4,-1,0.3139625658404839,-1,1,none,none,-1,-1,-1,1928270,44285,12:43:41.759295,hand
5,390,hand1,11,cue,yellow,-1,-1,-1,4,4,-1,0.23377360946687986,-1,1,none,none,-1,-1,-1,1931020,44285,12:43:41.759295,hand
5,391,hand1,11,gabor,0,0.012417520664125298,3,4,-1,4,0.3286354076626594,-1,0,-1,incongruent,miss,3,3,2.1215252751426306,1933586,44285,12:43:41.759295,hand
5,392,hand1,11,cue,yellow,-1,-1,-1,4,4,-1,0.4611586902537965,-1,1,none,none,-1,-1,-1,1939487,44285,12:43:41.759295,hand
5,393,hand1,11,gabor,0,0.012417520664125298,3,4,-1,3,0.36908469744594186,-1,0,-1,congruent,miss,q,2,2.087949500019022,1942487,44285,12:43:41.759295,hand
5,394,hand1,11,cue,blue,-1,-1,-1,3,3,-1,0.3927376517694938,-1,1,none,none,-1,-1,-1,1948286,44285,12:43:41.759295,hand
5,395,hand1,11,gabor,90,0.012417520664125298,3,3,-1,4,0.37756792011532525,-1,1,-1,incongruent,CR,q,4,1.2624799410496053,1951102,44285,12:43:41.759295,hand
5,396,hand1,11,cue,yellow,-1,-1,-1,4,4,-1,0.28720808202342596,-1,1,none,none,-1,-1,-1,1956187,44285,12:43:41.759295,hand
