9,1,hand1,1,cue,white,-1,-1,-1,4,4,-1,0.18047507122173556,-1,1,none,none,-1,-1,-1,0,26454,17:12:39.554639,hand
9,2,hand1,1,cue,black,-1,-1,-1,3,3,-1,0.19834851330597303,-1,1,none,none,-1,-1,-1,2767,26454,17:12:39.554639,hand
9,3,hand1,1,gabor,0,0.015582410262569497,4,4,-1,4,0.6940763743477874,-1,1,-1,congruent,hit,3,3,6.154969339902891,5399,26454,17:12:39.554639,hand
9,4,hand1,1,gabor,90,0.015582410262569497,3,3,-1,3,0.6626544284808915,-1,1,-1,congruent,CR,4,3,1.332513375513372,15499,26454,17:12:39.554639,hand
9,5,hand1,1,cue,white,-1,-1,-1,4,4,-1,0.19734474976576166,-1,1,none,none,-1,-1,-1,20732,26454,17:12:39.554639,hand
9,6,hand1,1,cue,white,-1,-1,-1,4,4,-1,0.1962449874226877,-1,1,none,none,-1,-1,-1,23365,26454,17:12:39.554639,hand
9,7,hand1,1,cue,black,-1,-1,-1,3,3,-1,0.19707057717096177,-1,1,none,none,-1,-1,-1,26101,26454,17:12:39.554639,hand
9,8,hand1,1,cue,white,-1,-1,-1,4,4,-1,0.17091051797615364,-1,1,none,none,-1,-1,-1,28833,26454,17:12:39.554639,hand
9,9,hand1,1,cue,black,-1,-1,-1,3,3,-1,0.32180490047176136,-1,1,none,none,-1,-1,-1,31533,26454,17:12:39.554639,hand
9,10,hand1,1,gabor,90,0.015582410262569497,3,3,-1,3,0.5464766709483229,-1,1,-1,congruent,CR,c,3,1.5854587149442523,34282,26454,17:12:39.554639,hand
9,11,hand1,1,gabor,0,0.015582410262569497,4,4,-1,3,0.5883813026557618,-1,1,-1,incongruent,hit,3,3,2.1021646195258654,39664,26454,17:12:39.554639,hand
9,12,hand1,1,gabor,90,0.015582410262569497,3,3,-1,3,0.5958899454308266,-1,1,-1,congruent,CR,c,2,1.3715426509261306,45598,26454,17:12:39.554639,hand
9,13,hand1,1,cue,black,-1,-1,-1,3,3,-1,0.45358937623677775,-1,1,none,none,-1,-1,-1,50798,26454,17:12:39.554639,hand
9,14,hand1,1,cue,white,-1,-1,-1,4,4,-1,0.5052033273932466,-1,1,none,none,-1,-1,-1,57247,26454,17:12:39.554639,hand
9,15,hand1,1,cue,white,-1,-1,-1,4,4,-1,0.36011533680721186,-1,1,none,none,-1,-1,-1,60299,26454,17:12:39.554639,hand
9,16,hand1,1,cue,black,-1,-1,-1,3,3,-1,0.15692963556284667,-1,1,none,none,-1,-1,-1,63199,26454,17:12:39.554639,hand
9,17,hand1,1,cue,black,-1,-1,-1,3,3,-1,0.19272413513681386,-1,1,none,none,-1,-1,-1,65798,26454,17:12:39.554639,hand
9,18,hand1,1,gabor,90,0.015582410262569497,3,3,-1,4,0.516567282302276,-1,1,-1,incongruent,CR,4,1,1.9665190716987127,68331,26454,17:12:39.554639,hand
9,19,hand1,1,gabor,0,0.015582410262569497,4,4,-1,3,0.6852740516369522,-1,1,-1,incongruent,hit,4,2,0.9782585739412752,74265,26454,17:12:39.554639,hand
9,20,hand1,1,cue,white,-1,-1,-1,4,4,-1,0.17903201713852468,-1,1,none,none,-1,-1,-1,79365,26454,17:12:39.554639,hand
9,21,hand1,1,cue,white,-1,-1,-1,4,4,-1,0.18180215874599526,-1,1,none,none,-1,-1,-1,81881,26454,17:12:39.554639,hand
9,22,hand1,1,cue,black,-1,-1,-1,3,3,-1,0.15562520375897293,-1,1,none,none,-1,-1,-1,84598,26454,17:12:39.554639,hand
9,23,hand1,1,cue,white,-1,-1,-1,4,4,-1,0.170561850303784,-1,1,none,none,-1,-1,-1,87197,26454,17:12:39.554639,hand
9,24,hand1,1,cue,black,-1,-1,-1,3,3,-1,0.1763551863732573,-1,1,none,none,-1,-1,-1,89897,26454,17:12:39.554639,hand
9,25,hand1,1,gabor,90,0.015582410262569497,3,3,-1,4,0.4512412453877914,-1,1,-1,incongruent,CR,q,1,1.1541502780710289,92614,26454,17:12:39.554639,hand
9,26,hand1,1,cue,black,-1,-1,-1,3,3,-1,0.15786773591389647,-1,1,none,none,-1,-1,-1,97664,26454,17:12:39.554639,hand
9,27,hand1,1,cue,white,-1,-1,-1,4,4,-1,0.19655064762628172,-1,1,none,none,-1,-1,-1,103930,26454,17:12:39.554639,hand
9,28,hand1,1,gabor,0,0.015582410262569497,4,4,-1,3,0.5331405165270553,-1,1,-1,incongruent,hit,4,2,1.2133999744255561,106563,26454,17:12:39.554639,hand
9,29,hand1,1,cue,black,-1,-1,-1,3,3,-1,0.19818109138213913,-1,1,none,none,-1,-1,-1,111630,26454,17:12:39.554639,hand
9,30,hand1,1,cue,black,-1,-1,-1,3,3,-1,0.2649563263039454,-1,1,none,none,-1,-1,-1,114364,26454,17:12:39.554639,hand
9,31,hand1,1,cue,white,-1,-1,-1,4,4,-1,0.3039230104914168,-1,1,none,none,-1,-1,-1,117062,26454,17:12:39.554639,hand
9,32,hand1,1,cue,white,-1,-1,-1,4,4,-1,0.2937728645192692,-1,1,none,none,-1,-1,-1,119796,26454,17:12:39.554639,hand
9,33,hand1,1,gabor,90,0.015582410262569497,4,3,-1,4,0.5465119985055935,-1,0,-1,congruent,FA,3,1,1.3024373329390073,122429,26454,17:12:39.554639,hand
9,34,hand1,1,cue,black,-1,-1,-1,3,3,-1,0.1941211097946507,-1,1,none,none,-1,-1,-1,127528,26454,17:12:39.554639,hand
9,35,hand1,1,gabor,0,0.015582410262569497,3,4,-1,4,0.37795997925059055,-1,0,-1,incongruent,miss,4,4,1.1149439808577881,130063,26454,17:12:39.554639,hand
9,36,hand1,1,gabor,0,0.015582410262569497,4,4,-1,4,0.4195543428140809,-1,1,-1,congruent,hit,c,2,1.7864683152074576,138478,26454,17:12:39.554639,hand
9,37,hand1,2,cue,black,-1,-1,-1,3,3,-1,0.15944365234827274,-1,1,none,none,-1,-1,-1,158095,26454,17:12:39.554639,hand
9,38,hand1,2,gabor,0,0.015582410262569497,4,4,-1,3,0.2722311159777746,-1,1,-1,incongruent,hit,c,1,1.5063261294562835,160845,26454,17:12:39.554639,hand
9,39,hand1,2,cue,white,-1,-1,-1,4,4,-1,0.18703985371394083,-1,1,none,none,-1,-1,-1,165961,26454,17:12:39.554639,hand
9,40,hand1,2,gabor,90,0.015582410262569497,4,3,-1,3,0.3487525338859996,-1,0,-1,incongruent,FA,q,1,1.1256897034363647,168679,26454,17:12:39.554639,hand
9,41,hand1,2,gabor,0,0.015582410262569497,4,4,-1,4,0.2025678529171273,-1,1,-1,congruent,hit,4,1,2.079539620437572,173494,26454,17:12:39.554639,hand
9,42,hand1,2,cue,black,-1,-1,-1,3,3,-1,0.42927979006344685,-1,1,none,none,-1,-1,-1,179211,26454,17:12:39.554639,hand
9,43,hand1,2,cue,black,-1,-1,-1,3,3,-1,0.20903932456712937,-1,1,none,none,-1,-1,-1,182078,26454,17:12:39.554639,hand
9,44,hand1,2,cue,white,-1,-1,-1,4,4,-1,0.23297720335540362,-1,1,none,none,-1,-1,-1,184710,26454,17:12:39.554639,hand
9,45,hand1,2,cue,white,-1,-1,-1,4,4,-1,0.20177682273788378,-1,1,none,none,-1,-1,-1,187377,26454,17:12:39.554639,hand
9,46,hand1,2,gabor,90,0.015582410262569497,4,3,-1,4,0.2825237241850118,-1,0,-1,congruent,FA,3,1,2.695510212543013,189910,26454,17:12:39.554639,hand
9,47,hand1,2,cue,white,-1,-1,-1,4,4,-1,0.14619850479721208,-1,1,none,none,-1,-1,-1,196310,26454,17:12:39.554639,hand
9,48,hand1,2,cue,black,-1,-1,-1,3,3,-1,0.1692278508671734,-1,1,none,none,-1,-1,-1,198894,26454,17:12:39.554639,hand
9,49,hand1,2,cue,white,-1,-1,-1,4,4,-1,0.16691466358679463,-1,1,none,none,-1,-1,-1,201393,26454,17:12:39.554639,hand
9,50,hand1,2,cue,white,-1,-1,-1,4,4,-1,0.17683786838097149,-1,1,none,none,-1,-1,-1,203893,26454,17:12:39.554639,hand
9,51,hand1,2,cue,black,-1,-1,-1,3,3,-1,0.177651554276963,-1,1,none,none,-1,-1,-1,206594,26454,17:12:39.554639,hand
9,52,hand1,2,cue,white,-1,-1,-1,4,4,-1,0.16558565609011566,-1,1,none,none,-1,-1,-1,209193,26454,17:12:39.554639,hand
9,53,hand1,2,cue,white,-1,-1,-1,4,4,-1,0.23438147392153041,-1,1,none,none,-1,-1,-1,211692,26454,17:12:39.554639,hand
9,54,hand1,2,cue,white,-1,-1,-1,4,4,-1,0.2392585973648238,-1,1,none,none,-1,-1,-1,214460,26454,17:12:39.554639,hand
9,55,hand1,2,cue,black,-1,-1,-1,3,3,-1,0.15326056111734943,-1,1,none,none,-1,-1,-1,217227,26454,17:12:39.554639,hand
9,56,hand1,2,cue,black,-1,-1,-1,3,3,-1,0.17688356381404446,-1,1,none,none,-1,-1,-1,219709,26454,17:12:39.554639,hand
9,57,hand1,2,cue,black,-1,-1,-1,3,3,-1,0.17785046380595304,-1,1,none,none,-1,-1,-1,222209,26454,17:12:39.554639,hand
9,58,hand1,2,gabor,0,0.015582410262569497,3,4,-1,4,0.2126058722860762,-1,0,-1,incongruent,miss,c,1,2.552499252167763,224809,26454,17:12:39.554639,hand
9,59,hand1,2,cue,white,-1,-1,-1,4,4,-1,0.19625381931109587,-1,1,none,none,-1,-1,-1,230808,26454,17:12:39.554639,hand
9,60,hand1,2,gabor,90,0.015582410262569497,4,3,-1,4,0.4272327114813379,-1,0,-1,congruent,FA,3,2,3.2251448526003514,233544,26454,17:12:39.554639,hand
9,61,hand1,2,cue,black,-1,-1,-1,3,3,-1,0.28285396008504904,-1,1,none,none,-1,-1,-1,240426,26454,17:12:39.554639,hand
9,62,hand1,2,gabor,90,0.015582410262569497,3,3,-1,3,0.4164547332984512,-1,1,-1,congruent,CR,c,1,1.5115918560732098,243042,26454,17:12:39.554639,hand
9,63,hand1,2,cue,black,-1,-1,-1,3,3,-1,0.19428891570714768,-1,1,none,none,-1,-1,-1,248409,26454,17:12:39.554639,hand
9,64,hand1,2,cue,black,-1,-1,-1,3,3,-1,0.23729676572475,-1,1,none,none,-1,-1,-1,251042,26454,17:12:39.554639,hand
9,65,hand1,2,gabor,0,0.015582410262569497,4,4,-1,3,0.49774575598712545,-1,1,-1,incongruent,hit,q,2,4.170667832990148,257475,26454,17:12:39.554639,hand
9,66,hand1,2,cue,white,-1,-1,-1,4,4,-1,0.17326056879392127,-1,1,none,none,-1,-1,-1,265491,26454,17:12:39.554639,hand
9,67,hand1,2,cue,black,-1,-1,-1,3,3,-1,0.21617165201314492,-1,1,none,none,-1,-1,-1,268192,26454,17:12:39.554639,hand
9,68,hand1,2,cue,white,-1,-1,-1,4,4,-1,0.2830647734699596,-1,1,none,none,-1,-1,-1,270841,26454,17:12:39.554639,hand
9,69,hand1,2,gabor,0,0.015582410262569497,4,4,-1,4,0.7954273079740233,-1,1,-1,congruent,hit,4,1,3.0646056618570583,277124,26454,17:12:39.554639,hand
9,70,hand1,2,gabor,90,0.015582410262569497,4,3,-1,3,0.7162643868614396,-1,0,-1,incongruent,FA,4,1,1.5390379153068352,284441,26454,17:12:39.554639,hand
9,71,hand1,2,gabor,90,0.015582410262569497,4,3,-1,4,0.36592172871678486,-1,0,-1,congruent,FA,c,1,3.151845154690818,290141,26454,17:12:39.554639,hand
9,72,hand1,2,gabor,0,0.015582410262569497,4,4,-1,3,0.417408193457959,-1,1,-1,incongruent,hit,c,2,1.7353819734998979,297091,26454,17:12:39.554639,hand
9,73,hand1,3,cue,white,-1,-1,-1,4,4,-1,0.18841686061568907,-1,1,none,none,-1,-1,-1,316906,26454,17:12:39.554639,hand
9,74,hand1,3,cue,black,-1,-1,-1,3,3,-1,0.1662518878147239,-1,1,none,none,-1,-1,-1,319690,26454,17:12:39.554639,hand
9,75,hand1,3,gabor,90,0.015582410262569497,4,3,-1,3,0.41413655408177874,-1,0,-1,incongruent,FA,q,1,1.428035645509226,322391,26454,17:12:39.554639,hand
9,76,hand1,3,cue,white,-1,-1,-1,4,4,-1,0.17570239448104985,-1,1,none,none,-1,-1,-1,327572,26454,17:12:39.554639,hand
9,77,hand1,3,cue,black,-1,-1,-1,3,3,-1,0.22962646095766104,-1,1,none,none,-1,-1,-1,330072,26454,17:12:39.554639,hand
9,78,hand1,3,gabor,0,0.015582410262569497,4,4,-1,4,0.2864420115365647,-1,1,-1,congruent,hit,q,2,2.303343945681263,332639,26454,17:12:39.554639,hand
9,79,hand1,3,cue,black,-1,-1,-1,3,3,-1,0.274189875657612,-1,1,none,none,-1,-1,-1,338472,26454,17:12:39.554639,hand
9,80,hand1,3,cue,black,-1,-1,-1,3,3,-1,0.3778298048673605,-1,1,none,none,-1,-1,-1,344838,26454,17:12:39.554639,hand
9,81,hand1,3,cue,white,-1,-1,-1,4,4,-1,0.18864380180093576,-1,1,none,none,-1,-1,-1,347638,26454,17:12:39.554639,hand
9,82,hand1,3,cue,white,-1,-1,-1,4,4,-1,0.232559800537274,-1,1,none,none,-1,-1,-1,350154,26454,17:12:39.554639,hand
9,83,hand1,3,cue,black,-1,-1,-1,3,3,-1,0.20226833663400612,-1,1,none,none,-1,-1,-1,352721,26454,17:12:39.554639,hand
9,84,hand1,3,cue,black,-1,-1,-1,3,3,-1,0.17321103341237176,-1,1,none,none,-1,-1,-1,355455,26454,17:12:39.554639,hand
9,85,hand1,3,gabor,90,0.015582410262569497,4,3,-1,4,0.20505882998986635,-1,0,-1,congruent,FA,4,1,1.377130549550202,358055,26454,17:12:39.554639,hand
9,86,hand1,3,cue,white,-1,-1,-1,4,4,-1,0.18676260915526655,-1,1,none,none,-1,-1,-1,362872,26454,17:12:39.554639,hand
9,87,hand1,3,cue,black,-1,-1,-1,3,3,-1,0.4664240328784217,-1,1,none,none,-1,-1,-1,369055,26454,17:12:39.554639,hand
9,88,hand1,3,cue,white,-1,-1,-1,4,4,-1,0.19533338274050038,-1,1,none,none,-1,-1,-1,371954,26454,17:12:39.554639,hand
9,89,hand1,3,cue,black,-1,-1,-1,3,3,-1,0.20414415334744263,-1,1,none,none,-1,-1,-1,374488,26454,17:12:39.554639,hand
9,90,hand1,3,cue,white,-1,-1,-1,4,4,-1,0.17399707165168365,-1,1,none,none,-1,-1,-1,377222,26454,17:12:39.554639,hand
9,91,hand1,3,gabor,90,0.015582410262569497,4,3,-1,3,0.206736889154854,-1,0,-1,incongruent,FA,c,1,2.2207139316160465,379821,26454,17:12:39.554639,hand
9,92,hand1,3,cue,black,-1,-1,-1,3,3,-1,0.3585586201370461,-1,1,none,none,-1,-1,-1,385587,26454,17:12:39.554639,hand
9,93,hand1,3,cue,black,-1,-1,-1,3,3,-1,0.373280229352531,-1,1,none,none,-1,-1,-1,388471,26454,17:12:39.554639,hand
9,94,hand1,3,cue,black,-1,-1,-1,3,3,-1,0.17827861849218607,-1,1,none,none,-1,-1,-1,391372,26454,17:12:39.554639,hand
9,95,hand1,3,gabor,0,0.015582410262569497,4,4,-1,4,0.2548257640810334,-1,1,-1,congruent,hit,4,2,2.417942330830556,393887,26454,17:12:39.554639,hand
9,96,hand1,3,cue,white,-1,-1,-1,4,4,-1,0.15655792817779002,-1,1,none,none,-1,-1,-1,399804,26454,17:12:39.554639,hand
9,97,hand1,3,gabor,90,0.015582410262569497,4,3,-1,4,0.25756595406346605,-1,0,-1,congruent,FA,c,1,2.2654693439326365,402286,26454,17:12:39.554639,hand
9,98,hand1,3,gabor,0,0.015582410262569497,4,4,-1,3,0.3761993611115031,-1,1,-1,incongruent,hit,4,2,2.591116116702324,408052,26454,17:12:39.554639,hand
9,99,hand1,3,gabor,90,0.015582410262569497,4,3,-1,4,0.5047563569423801,-1,0,-1,congruent,FA,3,2,2.915746070098976,414253,26454,17:12:39.554639,hand
9,100,hand1,3,cue,white,-1,-1,-1,4,4,-1,0.30739509538398124,-1,1,none,none,-1,-1,-1,421120,26454,17:12:39.554639,hand
9,101,hand1,3,gabor,0,0.015582410262569497,4,4,-1,4,0.2862373420757649,-1,1,-1,congruent,hit,q,3,2.8062790132389637,423752,26454,17:12:39.554639,hand
9,102,hand1,3,cue,white,-1,-1,-1,4,4,-1,0.3859155924728839,-1,1,none,none,-1,-1,-1,430086,26454,17:12:39.554639,hand
9,103,hand1,3,cue,black,-1,-1,-1,3,3,-1,0.22873405603604624,-1,1,none,none,-1,-1,-1,432902,26454,17:12:39.554639,hand
9,104,hand1,3,cue,white,-1,-1,-1,4,4,-1,0.20862998565280577,-1,1,none,none,-1,-1,-1,435569,26454,17:12:39.554639,hand
9,105,hand1,3,cue,white,-1,-1,-1,4,4,-1,0.15248527474614093,-1,1,none,none,-1,-1,-1,438303,26454,17:12:39.554639,hand
9,106,hand1,3,gabor,0,0.015582410262569497,4,4,-1,3,0.2712861037143739,-1,1,-1,incongruent,hit,3,2,2.262203848476929,440885,26454,17:12:39.554639,hand
9,107,hand1,3,gabor,0,0.015582410262569497,4,4,-1,3,0.45000094078932307,-1,1,-1,incongruent,hit,c,3,3.1048756258642243,446752,26454,17:12:39.554639,hand
9,108,hand1,3,gabor,90,0.015582410262569497,4,3,-1,3,0.2815921517503739,-1,0,-1,incongruent,FA,q,1,2.183510937527899,453736,26454,17:12:39.554639,hand
9,109,hand1,4,cue,white,-1,-1,-1,4,4,-1,0.18064287713787053,-1,1,none,none,-1,-1,-1,469701,26454,17:12:39.554639,hand
9,110,hand1,4,cue,white,-1,-1,-1,4,4,-1,0.1825739891610283,-1,1,none,none,-1,-1,-1,472267,26454,17:12:39.554639,hand
9,111,hand1,4,gabor,0,0.015582410262569497,4,4,-1,3,0.47027780902863014,-1,1,-1,incongruent,hit,c,2,3.810332466913678,474884,26454,17:12:39.554639,hand
9,112,hand1,4,gabor,0,0.015582410262569497,4,4,-1,3,0.3460691752079583,-1,1,-1,incongruent,hit,q,2,2.059819545280334,482401,26454,17:12:39.554639,hand
9,113,hand1,4,cue,black,-1,-1,-1,4,3,-1,0.4166313711029943,-1,0,none,none,-1,-1,-1,488235,26454,17:12:39.554639,hand
9,114,hand1,4,cue,white,-1,-1,-1,4,4,-1,0.19445403365898528,-1,1,none,none,-1,-1,-1,490983,26454,17:12:39.554639,hand
9,115,hand1,4,cue,white,-1,-1,-1,4,4,-1,0.20423324024159228,-1,1,none,none,-1,-1,-1,493600,26454,17:12:39.554639,hand
9,116,hand1,4,cue,black,-1,-1,-1,3,3,-1,0.18233130417502252,-1,1,none,none,-1,-1,-1,496234,26454,17:12:39.554639,hand
9,117,hand1,4,cue,black,-1,-1,-1,3,3,-1,0.191044539991708,-1,1,none,none,-1,-1,-1,498850,26454,17:12:39.554639,hand
9,118,hand1,4,cue,black,-1,-1,-1,3,3,-1,0.19286198942791088,-1,1,none,none,-1,-1,-1,501568,26454,17:12:39.554639,hand
9,119,hand1,4,cue,black,-1,-1,-1,3,3,-1,0.18764656618077424,-1,1,none,none,-1,-1,-1,504083,26454,17:12:39.554639,hand
9,120,hand1,4,cue,black,-1,-1,-1,3,3,-1,0.3195216648200585,-1,1,none,none,-1,-1,-1,506600,26454,17:12:39.554639,hand
9,121,hand1,4,cue,white,-1,-1,-1,4,4,-1,0.17537484654894797,-1,1,none,none,-1,-1,-1,509349,26454,17:12:39.554639,hand
9,122,hand1,4,cue,white,-1,-1,-1,4,4,-1,0.1732563448495057,-1,1,none,none,-1,-1,-1,511849,26454,17:12:39.554639,hand
9,123,hand1,4,cue,white,-1,-1,-1,4,4,-1,0.2972464853883139,-1,1,none,none,-1,-1,-1,514551,26454,17:12:39.554639,hand
9,124,hand1,4,cue,white,-1,-1,-1,4,4,-1,0.3807435606868239,-1,1,none,none,-1,-1,-1,520950,26454,17:12:39.554639,hand
9,125,hand1,4,gabor,0,0.015582410262569497,4,4,-1,4,0.35138904515406466,-1,1,-1,congruent,hit,q,1,1.311274983210751,527532,26454,17:12:39.554639,hand
9,126,hand1,4,cue,black,-1,-1,-1,3,3,-1,0.18515213315185974,-1,1,none,none,-1,-1,-1,532533,26454,17:12:39.554639,hand
9,127,hand1,4,cue,white,-1,-1,-1,4,4,-1,0.2780375078837096,-1,1,none,none,-1,-1,-1,535049,26454,17:12:39.554639,hand
9,128,hand1,4,gabor,0,0.015582410262569497,4,4,-1,3,0.42585647256782977,-1,1,-1,incongruent,hit,c,2,2.1357342507253634,537666,26454,17:12:39.554639,hand
9,129,hand1,4,cue,black,-1,-1,-1,3,3,-1,0.21027233325730776,-1,1,none,none,-1,-1,-1,543666,26454,17:12:39.554639,hand
9,130,hand1,4,cue,white,-1,-1,-1,4,4,-1,0.1623382084108016,-1,1,none,none,-1,-1,-1,546198,26454,17:12:39.554639,hand
9,131,hand1,4,cue,black,-1,-1,-1,3,3,-1,0.2352147435740335,-1,1,none,none,-1,-1,-1,548900,26454,17:12:39.554639,hand
9,132,hand1,4,gabor,0,0.015582410262569497,4,4,-1,4,0.29876326655357843,-1,1,-1,congruent,hit,4,1,2.2486914402470575,555132,26454,17:12:39.554639,hand
9,133,hand1,4,gabor,0,0.015582410262569497,3,4,-1,4,0.24937725573181524,-1,0,-1,incongruent,miss,4,1,1.4993220564174408,561031,26454,17:12:39.554639,hand
9,134,hand1,4,cue,black,-1,-1,-1,3,3,-1,0.19520551232562866,-1,1,none,none,-1,-1,-1,566233,26454,17:12:39.554639,hand
9,135,hand1,4,cue,black,-1,-1,-1,3,3,-1,0.29399250978895,-1,1,none,none,-1,-1,-1,568865,26454,17:12:39.554639,hand
9,136,hand1,4,gabor,90,0.015582410262569497,4,3,-1,3,0.27985610930772964,-1,0,-1,incongruent,FA,3,2,1.0017252905781788,571481,26454,17:12:39.554639,hand
9,137,hand1,4,cue,black,-1,-1,-1,3,3,-1,0.22564251042422256,-1,1,none,none,-1,-1,-1,576198,26454,17:12:39.554639,hand
9,138,hand1,4,cue,white,-1,-1,-1,4,4,-1,0.3123040904320078,-1,1,none,none,-1,-1,-1,578948,26454,17:12:39.554639,hand
9,139,hand1,4,cue,white,-1,-1,-1,4,4,-1,0.21923247801169055,-1,1,none,none,-1,-1,-1,581798,26454,17:12:39.554639,hand
9,140,hand1,4,gabor,90,0.015582410262569497,3,3,-1,3,0.2878313062865345,-1,1,-1,congruent,CR,3,2,2.2937678725793376,588114,26454,17:12:39.554639,hand
9,141,hand1,4,gabor,90,0.015582410262569497,3,3,-1,3,0.17231094858652796,-1,1,-1,congruent,CR,3,1,3.8573354033251235,597797,26454,17:12:39.554639,hand
9,142,hand1,4,gabor,90,0.015582410262569497,4,3,-1,4,0.21292036438171635,-1,0,-1,congruent,FA,3,1,1.8609491824536235,605264,26454,17:12:39.554639,hand
9,143,hand1,4,gabor,90,0.015582410262569497,4,3,-1,4,0.3295458603606676,-1,0,-1,congruent,FA,c,1,1.2815299445246637,610764,26454,17:12:39.554639,hand
9,144,hand1,4,gabor,90,0.015582410262569497,3,3,-1,4,0.376298047885939,-1,1,-1,incongruent,CR,c,1,1.410317721492902,615712,26454,17:12:39.554639,hand
9,145,hand1,5,gabor,90,0.015582410262569497,4,3,-1,4,0.2617737738182768,-1,0,-1,congruent,FA,4,1,3.8586045075680886,626029,26454,17:12:39.554639,hand
9,146,hand1,5,cue,white,-1,-1,-1,4,4,-1,0.3932564293281757,-1,1,none,none,-1,-1,-1,633495,26454,17:12:39.554639,hand
9,147,hand1,5,gabor,0,0.015582410262569497,3,4,-1,4,0.3041292159323348,-1,0,-1,incongruent,miss,3,1,1.596007063977595,636213,26454,17:12:39.554639,hand
9,148,hand1,5,cue,black,-1,-1,-1,4,3,-1,0.4217838191325427,-1,0,none,none,-1,-1,-1,641547,26454,17:12:39.554639,hand
9,149,hand1,5,cue,black,-1,-1,-1,3,3,-1,0.21565364244452212,-1,1,none,none,-1,-1,-1,644395,26454,17:12:39.554639,hand
9,150,hand1,5,cue,white,-1,-1,-1,4,4,-1,0.2656455977448786,-1,1,none,none,-1,-1,-1,646945,26454,17:12:39.554639,hand
9,151,hand1,5,gabor,0,0.015582410262569497,4,4,-1,4,0.135318767883291,-1,1,-1,congruent,hit,q,1,2.043327334049536,649545,26454,17:12:39.554639,hand
9,152,hand1,5,cue,black,-1,-1,-1,3,3,-1,0.4300339566980256,-1,1,none,none,-1,-1,-1,655062,26454,17:12:39.554639,hand
9,153,hand1,5,cue,white,-1,-1,-1,4,4,-1,0.22154720126854954,-1,1,none,none,-1,-1,-1,664327,26454,17:12:39.554639,hand
9,154,hand1,5,cue,black,-1,-1,-1,4,3,-1,0.47236827907545376,-1,0,none,none,-1,-1,-1,666978,26454,17:12:39.554639,hand
9,155,hand1,5,cue,black,-1,-1,-1,3,3,-1,0.2211862457515963,-1,1,none,none,-1,-1,-1,669777,26454,17:12:39.554639,hand
9,156,hand1,5,cue,black,-1,-1,-1,3,3,-1,0.19716657598110032,-1,1,none,none,-1,-1,-1,672428,26454,17:12:39.554639,hand
9,157,hand1,5,cue,white,-1,-1,-1,4,4,-1,0.17602111052474356,-1,1,none,none,-1,-1,-1,675061,26454,17:12:39.554639,hand
9,158,hand1,5,cue,black,-1,-1,-1,3,3,-1,0.161806375010201,-1,1,none,none,-1,-1,-1,677661,26454,17:12:39.554639,hand
9,159,hand1,5,cue,white,-1,-1,-1,4,4,-1,0.19277597449399764,-1,1,none,none,-1,-1,-1,680161,26454,17:12:39.554639,hand
9,160,hand1,5,cue,white,-1,-1,-1,4,4,-1,0.4692713575277594,-1,1,none,none,-1,-1,-1,686544,26454,17:12:39.554639,hand
9,161,hand1,5,gabor,90,0.015582410262569497,3,3,-1,4,0.2701552377511689,-1,1,-1,incongruent,CR,q,2,2.555188370781252,689444,26454,17:12:39.554639,hand
9,162,hand1,5,cue,white,-1,-1,-1,4,4,-1,0.33485382645449135,-1,1,none,none,-1,-1,-1,695712,26454,17:12:39.554639,hand
9,163,hand1,5,gabor,90,0.015582410262569497,4,3,-1,4,0.38069364130933536,-1,0,-1,congruent,FA,4,3,1.8954711218284501,698377,26454,17:12:39.554639,hand
9,164,hand1,5,cue,black,-1,-1,-1,3,3,-1,0.2072341629791481,-1,1,none,none,-1,-1,-1,703893,26454,17:12:39.554639,hand
9,165,hand1,5,cue,white,-1,-1,-1,4,4,-1,0.17823215507087298,-1,1,none,none,-1,-1,-1,706427,26454,17:12:39.554639,hand
9,166,hand1,5,cue,white,-1,-1,-1,4,4,-1,0.3387993774667848,-1,1,none,none,-1,-1,-1,711760,26454,17:12:39.554639,hand
9,167,hand1,5,gabor,0,0.015582410262569497,4,4,-1,3,0.29072163840100984,-1,1,-1,incongruent,hit,4,3,1.2166013426758582,714628,26454,17:12:39.554639,hand
9,168,hand1,5,cue,black,-1,-1,-1,3,3,-1,0.28339654535011505,-1,1,none,none,-1,-1,-1,719577,26454,17:12:39.554639,hand
9,169,hand1,5,cue,white,-1,-1,-1,4,4,-1,0.2022111213482276,-1,1,none,none,-1,-1,-1,722393,26454,17:12:39.554639,hand
9,170,hand1,5,cue,black,-1,-1,-1,3,3,-1,0.308172685730824,-1,1,none,none,-1,-1,-1,725026,26454,17:12:39.554639,hand
9,171,hand1,5,gabor,90,0.015582410262569497,4,3,-1,3,0.33986112428465276,-1,0,-1,incongruent,FA,3,1,1.2257792127238645,727759,26454,17:12:39.554639,hand
9,172,hand1,5,gabor,0,0.015582410262569497,4,4,-1,3,0.2646836896892637,-1,1,-1,incongruent,hit,q,2,1.8805701868404867,732559,26454,17:12:39.554639,hand
9,173,hand1,5,cue,white,-1,-1,-1,4,4,-1,0.4163349267873855,-1,1,none,none,-1,-1,-1,738143,26454,17:12:39.554639,hand
9,174,hand1,5,gabor,90,0.015582410262569497,3,3,-1,3,0.2651475559287064,-1,1,-1,congruent,CR,c,1,1.6112078992409806,741094,26454,17:12:39.554639,hand
9,175,hand1,5,gabor,0,0.015582410262569497,4,4,-1,3,0.2508325976632477,-1,1,-1,incongruent,hit,q,1,2.554753304182668,746309,26454,17:12:39.554639,hand
9,176,hand1,5,cue,black,-1,-1,-1,3,3,-1,0.18747607229670393,-1,1,none,none,-1,-1,-1,752358,26454,17:12:39.554639,hand
9,177,hand1,5,cue,white,-1,-1,-1,4,4,-1,0.19645388083154103,-1,1,none,none,-1,-1,-1,754875,26454,17:12:39.554639,hand
9,178,hand1,5,gabor,90,0.015582410262569497,3,3,-1,3,0.2801149220940715,-1,1,-1,congruent,CR,c,1,2.5622028116886213,757508,26454,17:12:39.554639,hand
9,179,hand1,5,gabor,0,0.015582410262569497,4,4,-1,4,0.49387239608040545,-1,1,-1,congruent,hit,q,1,1.942777414475131,763575,26454,17:12:39.554639,hand
9,180,hand1,5,cue,black,-1,-1,-1,3,3,-1,0.21458959165465785,-1,1,none,none,-1,-1,-1,769258,26454,17:12:39.554639,hand
9,181,hand1,6,cue,black,-1,-1,-1,3,3,-1,0.18421480078905006,-1,1,none,none,-1,-1,-1,793625,26454,17:12:39.554639,hand
9,182,hand1,6,gabor,90,0.015582410262569497,4,3,-1,3,0.2729848986164143,-1,0,-1,incongruent,FA,4,1,1.4719474203011487,796425,26454,17:12:39.554639,hand
9,183,hand1,6,cue,white,-1,-1,-1,4,4,-1,0.1786845014539722,-1,1,none,none,-1,-1,-1,801608,26454,17:12:39.554639,hand
9,184,hand1,6,cue,black,-1,-1,-1,3,3,-1,0.19452968072073418,-1,1,none,none,-1,-1,-1,804124,26454,17:12:39.554639,hand
9,185,hand1,6,cue,white,-1,-1,-1,4,4,-1,0.2243949099101883,-1,1,none,none,-1,-1,-1,806841,26454,17:12:39.554639,hand
9,186,hand1,6,cue,black,-1,-1,-1,3,3,-1,0.18426318419005838,-1,1,none,none,-1,-1,-1,809389,26454,17:12:39.554639,hand
9,187,hand1,6,cue,white,-1,-1,-1,4,4,-1,0.13620118892504252,-1,1,none,none,-1,-1,-1,811907,26454,17:12:39.554639,hand
9,188,hand1,6,gabor,90,0.015582410262569497,4,3,-1,4,0.21273604666930623,-1,0,-1,congruent,FA,4,1,1.3187644262216054,817206,26454,17:12:39.554639,hand
9,189,hand1,6,gabor,90,0.015582410262569497,3,3,-1,4,0.20749374375736807,-1,1,-1,incongruent,CR,4,1,1.4034553427009087,822174,26454,17:12:39.554639,hand
9,190,hand1,6,cue,white,-1,-1,-1,4,4,-1,0.3361179387611628,-1,1,none,none,-1,-1,-1,827122,26454,17:12:39.554639,hand
9,191,hand1,6,cue,white,-1,-1,-1,4,4,-1,0.20310391026214347,-1,1,none,none,-1,-1,-1,829991,26454,17:12:39.554639,hand
9,192,hand1,6,cue,black,-1,-1,-1,3,3,-1,0.21706367293882067,-1,1,none,none,-1,-1,-1,832623,26454,17:12:39.554639,hand
9,193,hand1,6,cue,white,-1,-1,-1,4,4,-1,0.15676835756312357,-1,1,none,none,-1,-1,-1,835373,26454,17:12:39.554639,hand
9,194,hand1,6,cue,black,-1,-1,-1,3,3,-1,0.15360884479378,-1,1,none,none,-1,-1,-1,837956,26454,17:12:39.554639,hand
9,195,hand1,6,gabor,0,0.015582410262569497,4,4,-1,4,0.04940098663792014,-1,1,-1,congruent,hit,c,1,2.8644235713181843,840640,26454,17:12:39.554639,hand
9,196,hand1,6,cue,white,-1,-1,-1,4,4,-1,0.28023204064083984,-1,1,none,none,-1,-1,-1,847007,26454,17:12:39.554639,hand
9,197,hand1,6,cue,black,-1,-1,-1,3,3,-1,0.18214737045855145,-1,1,none,none,-1,-1,-1,849824,26454,17:12:39.554639,hand
9,198,hand1,6,cue,black,-1,-1,-1,3,3,-1,0.22782859527796973,-1,1,none,none,-1,-1,-1,852540,26454,17:12:39.554639,hand
9,199,hand1,6,cue,black,-1,-1,-1,4,3,-1,0.34364424531304394,-1,0,none,none,-1,-1,-1,855289,26454,17:12:39.554639,hand
9,200,hand1,6,gabor,0,0.015582410262569497,3,4,-1,4,0.29139324606148875,-1,0,-1,incongruent,miss,q,1,1.6833721232542302,857955,26454,17:12:39.554639,hand
9,201,hand1,6,cue,black,-1,-1,-1,3,3,-1,0.1722249336562527,-1,1,none,none,-1,-1,-1,863373,26454,17:12:39.554639,hand
9,202,hand1,6,gabor,90,0.015582410262569497,4,3,-1,3,0.3149862971295079,-1,0,-1,incongruent,FA,q,1,1.3099152560898801,866073,26454,17:12:39.554639,hand
9,203,hand1,6,gabor,90,0.015582410262569497,4,3,-1,3,0.2746775496052578,-1,0,-1,incongruent,FA,c,1,2.3536023936721904,871021,26454,17:12:39.554639,hand
9,204,hand1,6,gabor,0,0.015582410262569497,4,4,-1,4,0.3153403407341102,-1,1,-1,congruent,hit,3,2,2.4653930056811078,876888,26454,17:12:39.554639,hand
9,205,hand1,6,cue,white,-1,-1,-1,4,4,-1,0.19212203061033506,-1,1,none,none,-1,-1,-1,883021,26454,17:12:39.554639,hand
9,206,hand1,6,cue,black,-1,-1,-1,3,3,-1,0.18895598992094165,-1,1,none,none,-1,-1,-1,885538,26454,17:12:39.554639,hand
9,207,hand1,6,gabor,0,0.015582410262569497,4,4,-1,3,0.2126845913080615,-1,1,-1,incongruent,hit,q,2,2.5916706058160344,888154,26454,17:12:39.554639,hand
9,208,hand1,6,cue,white,-1,-1,-1,4,4,-1,0.1744359782023821,-1,1,none,none,-1,-1,-1,894388,26454,17:12:39.554639,hand
9,209,hand1,6,gabor,0,0.015582410262569497,4,4,-1,3,0.18207556334891706,-1,1,-1,incongruent,hit,q,1,1.4049502361376653,900654,26454,17:12:39.554639,hand
9,210,hand1,6,cue,black,-1,-1,-1,3,3,-1,0.24176416625778074,-1,1,none,none,-1,-1,-1,905487,26454,17:12:39.554639,hand
9,211,hand1,6,gabor,90,0.015582410262569497,4,3,-1,4,0.27456388701466494,-1,0,-1,congruent,FA,4,2,2.0635450670270075,908254,26454,17:12:39.554639,hand
9,212,hand1,6,cue,white,-1,-1,-1,4,4,-1,0.447257678850292,-1,1,none,none,-1,-1,-1,913936,26454,17:12:39.554639,hand
9,213,hand1,6,cue,white,-1,-1,-1,4,4,-1,0.18310236660181545,-1,1,none,none,-1,-1,-1,916720,26454,17:12:39.554639,hand
9,214,hand1,6,cue,black,-1,-1,-1,3,3,-1,0.2439633069516276,-1,1,none,none,-1,-1,-1,919437,26454,17:12:39.554639,hand
9,215,hand1,6,cue,white,-1,-1,-1,4,4,-1,0.27678030749666505,-1,1,none,none,-1,-1,-1,922204,26454,17:12:39.554639,hand
9,216,hand1,6,gabor,0,0.015582410262569497,3,4,-1,3,0.15248450675426284,-1,0,-1,congruent,miss,4,1,1.5945455781220517,925004,26454,17:12:39.554639,hand
9,217,hand1,7,gabor,90,0.015582410262569497,3,3,-1,4,0.34971367395701236,-1,1,-1,incongruent,CR,4,1,2.2196990322154306,940552,26454,17:12:39.554639,hand
9,218,hand1,7,gabor,0,0.015582410262569497,3,4,-1,3,0.33412961144495057,-1,0,-1,congruent,miss,4,1,0.9624241465426167,946518,26454,17:12:39.554639,hand
9,219,hand1,7,cue,white,-1,-1,-1,4,4,-1,0.19012218344505527,-1,1,none,none,-1,-1,-1,951136,26454,17:12:39.554639,hand
9,220,hand1,7,cue,white,-1,-1,-1,4,4,-1,0.20600998618101585,-1,1,none,none,-1,-1,-1,953652,26454,17:12:39.554639,hand
9,221,hand1,7,cue,black,-1,-1,-1,3,3,-1,0.21996283694170415,-1,1,none,none,-1,-1,-1,956285,26454,17:12:39.554639,hand
9,222,hand1,7,cue,white,-1,-1,-1,4,4,-1,0.16668657041736878,-1,1,none,none,-1,-1,-1,959036,26454,17:12:39.554639,hand
9,223,hand1,7,cue,black,-1,-1,-1,3,3,-1,0.16560331987056998,-1,1,none,none,-1,-1,-1,961635,26454,17:12:39.554639,hand
9,224,hand1,7,cue,white,-1,-1,-1,4,4,-1,0.34027430315472884,-1,1,none,none,-1,-1,-1,967802,26454,17:12:39.554639,hand
9,225,hand1,7,cue,white,-1,-1,-1,4,4,-1,0.29706485564020113,-1,1,none,none,-1,-1,-1,970568,26454,17:12:39.554639,hand
9,226,hand1,7,cue,black,-1,-1,-1,3,3,-1,0.2629422713071108,-1,1,none,none,-1,-1,-1,973201,26454,17:12:39.554639,hand
9,227,hand1,7,gabor,0,0.015582410262569497,3,4,-1,3,0.21365763522771886,-1,0,-1,congruent,miss,c,1,2.13663395155163,976003,26454,17:12:39.554639,hand
9,228,hand1,7,cue,black,-1,-1,-1,3,3,-1,0.18851516339782393,-1,1,none,none,-1,-1,-1,981785,26454,17:12:39.554639,hand
9,229,hand1,7,cue,white,-1,-1,-1,4,4,-1,0.3492928151790693,-1,1,none,none,-1,-1,-1,984301,26454,17:12:39.554639,hand
9,230,hand1,7,cue,white,-1,-1,-1,4,4,-1,0.30416646346930065,-1,1,none,none,-1,-1,-1,987186,26454,17:12:39.554639,hand
9,231,hand1,7,cue,black,-1,-1,-1,3,3,-1,0.19779632816062076,-1,1,none,none,-1,-1,-1,992751,26454,17:12:39.554639,hand
9,232,hand1,7,gabor,0,0.015582410262569497,4,4,-1,3,0.18157252959281323,-1,1,-1,incongruent,hit,3,1,2.0955499176525336,995485,26454,17:12:39.554639,hand
9,233,hand1,7,cue,black,-1,-1,-1,3,3,-1,0.1823013525463466,-1,1,none,none,-1,-1,-1,1001100,26454,17:12:39.554639,hand
9,234,hand1,7,cue,white,-1,-1,-1,4,4,-1,0.15227906930158497,-1,1,none,none,-1,-1,-1,1003818,26454,17:12:39.554639,hand
9,235,hand1,7,gabor,90,0.015582410262569497,4,3,-1,4,0.08112206478836015,-1,0,-1,congruent,FA,3,1,2.155967727503594,1006400,26454,17:12:39.554639,hand
9,236,hand1,7,cue,white,-1,-1,-1,4,4,-1,0.24166010354747414,-1,1,none,none,-1,-1,-1,1012067,26454,17:12:39.554639,hand
9,237,hand1,7,cue,white,-1,-1,-1,4,4,-1,0.24650151543755783,-1,1,none,none,-1,-1,-1,1014733,26454,17:12:39.554639,hand
9,238,hand1,7,cue,black,-1,-1,-1,4,3,-1,0.36836393839257653,-1,0,none,none,-1,-1,-1,1017417,26454,17:12:39.554639,hand
9,239,hand1,7,cue,black,-1,-1,-1,3,3,-1,0.16429197615070734,-1,1,none,none,-1,-1,-1,1020318,26454,17:12:39.554639,hand
9,240,hand1,7,gabor,90,0.015582410262569497,3,3,-1,4,0.23884119455033215,-1,1,-1,incongruent,CR,c,1,2.2777387595961045,1026683,26454,17:12:39.554639,hand
9,241,hand1,7,cue,black,-1,-1,-1,3,3,-1,0.3345401023507293,-1,1,none,none,-1,-1,-1,1032432,26454,17:12:39.554639,hand
9,242,hand1,7,gabor,90,0.015582410262569497,4,3,-1,3,0.23327441566289053,-1,0,-1,incongruent,FA,c,1,1.5012481765043049,1035099,26454,17:12:39.554639,hand
9,243,hand1,7,cue,white,-1,-1,-1,4,4,-1,0.36310166773182573,-1,1,none,none,-1,-1,-1,1040183,26454,17:12:39.554639,hand
9,244,hand1,7,cue,white,-1,-1,-1,4,4,-1,0.2788584896916291,-1,1,none,none,-1,-1,-1,1042882,26454,17:12:39.554639,hand
9,245,hand1,7,gabor,90,0.015582410262569497,4,3,-1,3,0.28362655849196017,-1,0,-1,incongruent,FA,3,1,3.584640037108329,1045700,26454,17:12:39.554639,hand
9,246,hand1,7,gabor,0,0.015582410262569497,3,4,-1,4,0.17822677913864027,-1,0,-1,incongruent,miss,4,1,1.943350335361174,1052815,26454,17:12:39.554639,hand
9,247,hand1,7,cue,black,-1,-1,-1,3,3,-1,0.19699646609296906,-1,1,none,none,-1,-1,-1,1058165,26454,17:12:39.554639,hand
9,248,hand1,7,gabor,0,0.015582410262569497,3,4,-1,4,0.16380468620263855,-1,0,-1,incongruent,miss,4,1,1.1788231237296714,1060900,26454,17:12:39.554639,hand
9,249,hand1,7,cue,black,-1,-1,-1,4,3,-1,0.5315972396892903,-1,0,none,none,-1,-1,-1,1065565,26454,17:12:39.554639,hand
9,250,hand1,7,gabor,0,0.015582410262569497,3,4,-1,4,0.19542400561476825,-1,0,-1,incongruent,miss,q,1,1.674332875481923,1068632,26454,17:12:39.554639,hand
9,251,hand1,7,cue,black,-1,-1,-1,3,3,-1,0.5582069573029003,-1,1,none,none,-1,-1,-1,1073832,26454,17:12:39.554639,hand
9,252,hand1,7,gabor,90,0.015582410262569497,4,3,-1,3,0.24269381871272344,-1,0,-1,incongruent,FA,q,1,1.4066931904999365,1080481,26454,17:12:39.554639,hand
9,253,hand1,8,cue,white,-1,-1,-1,4,4,-1,0.16942368843592703,-1,1,none,none,-1,-1,-1,1107147,26454,17:12:39.554639,hand
9,254,hand1,8,gabor,90,0.015582410262569497,4,3,-1,3,0.17502848284857464,-1,0,-1,incongruent,FA,c,1,3.0649739132823015,1109931,26454,17:12:39.554639,hand
9,255,hand1,8,cue,black,-1,-1,-1,3,3,-1,0.17770416162602487,-1,1,none,none,-1,-1,-1,1116513,26454,17:12:39.554639,hand
9,256,hand1,8,gabor,0,0.015582410262569497,3,4,-1,3,0.04853891734092031,-1,0,-1,congruent,miss,3,1,2.4585298588935984,1119013,26454,17:12:39.554639,hand
9,257,hand1,8,gabor,90,0.015582410262569497,4,3,-1,3,0.17233245231909677,-1,0,-1,incongruent,FA,3,1,2.1730117398874427,1124763,26454,17:12:39.554639,hand
9,258,hand1,8,gabor,90,0.015582410262569497,4,3,-1,4,0.08387070265962393,-1,0,-1,congruent,FA,c,1,1.6128402629765333,1130547,26454,17:12:39.554639,hand
9,259,hand1,8,cue,black,-1,-1,-1,3,3,-1,0.3046725691856409,-1,1,none,none,-1,-1,-1,1135663,26454,17:12:39.554639,hand
9,260,hand1,8,cue,white,-1,-1,-1,4,4,-1,0.21642777683155145,-1,1,none,none,-1,-1,-1,1138496,26454,17:12:39.554639,hand
9,261,hand1,8,cue,black,-1,-1,-1,3,3,-1,0.2583654321351787,-1,1,none,none,-1,-1,-1,1141145,26454,17:12:39.554639,hand
9,262,hand1,8,gabor,90,0.015582410262569497,4,3,-1,4,0.22226719233003678,-1,0,-1,congruent,FA,q,1,5.400012057449203,1143930,26454,17:12:39.554639,hand
9,263,hand1,8,gabor,0,0.015582410262569497,3,4,-1,4,0.16259510121744825,-1,0,-1,incongruent,miss,c,1,2.2955572903629218,1152795,26454,17:12:39.554639,hand
9,264,hand1,8,gabor,90,0.015582410262569497,3,3,-1,3,0.14927929854820832,-1,1,-1,congruent,CR,4,1,1.1351985773762863,1158595,26454,17:12:39.554639,hand
9,265,hand1,8,gabor,90,0.015582410262569497,3,3,-1,4,0.03607904004456941,-1,1,-1,incongruent,CR,q,1,1.7279904492716014,1163330,26454,17:12:39.554639,hand
9,266,hand1,8,cue,white,-1,-1,-1,4,4,-1,0.24984956986736506,-1,1,none,none,-1,-1,-1,1168328,26454,17:12:39.554639,hand
9,267,hand1,8,cue,black,-1,-1,-1,3,3,-1,0.18157752153274487,-1,1,none,none,-1,-1,-1,1171011,26454,17:12:39.554639,hand
9,268,hand1,8,cue,white,-1,-1,-1,4,4,-1,0.20346563377097482,-1,1,none,none,-1,-1,-1,1173628,26454,17:12:39.554639,hand
9,269,hand1,8,cue,black,-1,-1,-1,3,3,-1,0.17725335122304386,-1,1,none,none,-1,-1,-1,1176161,26454,17:12:39.554639,hand
9,270,hand1,8,cue,white,-1,-1,-1,4,4,-1,0.18020205061111483,-1,1,none,none,-1,-1,-1,1178863,26454,17:12:39.554639,hand
9,271,hand1,8,gabor,0,0.015582410262569497,4,4,-1,4,0.17894024227643968,-1,1,-1,congruent,hit,3,1,2.099907879543025,1181379,26454,17:12:39.554639,hand
9,272,hand1,8,gabor,0,0.015582410262569497,3,4,-1,3,0.23951165022299392,-1,0,-1,congruent,miss,q,1,2.658730765197106,1186894,26454,17:12:39.554639,hand
9,273,hand1,8,cue,black,-1,-1,-1,3,3,-1,0.2452316432063526,-1,1,none,none,-1,-1,-1,1193110,26454,17:12:39.554639,hand
9,274,hand1,8,cue,black,-1,-1,-1,3,3,-1,0.44433355515502626,-1,1,none,none,-1,-1,-1,1195694,26454,17:12:39.554639,hand
9,275,hand1,8,cue,black,-1,-1,-1,3,3,-1,0.1911002193010063,-1,1,none,none,-1,-1,-1,1198662,26454,17:12:39.554639,hand
9,276,hand1,8,cue,white,-1,-1,-1,4,4,-1,0.16590552411435056,-1,1,none,none,-1,-1,-1,1201177,26454,17:12:39.554639,hand
9,277,hand1,8,cue,white,-1,-1,-1,4,4,-1,0.24370871811333927,-1,1,none,none,-1,-1,-1,1203677,26454,17:12:39.554639,hand
9,278,hand1,8,cue,black,-1,-1,-1,3,3,-1,0.22352093676454388,-1,1,none,none,-1,-1,-1,1206444,26454,17:12:39.554639,hand
9,279,hand1,8,cue,black,-1,-1,-1,3,3,-1,0.21642547285955516,-1,1,none,none,-1,-1,-1,1208993,26454,17:12:39.554639,hand
9,280,hand1,8,cue,white,-1,-1,-1,4,4,-1,0.1973151821330248,-1,1,none,none,-1,-1,-1,1211744,26454,17:12:39.554639,hand
9,281,hand1,8,cue,white,-1,-1,-1,4,4,-1,0.19915144733749912,-1,1,none,none,-1,-1,-1,1214277,26454,17:12:39.554639,hand
9,282,hand1,8,cue,black,-1,-1,-1,3,3,-1,0.22799947316161706,-1,1,none,none,-1,-1,-1,1216810,26454,17:12:39.554639,hand
9,283,hand1,8,cue,white,-1,-1,-1,4,4,-1,0.17580184924372588,-1,1,none,none,-1,-1,-1,1219460,26454,17:12:39.554639,hand
9,284,hand1,8,cue,white,-1,-1,-1,4,4,-1,0.16872942505506217,-1,1,none,none,-1,-1,-1,1222161,26454,17:12:39.554639,hand
9,285,hand1,8,gabor,0,0.015582410262569497,4,4,-1,4,0.08043125736367074,-1,1,-1,congruent,hit,q,1,1.578465777769452,1224860,26454,17:12:39.554639,hand
9,286,hand1,8,gabor,0,0.015582410262569497,3,4,-1,3,0.15426624462998006,-1,0,-1,congruent,miss,c,1,1.5603081792105513,1229859,26454,17:12:39.554639,hand
9,287,hand1,8,cue,white,-1,-1,-1,4,4,-1,0.19710590473550837,-1,1,none,none,-1,-1,-1,1234910,26454,17:12:39.554639,hand
9,288,hand1,8,cue,black,-1,-1,-1,3,3,-1,0.22477736916334834,-1,1,none,none,-1,-1,-1,1237543,26454,17:12:39.554639,hand
9,289,hand1,9,gabor,90,0.015582410262569497,3,3,-1,3,0.11474929527321365,-1,1,-1,congruent,CR,4,1,1.2828025047238043,1254959,26454,17:12:39.554639,hand
9,290,hand1,9,cue,black,-1,-1,-1,3,3,-1,0.36751761290361173,-1,1,none,none,-1,-1,-1,1259842,26454,17:12:39.554639,hand
9,291,hand1,9,cue,black,-1,-1,-1,3,3,-1,0.1853402908127464,-1,1,none,none,-1,-1,-1,1262541,26454,17:12:39.554639,hand
9,292,hand1,9,cue,black,-1,-1,-1,3,3,-1,0.2512158249046479,-1,1,none,none,-1,-1,-1,1265059,26454,17:12:39.554639,hand
9,293,hand1,9,cue,white,-1,-1,-1,4,4,-1,0.2261186645118869,-1,1,none,none,-1,-1,-1,1267843,26454,17:12:39.554639,hand
9,294,hand1,9,cue,black,-1,-1,-1,3,3,-1,0.24997782427453785,-1,1,none,none,-1,-1,-1,1270593,26454,17:12:39.554639,hand
9,295,hand1,9,cue,white,-1,-1,-1,4,4,-1,0.229733211632265,-1,1,none,none,-1,-1,-1,1273376,26454,17:12:39.554639,hand
9,296,hand1,9,cue,black,-1,-1,-1,3,3,-1,0.22856049019173952,-1,1,none,none,-1,-1,-1,1276143,26454,17:12:39.554639,hand
9,297,hand1,9,cue,white,-1,-1,-1,4,4,-1,0.22842186791604036,-1,1,none,none,-1,-1,-1,1278808,26454,17:12:39.554639,hand
9,298,hand1,9,cue,white,-1,-1,-1,4,4,-1,0.20727333049217123,-1,1,none,none,-1,-1,-1,1281474,26454,17:12:39.554639,hand
9,299,hand1,9,cue,white,-1,-1,-1,4,4,-1,0.2581430988975626,-1,1,none,none,-1,-1,-1,1284209,26454,17:12:39.554639,hand
9,300,hand1,9,cue,black,-1,-1,-1,3,3,-1,0.3019949704321334,-1,1,none,none,-1,-1,-1,1286891,26454,17:12:39.554639,hand
9,301,hand1,9,gabor,0,0.015582410262569497,4,4,-1,3,0.1547988460151828,-1,1,-1,incongruent,hit,q,2,3.447748040758597,1289725,26454,17:12:39.554639,hand
9,302,hand1,9,gabor,0,0.015582410262569497,4,4,-1,4,0.11735086297267117,-1,1,-1,congruent,hit,q,1,2.09437489224365,1296573,26454,17:12:39.554639,hand
9,303,hand1,9,cue,black,-1,-1,-1,3,3,-1,0.32414419942506356,-1,1,none,none,-1,-1,-1,1302124,26454,17:12:39.554639,hand
9,304,hand1,9,cue,white,-1,-1,-1,4,4,-1,0.18405045082909055,-1,1,none,none,-1,-1,-1,1304874,26454,17:12:39.554639,hand
9,305,hand1,9,gabor,90,0.015582410262569497,3,3,-1,4,0.17574002601395478,-1,1,-1,incongruent,CR,q,1,2.2167956442681316,1307490,26454,17:12:39.554639,hand
9,306,hand1,9,cue,white,-1,-1,-1,4,4,-1,0.17054533851114684,-1,1,none,none,-1,-1,-1,1313206,26454,17:12:39.554639,hand
9,307,hand1,9,cue,black,-1,-1,-1,3,3,-1,0.16325979696557624,-1,1,none,none,-1,-1,-1,1315907,26454,17:12:39.554639,hand
9,308,hand1,9,gabor,90,0.015582410262569497,4,3,-1,4,0.1929745000306866,-1,0,-1,congruent,FA,3,1,2.4309263616160024,1322173,26454,17:12:39.554639,hand
9,309,hand1,9,gabor,0,0.015582410262569497,3,4,-1,4,0.14857581928299624,-1,0,-1,incongruent,miss,4,1,1.215568011506548,1328156,26454,17:12:39.554639,hand
9,310,hand1,9,gabor,90,0.015582410262569497,4,3,-1,4,0.18535181067272788,-1,0,-1,congruent,FA,3,1,1.4002820060995873,1332872,26454,17:12:39.554639,hand
9,311,hand1,9,cue,black,-1,-1,-1,3,3,-1,0.5471329187967058,-1,1,none,none,-1,-1,-1,1337806,26454,17:12:39.554639,hand
9,312,hand1,9,cue,white,-1,-1,-1,4,4,-1,0.18706212543838774,-1,1,none,none,-1,-1,-1,1340689,26454,17:12:39.554639,hand
9,313,hand1,9,cue,white,-1,-1,-1,4,4,-1,0.21388496040162863,-1,1,none,none,-1,-1,-1,1343206,26454,17:12:39.554639,hand
9,314,hand1,9,cue,black,-1,-1,-1,3,3,-1,0.15362458859817707,-1,1,none,none,-1,-1,-1,1345956,26454,17:12:39.554639,hand
9,315,hand1,9,gabor,0,0.015582410262569497,4,4,-1,3,0.00043621858276310377,-1,1,-1,incongruent,hit,3,1,2.0503118233282294,1348539,26454,17:12:39.554639,hand
9,316,hand1,9,cue,black,-1,-1,-1,3,3,-1,0.3622038868779782,-1,1,none,none,-1,-1,-1,1353839,26454,17:12:39.554639,hand
9,317,hand1,9,cue,white,-1,-1,-1,4,4,-1,0.27303520199347986,-1,1,none,none,-1,-1,-1,1356639,26454,17:12:39.554639,hand
9,318,hand1,9,cue,white,-1,-1,-1,4,4,-1,0.19990254201184143,-1,1,none,none,-1,-1,-1,1359440,26454,17:12:39.554639,hand
9,319,hand1,9,cue,black,-1,-1,-1,3,3,-1,0.15766460243685287,-1,1,none,none,-1,-1,-1,1362072,26454,17:12:39.554639,hand
9,320,hand1,9,cue,white,-1,-1,-1,4,4,-1,0.38337431202671723,-1,1,none,none,-1,-1,-1,1368321,26454,17:12:39.554639,hand
9,321,hand1,9,gabor,90,0.015582410262569497,4,3,-1,3,0.24513871635645046,-1,0,-1,incongruent,FA,4,1,2.500180285762326,1371139,26454,17:12:39.554639,hand
9,322,hand1,9,gabor,0,0.015582410262569497,3,4,-1,3,0.1637881744063634,-1,0,-1,congruent,miss,3,1,1.197782888324582,1377138,26454,17:12:39.554639,hand
9,323,hand1,9,gabor,90,0.015582410262569497,4,3,-1,3,0.1535262858196802,-1,0,-1,incongruent,FA,q,2,2.1134943988508894,1381754,26454,17:12:39.554639,hand
9,324,hand1,9,gabor,0,0.015582410262569497,3,4,-1,4,0.22528846681962023,-1,0,-1,incongruent,miss,q,1,1.338243736365257,1387254,26454,17:12:39.554639,hand
9,325,hand1,10,cue,white,-1,-1,-1,4,4,-1,0.2427752257026441,-1,1,none,none,-1,-1,-1,1395805,26454,17:12:39.554639,hand
9,326,hand1,10,cue,black,-1,-1,-1,3,3,-1,0.24056802110862918,-1,1,none,none,-1,-1,-1,1398588,26454,17:12:39.554639,hand
9,327,hand1,10,gabor,90,0.015582410262569497,4,3,-1,4,0.017372712303767912,-1,0,-1,congruent,FA,4,1,2.1034022361600364,1401355,26454,17:12:39.554639,hand
9,328,hand1,10,cue,white,-1,-1,-1,4,4,-1,0.3211398207276943,-1,1,none,none,-1,-1,-1,1406922,26454,17:12:39.554639,hand
9,329,hand1,10,cue,black,-1,-1,-1,3,3,-1,0.20104838378392742,-1,1,none,none,-1,-1,-1,1409671,26454,17:12:39.554639,hand
9,330,hand1,10,gabor,0,0.015582410262569497,4,4,-1,4,0.12672879453748465,-1,1,-1,congruent,hit,3,1,1.215736585414561,1412304,26454,17:12:39.554639,hand
9,331,hand1,10,gabor,90,0.015582410262569497,4,3,-1,4,0.2194544272533676,-1,0,-1,congruent,FA,q,1,1.31744693858127,1417003,26454,17:12:39.554639,hand
9,332,hand1,10,cue,white,-1,-1,-1,4,4,-1,0.17337922332444577,-1,1,none,none,-1,-1,-1,1421987,26454,17:12:39.554639,hand
9,333,hand1,10,cue,black,-1,-1,-1,3,3,-1,0.2977990545259672,-1,1,none,none,-1,-1,-1,1428253,26454,17:12:39.554639,hand
9,334,hand1,10,cue,black,-1,-1,-1,4,3,-1,0.4027326636714861,-1,0,none,none,-1,-1,-1,1430987,26454,17:12:39.554639,hand
9,335,hand1,10,gabor,0,0.015582410262569497,3,4,-1,3,0.20837462882263935,-1,0,-1,congruent,miss,c,1,1.6344837702527002,1433719,26454,17:12:39.554639,hand
9,336,hand1,10,cue,white,-1,-1,-1,4,4,-1,0.19016979885054752,-1,1,none,none,-1,-1,-1,1438902,26454,17:12:39.554639,hand
9,337,hand1,10,cue,white,-1,-1,-1,4,4,-1,0.27618665086629335,-1,1,none,none,-1,-1,-1,1441420,26454,17:12:39.554639,hand
9,338,hand1,10,cue,white,-1,-1,-1,4,4,-1,0.2239709791756468,-1,1,none,none,-1,-1,-1,1444019,26454,17:12:39.554639,hand
9,339,hand1,10,cue,white,-1,-1,-1,4,4,-1,0.321809892411693,-1,1,none,none,-1,-1,-1,1446569,26454,17:12:39.554639,hand
9,340,hand1,10,cue,black,-1,-1,-1,3,3,-1,0.25667354914185125,-1,1,none,none,-1,-1,-1,1449319,26454,17:12:39.554639,hand
9,341,hand1,10,cue,white,-1,-1,-1,4,4,-1,0.19253444149217103,-1,1,none,none,-1,-1,-1,1452002,26454,17:12:39.554639,hand
9,342,hand1,10,gabor,90,0.015582410262569497,3,3,-1,3,0.029131030307326,-1,1,-1,congruent,CR,q,1,1.161248813936254,1454518,26454,17:12:39.554639,hand
9,343,hand1,10,cue,white,-1,-1,-1,4,4,-1,0.41007311653447687,-1,1,none,none,-1,-1,-1,1458953,26454,17:12:39.554639,hand
9,344,hand1,10,cue,black,-1,-1,-1,3,3,-1,0.27708750368037727,-1,1,none,none,-1,-1,-1,1461686,26454,17:12:39.554639,hand
9,345,hand1,10,gabor,0,0.015582410262569497,3,4,-1,3,0.07565742863880587,-1,0,-1,congruent,miss,4,1,0.999770754846395,1464385,26454,17:12:39.554639,hand
9,346,hand1,10,cue,black,-1,-1,-1,3,3,-1,0.3155807217481197,-1,1,none,none,-1,-1,-1,1468701,26454,17:12:39.554639,hand
9,347,hand1,10,gabor,90,0.015582410262569497,4,3,-1,3,0.10351282678675489,-1,0,-1,incongruent,FA,3,2,1.9413969516172074,1471552,26454,17:12:39.554639,hand
9,348,hand1,10,cue,white,-1,-1,-1,4,4,-1,0.36100159780471586,-1,1,none,none,-1,-1,-1,1476935,26454,17:12:39.554639,hand
9,349,hand1,10,cue,black,-1,-1,-1,3,3,-1,0.19485646066095796,-1,1,none,none,-1,-1,-1,1479635,26454,17:12:39.554639,hand
9,350,hand1,10,cue,white,-1,-1,-1,4,4,-1,0.24879588694966515,-1,1,none,none,-1,-1,-1,1482268,26454,17:12:39.554639,hand
9,351,hand1,10,cue,black,-1,-1,-1,3,3,-1,0.31563640105741797,-1,1,none,none,-1,-1,-1,1484951,26454,17:12:39.554639,hand
9,352,hand1,10,cue,black,-1,-1,-1,3,3,-1,0.17956884247178095,-1,1,none,none,-1,-1,-1,1487601,26454,17:12:39.554639,hand
9,353,hand1,10,gabor,0,0.015582410262569497,4,4,-1,4,0.047285556902352255,-1,1,-1,congruent,hit,q,1,1.6783314178392175,1490217,26454,17:12:39.554639,hand
9,354,hand1,10,gabor,0,0.015582410262569497,3,4,-1,4,0.2120490792003693,-1,0,-1,incongruent,miss,c,1,1.6489350468218618,1495168,26454,17:12:39.554639,hand
9,355,hand1,10,cue,black,-1,-1,-1,3,3,-1,0.41769657387703774,-1,1,none,none,-1,-1,-1,1500384,26454,17:12:39.554639,hand
9,356,hand1,10,cue,white,-1,-1,-1,4,4,-1,0.2526469751355762,-1,1,none,none,-1,-1,-1,1503234,26454,17:12:39.554639,hand
9,357,hand1,10,cue,black,-1,-1,-1,3,3,-1,0.2444813165202504,-1,1,none,none,-1,-1,-1,1505817,26454,17:12:39.554639,hand
9,358,hand1,10,gabor,90,0.015582410262569497,4,3,-1,3,0.24104071924011805,-1,0,-1,incongruent,FA,3,1,1.374349656074628,1508400,26454,17:12:39.554639,hand
9,359,hand1,10,gabor,0,0.015582410262569497,4,4,-1,3,0.10703905500122346,-1,1,-1,incongruent,hit,c,1,1.2749555621521722,1513451,26454,17:12:39.554639,hand
9,360,hand1,10,gabor,90,0.015582410262569497,4,3,-1,4,0.17057221817594836,-1,0,-1,congruent,FA,4,1,1.7726406468937057,1518268,26454,17:12:39.554639,hand
9,361,hand1,11,gabor,90,0.015582410262569497,4,3,-1,4,0.16721955580214853,-1,0,-1,congruent,FA,3,1,1.3942352331760048,1544850,26454,17:12:39.554639,hand
9,362,hand1,11,gabor,0,0.015582410262569497,3,4,-1,4,0.1617399438364373,-1,0,-1,incongruent,miss,4,2,1.5857447913913347,1552665,26454,17:12:39.554639,hand
9,363,hand1,11,gabor,90,0.015582410262569497,4,3,-1,4,0.1204040090633498,-1,0,-1,congruent,FA,q,2,2.519400399123697,1557766,26454,17:12:39.554639,hand
9,364,hand1,11,gabor,0,0.015582410262569497,3,4,-1,3,0.10007414947904181,-1,0,-1,congruent,miss,q,1,1.421137171160808,1563850,26454,17:12:39.554639,hand
9,365,hand1,11,cue,black,-1,-1,-1,3,3,-1,0.33203146149753593,-1,1,none,none,-1,-1,-1,1568698,26454,17:12:39.554639,hand
9,366,hand1,11,cue,white,-1,-1,-1,4,4,-1,0.20277828230609884,-1,1,none,none,-1,-1,-1,1571566,26454,17:12:39.554639,hand
9,367,hand1,11,cue,white,-1,-1,-1,4,4,-1,0.2215011218431755,-1,1,none,none,-1,-1,-1,1574098,26454,17:12:39.554639,hand
9,368,hand1,11,cue,white,-1,-1,-1,4,4,-1,0.2363828570705664,-1,1,none,none,-1,-1,-1,1576748,26454,17:12:39.554639,hand
9,369,hand1,11,gabor,90,0.015582410262569497,3,3,-1,3,0.16727830707168323,-1,1,-1,congruent,CR,3,2,1.588200056910864,1579515,26454,17:12:39.554639,hand
9,370,hand1,11,cue,black,-1,-1,-1,3,3,-1,0.16776137307169847,-1,1,none,none,-1,-1,-1,1587448,26454,17:12:39.554639,hand
9,371,hand1,11,cue,white,-1,-1,-1,4,4,-1,0.16370292746432824,-1,1,none,none,-1,-1,-1,1589948,26454,17:12:39.554639,hand
9,372,hand1,11,cue,black,-1,-1,-1,3,3,-1,0.18652222814125707,-1,1,none,none,-1,-1,-1,1592448,26454,17:12:39.554639,hand
9,373,hand1,11,cue,black,-1,-1,-1,3,3,-1,0.21634291388545535,-1,1,none,none,-1,-1,-1,1594964,26454,17:12:39.554639,hand
9,374,hand1,11,cue,black,-1,-1,-1,3,3,-1,0.2221765694557689,-1,1,none,none,-1,-1,-1,1597715,26454,17:12:39.554639,hand
9,375,hand1,11,gabor,0,0.015582410262569497,4,4,-1,3,0.1337647391774226,-1,1,-1,incongruent,hit,q,1,1.2577982711736695,1604132,26454,17:12:39.554639,hand
9,376,hand1,11,cue,white,-1,-1,-1,4,4,-1,0.4955489192652749,-1,1,none,none,-1,-1,-1,1608863,26454,17:12:39.554639,hand
9,377,hand1,11,cue,white,-1,-1,-1,4,4,-1,0.41122817419091007,-1,1,none,none,-1,-1,-1,1615364,26454,17:12:39.554639,hand
9,378,hand1,11,cue,white,-1,-1,-1,4,4,-1,0.3390942858059134,-1,1,none,none,-1,-1,-1,1618214,26454,17:12:39.554639,hand
9,379,hand1,11,gabor,90,0.015582410262569497,4,3,-1,3,0.06783582975185709,-1,0,-1,incongruent,FA,3,1,2.674804421629233,1620980,26454,17:12:39.554639,hand
9,380,hand1,11,cue,black,-1,-1,-1,3,3,-1,0.253546675961843,-1,1,none,none,-1,-1,-1,1626963,26454,17:12:39.554639,hand
9,381,hand1,11,cue,black,-1,-1,-1,3,3,-1,0.41031272955660825,-1,1,none,none,-1,-1,-1,1629546,26454,17:12:39.554639,hand
9,382,hand1,11,cue,white,-1,-1,-1,4,4,-1,0.2022775525219913,-1,1,none,none,-1,-1,-1,1632380,26454,17:12:39.554639,hand
9,383,hand1,11,cue,black,-1,-1,-1,3,3,-1,0.17196688885815092,-1,1,none,none,-1,-1,-1,1634913,26454,17:12:39.554639,hand
9,384,hand1,11,cue,black,-1,-1,-1,3,3,-1,0.2739364388071408,-1,1,none,none,-1,-1,-1,1637614,26454,17:12:39.554639,hand
9,385,hand1,11,cue,black,-1,-1,-1,3,3,-1,0.18876744826411596,-1,1,none,none,-1,-1,-1,1640213,26454,17:12:39.554639,hand
9,386,hand1,11,gabor,0,0.015582410262569497,3,4,-1,3,0.16242806329319137,-1,0,-1,congruent,miss,c,1,1.87063239022973,1642829,26454,17:12:39.554639,hand
9,387,hand1,11,cue,black,-1,-1,-1,3,3,-1,0.1502784541407891,-1,1,none,none,-1,-1,-1,1648095,26454,17:12:39.554639,hand
9,388,hand1,11,cue,black,-1,-1,-1,3,3,-1,0.20222878512868192,-1,1,none,none,-1,-1,-1,1650580,26454,17:12:39.554639,hand
9,389,hand1,11,cue,white,-1,-1,-1,4,4,-1,0.21612941253988538,-1,1,none,none,-1,-1,-1,1653213,26454,17:12:39.554639,hand
9,390,hand1,11,gabor,0,0.015582410262569497,4,4,-1,4,0.14978463627630845,-1,1,-1,congruent,hit,q,1,1.2528305248561082,1655862,26454,17:12:39.554639,hand
9,391,hand1,11,gabor,90,0.015582410262569497,4,3,-1,4,0.13757205190631794,-1,0,-1,congruent,FA,3,1,1.7986471079966577,1660612,26454,17:12:39.554639,hand
9,392,hand1,11,cue,white,-1,-1,-1,4,4,-1,0.18221303364043706,-1,1,none,none,-1,-1,-1,1665996,26454,17:12:39.554639,hand
9,393,hand1,11,cue,white,-1,-1,-1,4,4,-1,0.23333239894418512,-1,1,none,none,-1,-1,-1,1668612,26454,17:12:39.554639,hand
9,394,hand1,11,gabor,0,0.015582410262569497,3,4,-1,4,0.23975855915705324,-1,0,-1,incongruent,miss,c,1,1.3727844915083551,1674212,26454,17:12:39.554639,hand
9,395,hand1,11,gabor,90,0.015582410262569497,4,3,-1,3,0.15949817966975388,-1,0,-1,incongruent,FA,4,1,2.951441114910267,1679061,26454,17:12:39.554639,hand
9,396,hand1,11,cue,white,-1,-1,-1,4,4,-1,0.30626499741265434,-1,1,none,none,-1,-1,-1,1685412,26454,17:12:39.554639,hand
