3,1,other1,1,gabor,90,0.019584279838878414,x,x,-1,i,1.2228700626064892,-1.0,1,-1,incongruent,CR,n,3,1.1317920841961495,0,15379,10:42:31.475996,other
3,2,other1,1,gabor,0,0.019584279838878414,x,n,-1,i,0.7856476901997667,-1.0,0,-1,incongruent,miss,x,3,1.368579621904246,4932,15379,10:42:31.475996,other
3,3,other1,1,cue,left,-1.0,-1,-1,z,z,-1.0,0.6783417453598304,-1,1,none,none,-1,-1,-1.0,9615,15379,10:42:31.475996,other
3,4,other1,1,cue,right,-1.0,-1,-1,i,i,-1.0,0.2771548969972173,-1,1,none,none,-1,-1,-1.0,12650,15379,10:42:31.475996,other
3,5,other1,1,gabor,90,0.019584279838878414,x,x,-1,z,0.6131057887846509,-1.0,1,-1,congruent,CR,i,3,2.55396227951087,15484,15379,10:42:31.475996,other
3,6,other1,1,gabor,90,0.019584279838878414,x,x,-1,i,0.7207070249382923,-1.0,1,-1,incongruent,CR,x,3,1.3376469928671213,21182,15379,10:42:31.475996,other
3,7,other1,1,gabor,90,0.019584279838878414,x,x,-1,i,0.5825859531960305,-1.0,1,-1,incongruent,CR,x,3,0.8114179051749488,25866,15379,10:42:31.475996,other
3,8,other1,1,gabor,0,0.019584279838878414,n,n,-1,i,0.7442566031591014,-1.0,1,-1,congruent,hit,n,2,1.5842643905557452,29782,15379,10:42:31.475996,other
3,9,other1,1,gabor,0,0.019584279838878414,n,n,-1,i,0.7607691090724984,-1.0,1,-1,congruent,hit,x,2,2.047692811019715,38198,15379,10:42:31.475996,other
3,10,other1,1,cue,right,-1.0,-1,-1,i,i,-1.0,0.6943830907516713,-1,1,none,none,-1,-1,-1.0,43648,15379,10:42:31.475996,other
3,11,other1,1,cue,right,-1.0,-1,-1,i,i,-1.0,0.3691072295300728,-1,1,none,none,-1,-1,-1.0,46798,15379,10:42:31.475996,other
3,12,other1,1,cue,left,-1.0,-1,-1,z,z,-1.0,0.31629885170468697,-1,1,none,none,-1,-1,-1.0,49514,15379,10:42:31.475996,other
3,13,other1,1,cue,right,-1.0,-1,-1,i,i,-1.0,0.4677671675995043,-1,1,none,none,-1,-1,-1.0,55731,15379,10:42:31.475996,other
3,14,other1,1,cue,left,-1.0,-1,-1,z,z,-1.0,0.4065650669995193,-1,1,none,none,-1,-1,-1.0,58647,15379,10:42:31.475996,other
3,15,other1,1,cue,left,-1.0,-1,-1,z,z,-1.0,0.3603706001977116,-1,1,none,none,-1,-1,-1.0,61615,15379,10:42:31.475996,other
3,16,other1,1,gabor,0,0.019584279838878414,x,n,-1,z,0.9722383926323346,-1.0,0,-1,congruent,miss,i,2,1.0272017442539436,64532,15379,10:42:31.475996,other
3,17,other1,1,gabor,0,0.019584279838878414,n,n,-1,i,0.9417492765555836,-1.0,1,-1,congruent,hit,i,2,0.8137618039727386,71897,15379,10:42:31.475996,other
3,18,other1,1,gabor,0,0.019584279838878414,n,n,-1,i,0.9305754379065548,-1.0,1,-1,congruent,hit,x,2,1.2355426294675451,76180,15379,10:42:31.475996,other
3,19,other1,1,gabor,0,0.019584279838878414,n,n,-1,z,0.8952341748431536,-1.0,1,-1,incongruent,hit,n,3,6.105138299245027,80864,15379,10:42:31.475996,other
3,20,other1,1,cue,right,-1.0,-1,-1,i,i,-1.0,0.522758166782296,-1,1,none,none,-1,-1,-1.0,90379,15379,10:42:31.475996,other
3,21,other1,1,cue,left,-1.0,-1,-1,z,z,-1.0,0.29960932460062395,-1,1,none,none,-1,-1,-1.0,93363,15379,10:42:31.475996,other
3,22,other1,1,gabor,0,0.019584279838878414,n,n,-1,z,0.8293949638427875,-1.0,1,-1,incongruent,hit,i,3,2.7543782985080725,96113,15379,10:42:31.475996,other
3,23,other1,1,gabor,90,0.019584279838878414,x,x,-1,z,0.8061706284597676,-1.0,1,-1,congruent,CR,i,3,1.4920359664047282,102314,15379,10:42:31.475996,other
3,24,other1,1,gabor,90,0.019584279838878414,x,x,-1,z,0.8619568790204539,-1.0,1,-1,congruent,CR,n,3,3.0727438054104823,107129,15379,10:42:31.475996,other
3,25,other1,1,gabor,90,0.019584279838878414,x,x,-1,z,0.7823891179200473,-1.0,1,-1,congruent,CR,z,3,1.693237252938161,113696,15379,10:42:31.475996,other
3,26,other1,1,gabor,90,0.019584279838878414,x,x,-1,i,0.6630845155223142,-1.0,1,-1,incongruent,CR,z,3,1.1142005554088428,118696,15379,10:42:31.475996,other
3,27,other1,1,cue,right,-1.0,-1,-1,i,i,-1.0,0.5579043609418477,-1,1,none,none,-1,-1,-1.0,122912,15379,10:42:31.475996,other
3,28,other1,1,cue,left,-1.0,-1,-1,z,z,-1.0,0.31880095599126435,-1,1,none,none,-1,-1,-1.0,125929,15379,10:42:31.475996,other
3,29,other1,1,cue,right,-1.0,-1,-1,i,i,-1.0,0.29960625264993723,-1,1,none,none,-1,-1,-1.0,128595,15379,10:42:31.475996,other
3,30,other1,1,cue,right,-1.0,-1,-1,i,i,-1.0,0.4014145567484775,-1,1,none,none,-1,-1,-1.0,131446,15379,10:42:31.475996,other
3,31,other1,1,cue,right,-1.0,-1,-1,i,i,-1.0,0.33524741495284616,-1,1,none,none,-1,-1,-1.0,134295,15379,10:42:31.475996,other
3,32,other1,1,cue,left,-1.0,-1,-1,z,z,-1.0,0.3161970933197153,-1,1,none,none,-1,-1,-1.0,136978,15379,10:42:31.475996,other
3,33,other1,1,cue,left,-1.0,-1,-1,z,z,-1.0,0.6556968567792865,-1,1,none,none,-1,-1,-1.0,143294,15379,10:42:31.475996,other
3,34,other1,1,cue,right,-1.0,-1,-1,i,i,-1.0,0.2875761075920309,-1,1,none,none,-1,-1,-1.0,146512,15379,10:42:31.475996,other
3,35,other1,1,cue,left,-1.0,-1,-1,z,z,-1.0,0.2693440769708104,-1,1,none,none,-1,-1,-1.0,149345,15379,10:42:31.475996,other
3,36,other1,1,gabor,0,0.019584279838878414,x,n,-1,z,1.1972215736991532,-1.0,0,-1,congruent,miss,z,2,1.4522576537665373,151961,15379,10:42:31.475996,other
3,37,other1,1,gabor,0,0.019584279838878414,n,n,-1,z,0.7869559574351115,-1.0,1,-1,incongruent,hit,z,3,1.49689195333076,157229,15379,10:42:31.475996,other
3,38,other1,1,gabor,90,0.019584279838878414,x,x,-1,i,0.830700543121111,-1.0,1,-1,incongruent,CR,z,3,0.8026440284343153,161944,15379,10:42:31.475996,other
3,39,other1,1,gabor,90,0.019584279838878414,x,x,-1,z,0.6503923649725039,-1.0,1,-1,congruent,CR,x,3,1.6943224197143536,168861,15379,10:42:31.475996,other
3,40,other1,1,cue,left,-1.0,-1,-1,z,z,-1.0,0.444083575505374,-1,1,none,none,-1,-1,-1.0,173610,15379,10:42:31.475996,other
3,41,other1,2,gabor,0,0.019584279838878414,n,n,-1,i,0.9822425858455972,-1.0,1,-1,congruent,hit,space,0,1.0441869466649225,187177,15379,10:42:31.475996,other
3,42,other1,2,cue,left,-1.0,-1,-1,z,z,-1.0,0.6407802295361762,-1,1,none,none,-1,-1,-1.0,195309,15379,10:42:31.475996,other
3,43,other1,2,cue,left,-1.0,-1,-1,z,z,-1.0,0.4256319003702629,-1,1,none,none,-1,-1,-1.0,198292,15379,10:42:31.475996,other
3,44,other1,2,gabor,0,0.019584279838878414,x,n,-1,z,0.8034208481044516,-1.0,0,-1,congruent,miss,x,3,1.0404038387105174,201059,15379,10:42:31.475996,other
3,45,other1,2,gabor,90,0.019584279838878414,x,x,-1,i,0.5682361009567103,-1.0,1,-1,incongruent,CR,n,3,1.0391712182745323,205326,15379,10:42:31.475996,other
3,46,other1,2,gabor,0,0.019584279838878414,n,n,-1,i,0.5698673070660334,-1.0,1,-1,congruent,hit,z,2,1.0807804138530628,212109,15379,10:42:31.475996,other
3,47,other1,2,cue,left,-1.0,-1,-1,z,z,-1.0,0.5135265693065776,-1,1,none,none,-1,-1,-1.0,216292,15379,10:42:31.475996,other
3,48,other1,2,gabor,0,0.019584279838878414,n,n,-1,z,0.7674095156762633,-1.0,1,-1,incongruent,hit,x,2,0.7903615993805033,219158,15379,10:42:31.475996,other
3,49,other1,2,cue,right,-1.0,-1,-1,i,i,-1.0,0.7522329245589391,-1,1,none,none,-1,-1,-1.0,223143,15379,10:42:31.475996,other
3,50,other1,2,gabor,90,0.019584279838878414,x,x,-1,z,0.9289185042057396,-1.0,1,-1,congruent,CR,x,3,1.6259223533606928,226342,15379,10:42:31.475996,other
3,51,other1,2,gabor,0,0.019584279838878414,n,n,-1,i,0.7936708588563306,-1.0,1,-1,congruent,hit,x,3,2.1846392454062884,231510,15379,10:42:31.475996,other
3,52,other1,2,cue,right,-1.0,-1,-1,i,i,-1.0,0.6183699612320197,-1,1,none,none,-1,-1,-1.0,237109,15379,10:42:31.475996,other
3,53,other1,2,gabor,0,0.019584279838878414,n,n,-1,z,1.0392810405314776,-1.0,1,-1,incongruent,hit,x,1,6.03607776337367,240175,15379,10:42:31.475996,other
3,54,other1,2,gabor,0,0.019584279838878414,n,n,-1,z,0.7487063245330319,-1.0,1,-1,incongruent,hit,z,2,0.8846566787292431,249876,15379,10:42:31.475996,other
3,55,other1,2,cue,right,-1.0,-1,-1,i,i,-1.0,0.5464720943950852,-1,1,none,none,-1,-1,-1.0,253924,15379,10:42:31.475996,other
3,56,other1,2,gabor,90,0.019584279838878414,n,x,-1,z,0.7802280002210864,-1.0,0,-1,incongruent,FA,space,0,1.027036626874633,260274,15379,10:42:31.475996,other
3,57,other1,2,cue,right,-1.0,-1,-1,i,i,-1.0,0.5947942714255987,-1,1,none,none,-1,-1,-1.0,264508,15379,10:42:31.475996,other
3,58,other1,2,gabor,90,0.019584279838878414,x,x,-1,i,0.8366155852372685,-1.0,1,-1,incongruent,CR,n,3,1.8975419782136669,267457,15379,10:42:31.475996,other
3,59,other1,2,gabor,90,0.019584279838878414,x,x,-1,i,0.7022975891327405,-1.0,1,-1,incongruent,CR,n,3,1.0082182375599589,272623,15379,10:42:31.475996,other
3,60,other1,2,cue,right,-1.0,-1,-1,i,i,-1.0,0.6091790671098352,-1,1,none,none,-1,-1,-1.0,276757,15379,10:42:31.475996,other
3,61,other1,2,cue,left,-1.0,-1,-1,z,z,-1.0,0.3217331334517439,-1,1,none,none,-1,-1,-1.0,282557,15379,10:42:31.475996,other
3,62,other1,2,cue,left,-1.0,-1,-1,z,z,-1.0,0.3106280297115518,-1,1,none,none,-1,-1,-1.0,285223,15379,10:42:31.475996,other
3,63,other1,2,cue,left,-1.0,-1,-1,z,z,-1.0,0.2604665218750597,-1,1,none,none,-1,-1,-1.0,288091,15379,10:42:31.475996,other
3,64,other1,2,cue,left,-1.0,-1,-1,z,z,-1.0,0.31128427529574765,-1,1,none,none,-1,-1,-1.0,290807,15379,10:42:31.475996,other
3,65,other1,2,gabor,0,0.019584279838878414,x,n,-1,i,0.829793549517035,-1.0,0,-1,incongruent,miss,z,2,1.049753706309275,299673,15379,10:42:31.475996,other
3,66,other1,2,cue,right,-1.0,-1,-1,z,i,-1.0,0.5816877914512588,-1,0,none,none,-1,-1,-1.0,304089,15379,10:42:31.475996,other
3,67,other1,2,cue,right,-1.0,-1,-1,i,i,-1.0,0.34733707906616473,-1,1,none,none,-1,-1,-1.0,307122,15379,10:42:31.475996,other
3,68,other1,2,cue,right,-1.0,-1,-1,i,i,-1.0,0.3832431971641199,-1,1,none,none,-1,-1,-1.0,309823,15379,10:42:31.475996,other
3,69,other1,2,gabor,0,0.019584279838878414,n,n,-1,z,0.735125228092329,-1.0,1,-1,incongruent,hit,i,2,2.48800595036937,312656,15379,10:42:31.475996,other
3,70,other1,2,cue,right,-1.0,-1,-1,i,i,-1.0,0.6777469388007376,-1,1,none,none,-1,-1,-1.0,318490,15379,10:42:31.475996,other
3,71,other1,2,gabor,0,0.019584279838878414,n,n,-1,i,0.8555222931504431,-1.0,1,-1,congruent,hit,i,2,2.4125050687193834,321622,15379,10:42:31.475996,other
3,72,other1,2,cue,left,-1.0,-1,-1,z,z,-1.0,0.5732111259926569,-1,1,none,none,-1,-1,-1.0,327306,15379,10:42:31.475996,other
3,73,other1,2,gabor,90,0.019584279838878414,x,x,-1,z,0.8241611269145324,-1.0,1,-1,congruent,CR,i,3,0.870045710634713,330222,15379,10:42:31.475996,other
3,74,other1,2,gabor,90,0.019584279838878414,x,x,-1,z,0.7557718123898667,-1.0,1,-1,congruent,CR,z,3,0.7077241910014891,334539,15379,10:42:31.475996,other
3,75,other1,2,gabor,90,0.019584279838878414,n,x,-1,z,1.22455118792368,-1.0,0,-1,incongruent,FA,space,0,1.6054474143388688,338622,15379,10:42:31.475996,other
3,76,other1,2,cue,right,-1.0,-1,-1,i,i,-1.0,0.4822072584065609,-1,1,none,none,-1,-1,-1.0,343972,15379,10:42:31.475996,other
3,77,other1,2,gabor,90,0.019584279838878414,x,x,-1,i,0.7142321197079582,-1.0,1,-1,incongruent,CR,x,2,0.8670305904902307,347006,15379,10:42:31.475996,other
3,78,other1,2,cue,left,-1.0,-1,-1,z,z,-1.0,0.6088353925647425,-1,1,none,none,-1,-1,-1.0,351022,15379,10:42:31.475996,other
3,79,other1,2,gabor,90,0.019584279838878414,x,x,-1,i,0.7866545222191235,-1.0,1,-1,incongruent,CR,i,3,1.953605472373965,354172,15379,10:42:31.475996,other
3,80,other1,2,cue,left,-1.0,-1,-1,z,z,-1.0,0.5323564784375776,-1,1,none,none,-1,-1,-1.0,359337,15379,10:42:31.475996,other
3,81,other1,3,cue,right,-1.0,-1,-1,i,i,-1.0,0.4798679675354833,-1,1,none,none,-1,-1,-1.0,368872,15379,10:42:31.475996,other
3,82,other1,3,cue,left,-1.0,-1,-1,z,z,-1.0,0.2526664536781027,-1,1,none,none,-1,-1,-1.0,371938,15379,10:42:31.475996,other
3,83,other1,3,gabor,0,0.019584279838878414,x,n,-1,z,1.0164879303033558,-1.0,0,-1,congruent,miss,n,1,1.7504369850639705,374637,15379,10:42:31.475996,other
3,84,other1,3,cue,right,-1.0,-1,-1,i,i,-1.0,0.5610757666054269,-1,1,none,none,-1,-1,-1.0,380038,15379,10:42:31.475996,other
3,85,other1,3,gabor,90,0.019584279838878414,x,x,-1,i,0.6770496058688877,-1.0,1,-1,incongruent,CR,z,3,2.25497195308526,382954,15379,10:42:31.475996,other
3,86,other1,3,gabor,0,0.019584279838878414,x,n,-1,i,0.6947882043214122,-1.0,0,-1,incongruent,miss,z,3,0.6086272678680871,388521,15379,10:42:31.475996,other
3,87,other1,3,gabor,90,0.019584279838878414,x,x,-1,i,1.2173885496090406,-1.0,1,-1,incongruent,CR,z,3,0.670416495149766,392437,15379,10:42:31.475996,other
3,88,other1,3,gabor,90,0.019584279838878414,x,x,-1,z,0.52128439817443,-1.0,1,-1,congruent,CR,z,3,0.5862803585578149,396854,15379,10:42:31.475996,other
3,89,other1,3,gabor,90,0.019584279838878414,x,x,-1,i,0.5720917837593333,-1.0,1,-1,incongruent,CR,i,3,2.41899533370588,400588,15379,10:42:31.475996,other
3,90,other1,3,cue,right,-1.0,-1,-1,i,i,-1.0,0.6636259469291872,-1,1,none,none,-1,-1,-1.0,406103,15379,10:42:31.475996,other
3,91,other1,3,cue,right,-1.0,-1,-1,i,i,-1.0,0.37051879112596003,-1,1,none,none,-1,-1,-1.0,409220,15379,10:42:31.475996,other
3,92,other1,3,gabor,0,0.019584279838878414,n,n,-1,z,1.1184736395862274,-1.0,1,-1,incongruent,hit,space,0,0.8952840940510214,411936,15379,10:42:31.475996,other
3,93,other1,3,gabor,90,0.019584279838878414,x,x,-1,z,0.7412169074050325,-1.0,1,-1,congruent,CR,x,3,1.070163366367069,416369,15379,10:42:31.475996,other
3,94,other1,3,gabor,0,0.019584279838878414,x,n,-1,i,0.6997355817966309,-1.0,0,-1,incongruent,miss,z,3,0.8298250370171445,420804,15379,10:42:31.475996,other
3,95,other1,3,gabor,90,0.019584279838878414,x,x,-1,i,0.5826447042632026,-1.0,1,-1,incongruent,CR,i,3,1.3735765345932125,424953,15379,10:42:31.475996,other
3,96,other1,3,cue,left,-1.0,-1,-1,i,z,-1.0,0.579328148903187,-1,0,none,none,-1,-1,-1.0,429418,15379,10:42:31.475996,other
3,97,other1,3,cue,left,-1.0,-1,-1,z,z,-1.0,0.4112555525516655,-1,1,none,none,-1,-1,-1.0,432453,15379,10:42:31.475996,other
3,98,other1,3,gabor,0,0.019584279838878414,x,n,-1,i,1.2441030055974809,-1.0,0,-1,incongruent,miss,i,1,1.6160579339284595,435219,15379,10:42:31.475996,other
3,99,other1,3,gabor,90,0.019584279838878414,x,x,-1,z,0.7007512456762015,-1.0,1,-1,congruent,CR,i,2,0.9267001714151776,440602,15379,10:42:31.475996,other
3,100,other1,3,cue,right,-1.0,-1,-1,i,i,-1.0,0.6195949017901512,-1,1,none,none,-1,-1,-1.0,444852,15379,10:42:31.475996,other
3,101,other1,3,cue,left,-1.0,-1,-1,z,z,-1.0,0.3523620233099791,-1,1,none,none,-1,-1,-1.0,447918,15379,10:42:31.475996,other
3,102,other1,3,cue,right,-1.0,-1,-1,i,i,-1.0,0.24415753273206064,-1,1,none,none,-1,-1,-1.0,450820,15379,10:42:31.475996,other
3,103,other1,3,cue,right,-1.0,-1,-1,i,i,-1.0,0.2281618826145859,-1,1,none,none,-1,-1,-1.0,453620,15379,10:42:31.475996,other
3,104,other1,3,gabor,0,0.019584279838878414,n,n,-1,z,0.9368464423732804,-1.0,1,-1,incongruent,hit,i,1,1.5458135448475332,456301,15379,10:42:31.475996,other
3,105,other1,3,cue,left,-1.0,-1,-1,x,z,-1.0,0.2535999428619107,-1,0,none,none,-1,-1,-1.0,461402,15379,10:42:31.475996,other
3,106,other1,3,cue,left,-1.0,-1,-1,z,z,-1.0,0.3853682194353496,-1,1,none,none,-1,-1,-1.0,464101,15379,10:42:31.475996,other
3,107,other1,3,gabor,90,0.019584279838878414,x,x,-1,z,0.7683061414450094,-1.0,1,-1,congruent,CR,x,2,1.6392073905003601,466935,15379,10:42:31.475996,other
3,108,other1,3,cue,left,-1.0,-1,-1,z,z,-1.0,0.330604928638877,-1,1,none,none,-1,-1,-1.0,477467,15379,10:42:31.475996,other
3,109,other1,3,cue,left,-1.0,-1,-1,z,z,-1.0,0.2234963566656916,-1,1,none,none,-1,-1,-1.0,480150,15379,10:42:31.475996,other
3,110,other1,3,cue,right,-1.0,-1,-1,i,i,-1.0,0.31333595473188325,-1,1,none,none,-1,-1,-1.0,482717,15379,10:42:31.475996,other
3,111,other1,3,gabor,90,0.019584279838878414,x,x,-1,i,0.7593057082995074,-1.0,1,-1,incongruent,CR,z,3,1.623179100901325,485586,15379,10:42:31.475996,other
3,112,other1,3,gabor,0,0.019584279838878414,x,n,-1,i,0.9990046877978784,-1.0,0,-1,incongruent,miss,i,1,1.0218331254645818,490384,15379,10:42:31.475996,other
3,113,other1,3,cue,right,-1.0,-1,-1,i,i,-1.0,0.5377116574404681,-1,1,none,none,-1,-1,-1.0,494916,15379,10:42:31.475996,other
3,114,other1,3,gabor,0,0.019584279838878414,x,n,-1,i,0.7585319605809673,-1.0,0,-1,incongruent,miss,i,2,1.3823945706330958,497799,15379,10:42:31.475996,other
3,115,other1,3,cue,left,-1.0,-1,-1,z,z,-1.0,0.4401787414831233,-1,1,none,none,-1,-1,-1.0,502568,15379,10:42:31.475996,other
3,116,other1,3,gabor,90,0.019584279838878414,x,x,-1,z,0.8011226445814827,-1.0,1,-1,congruent,CR,i,2,2.5509191278115395,505551,15379,10:42:31.475996,other
3,117,other1,3,gabor,0,0.019584279838878414,x,n,-1,z,0.8616880832869356,-1.0,0,-1,congruent,miss,i,2,1.194644974595121,511416,15379,10:42:31.475996,other
3,118,other1,3,gabor,0,0.019584279838878414,x,n,-1,z,0.7393921683674307,-1.0,0,-1,congruent,miss,z,2,1.1644108304712972,516083,15379,10:42:31.475996,other
3,119,other1,3,cue,left,-1.0,-1,-1,z,z,-1.0,0.5822729981628072,-1,1,none,none,-1,-1,-1.0,520617,15379,10:42:31.475996,other
3,120,other1,3,cue,right,-1.0,-1,-1,i,i,-1.0,0.32906741704164233,-1,1,none,none,-1,-1,-1.0,523549,15379,10:42:31.475996,other
3,121,other1,4,cue,left,-1.0,-1,-1,z,z,-1.0,0.4194065911783582,-1,1,none,none,-1,-1,-1.0,534098,15379,10:42:31.475996,other
3,122,other1,4,gabor,90,0.019584279838878414,x,x,-1,i,0.6912485485026991,-1.0,1,-1,incongruent,CR,i,3,0.8462338645758791,537100,15379,10:42:31.475996,other
3,123,other1,4,cue,left,-1.0,-1,-1,z,z,-1.0,0.2900943396225557,-1,1,none,none,-1,-1,-1.0,541149,15379,10:42:31.475996,other
3,124,other1,4,gabor,90,0.019584279838878414,x,x,-1,i,0.5728624595271867,-1.0,1,-1,incongruent,CR,i,3,0.6758173694270226,543882,15379,10:42:31.475996,other
3,125,other1,4,gabor,0,0.019584279838878414,n,n,-1,i,0.6015744518103929,-1.0,1,-1,congruent,hit,i,3,1.0555443344005653,547749,15379,10:42:31.475996,other
3,126,other1,4,cue,right,-1.0,-1,-1,z,i,-1.0,0.6954555857291781,-1,0,none,none,-1,-1,-1.0,551831,15379,10:42:31.475996,other
3,127,other1,4,gabor,90,0.019584279838878414,x,x,-1,i,0.6852171562336479,-1.0,1,-1,incongruent,CR,i,3,0.7672244306136236,555083,15379,10:42:31.475996,other
3,128,other1,4,gabor,90,0.019584279838878414,x,x,-1,z,0.5958325909450649,-1.0,1,-1,congruent,CR,x,3,1.3547278097598792,561914,15379,10:42:31.475996,other
3,129,other1,4,cue,right,-1.0,-1,-1,n,i,-1.0,0.4495524167041367,-1,0,none,none,-1,-1,-1.0,566381,15379,10:42:31.475996,other
3,130,other1,4,cue,left,-1.0,-1,-1,i,z,-1.0,0.7933805594639125,-1,0,none,none,-1,-1,-1.0,569382,15379,10:42:31.475996,other
3,131,other1,4,gabor,0,0.019584279838878414,x,n,-1,i,1.3322246149309651,-1.0,0,-1,incongruent,miss,z,1,1.0612535557834235,572716,15379,10:42:31.475996,other
3,132,other1,4,gabor,90,0.019584279838878414,n,x,-1,i,0.8937200868749642,-1.0,0,-1,congruent,FA,z,1,1.272682135989271,581080,15379,10:42:31.475996,other
3,133,other1,4,gabor,90,0.019584279838878414,x,x,-1,z,0.8663317215828101,-1.0,1,-1,congruent,CR,n,2,0.8703905371612564,585764,15379,10:42:31.475996,other
3,134,other1,4,gabor,0,0.019584279838878414,x,n,-1,z,1.076221254216307,-1.0,0,-1,congruent,miss,x,1,1.0792302304580517,589914,15379,10:42:31.475996,other
3,135,other1,4,gabor,0,0.019584279838878414,n,n,-1,z,0.623791571179936,-1.0,1,-1,incongruent,hit,i,1,0.7087598225643887,597447,15379,10:42:31.475996,other
3,136,other1,4,gabor,0,0.019584279838878414,n,n,-1,z,1.069579311637426,-1.0,1,-1,incongruent,hit,space,0,1.4324961754205106,601296,15379,10:42:31.475996,other
3,137,other1,4,gabor,90,0.019584279838878414,z,x,-1,z,0.688243412200336,-1.0,0,-1,otherWEcongruent,FA,space,0,2.7873222876205546,606431,15379,10:42:31.475996,other
3,138,other1,4,cue,left,-1.0,-1,-1,z,z,-1.0,0.6907048131333795,-1,1,none,none,-1,-1,-1.0,615979,15379,10:42:31.475996,other
3,139,other1,4,cue,left,-1.0,-1,-1,z,z,-1.0,0.3655141985586852,-1,1,none,none,-1,-1,-1.0,619113,15379,10:42:31.475996,other
3,140,other1,4,cue,left,-1.0,-1,-1,z,z,-1.0,0.3853670674538989,-1,1,none,none,-1,-1,-1.0,621829,15379,10:42:31.475996,other
3,141,other1,4,gabor,0,0.019584279838878414,x,n,-1,i,0.9002836946970092,-1.0,0,-1,incongruent,miss,n,2,1.150142000946289,624764,15379,10:42:31.475996,other
3,142,other1,4,cue,right,-1.0,-1,-1,i,i,-1.0,0.6568665022150526,-1,1,none,none,-1,-1,-1.0,629431,15379,10:42:31.475996,other
3,143,other1,4,gabor,0,0.019584279838878414,n,n,-1,i,0.7698282932856273,-1.0,1,-1,congruent,hit,x,3,1.4406944452980497,632630,15379,10:42:31.475996,other
3,144,other1,4,gabor,0,0.019584279838878414,n,n,-1,i,0.8605476213879228,-1.0,1,-1,congruent,hit,x,1,1.0084712895436496,637362,15379,10:42:31.475996,other
3,145,other1,4,cue,right,-1.0,-1,-1,i,i,-1.0,0.6173278017731718,-1,1,none,none,-1,-1,-1.0,641847,15379,10:42:31.475996,other
3,146,other1,4,gabor,90,0.019584279838878414,x,x,-1,z,0.8661163010024211,-1.0,1,-1,congruent,CR,z,3,0.5259061488177394,645014,15379,10:42:31.475996,other
3,147,other1,4,gabor,90,0.019584279838878414,x,x,-1,i,0.7268708951050942,-1.0,1,-1,incongruent,CR,x,3,0.9828128167951036,648912,15379,10:42:31.475996,other
3,148,other1,4,cue,left,-1.0,-1,-1,z,z,-1.0,0.4675244834511432,-1,1,none,none,-1,-1,-1.0,656011,15379,10:42:31.475996,other
3,149,other1,4,cue,right,-1.0,-1,-1,i,i,-1.0,0.3182472367798255,-1,1,none,none,-1,-1,-1.0,658928,15379,10:42:31.475996,other
3,150,other1,4,cue,left,-1.0,-1,-1,z,z,-1.0,0.3231251113584221,-1,1,none,none,-1,-1,-1.0,661796,15379,10:42:31.475996,other
3,151,other1,4,cue,left,-1.0,-1,-1,z,z,-1.0,0.3627905297889811,-1,1,none,none,-1,-1,-1.0,667211,15379,10:42:31.475996,other
3,152,other1,4,cue,right,-1.0,-1,-1,i,i,-1.0,0.2066417121827726,-1,1,none,none,-1,-1,-1.0,669928,15379,10:42:31.475996,other
3,153,other1,4,gabor,0,0.019584279838878414,z,n,-1,z,0.2895655800152781,-1.0,0,-1,otherWEcongruent,miss,space,0,1.0834898748485102,672678,15379,10:42:31.475996,other
3,154,other1,4,cue,right,-1.0,-1,-1,i,i,-1.0,0.4482280217248445,-1,1,none,none,-1,-1,-1.0,676679,15379,10:42:31.475996,other
3,155,other1,4,cue,left,-1.0,-1,-1,z,z,-1.0,0.3251783267696737,-1,1,none,none,-1,-1,-1.0,679578,15379,10:42:31.475996,other
3,156,other1,4,cue,right,-1.0,-1,-1,i,i,-1.0,0.2807064566268309,-1,1,none,none,-1,-1,-1.0,685894,15379,10:42:31.475996,other
3,157,other1,4,gabor,90,0.019584279838878414,x,x,-1,z,0.8992561270069928,-1.0,1,-1,congruent,CR,i,3,1.3095351830579602,688627,15379,10:42:31.475996,other
3,158,other1,4,cue,right,-1.0,-1,-1,i,i,-1.0,0.5273634056879928,-1,1,none,none,-1,-1,-1.0,693344,15379,10:42:31.475996,other
3,159,other1,4,cue,right,-1.0,-1,-1,i,i,-1.0,0.6360928159351715,-1,1,none,none,-1,-1,-1.0,696412,15379,10:42:31.475996,other
3,160,other1,4,gabor,0,0.019584279838878414,n,n,-1,z,0.9227434982153682,-1.0,1,-1,incongruent,hit,i,3,0.8127522839959056,702843,15379,10:42:31.475996,other
3,161,other1,5,cue,left,-1.0,-1,-1,z,z,-1.0,0.3721131338202213,-1,1,none,none,-1,-1,-1.0,713811,15379,10:42:31.475996,other
3,162,other1,5,gabor,0,0.019584279838878414,n,n,-1,z,0.7551009750372941,-1.0,1,-1,incongruent,hit,i,2,0.8268824917208804,716660,15379,10:42:31.475996,other
3,163,other1,5,cue,right,-1.0,-1,-1,i,i,-1.0,0.2867428408176238,-1,1,none,none,-1,-1,-1.0,720759,15379,10:42:31.475996,other
3,164,other1,5,cue,left,-1.0,-1,-1,z,z,-1.0,0.3735646307823117,-1,1,none,none,-1,-1,-1.0,723593,15379,10:42:31.475996,other
3,165,other1,5,gabor,90,0.019584279838878414,x,x,-1,z,0.8213986747605304,-1.0,1,-1,congruent,CR,x,3,0.7223424549806623,726409,15379,10:42:31.475996,other
3,166,other1,5,cue,right,-1.0,-1,-1,i,i,-1.0,0.3901731351720628,-1,1,none,none,-1,-1,-1.0,730577,15379,10:42:31.475996,other
3,167,other1,5,cue,left,-1.0,-1,-1,z,z,-1.0,0.3451068424642472,-1,1,none,none,-1,-1,-1.0,733309,15379,10:42:31.475996,other
3,168,other1,5,cue,left,-1.0,-1,-1,z,z,-1.0,0.3089104249738739,-1,1,none,none,-1,-1,-1.0,736009,15379,10:42:31.475996,other
3,169,other1,5,gabor,90,0.019584279838878414,x,x,-1,z,0.6036814263684391,-1.0,1,-1,congruent,CR,i,2,0.7776241375495374,738659,15379,10:42:31.475996,other
3,170,other1,5,cue,right,-1.0,-1,-1,i,i,-1.0,0.2594558499167761,-1,1,none,none,-1,-1,-1.0,742659,15379,10:42:31.475996,other
3,171,other1,5,cue,right,-1.0,-1,-1,i,i,-1.0,0.2993213291720167,-1,1,none,none,-1,-1,-1.0,745259,15379,10:42:31.475996,other
3,172,other1,5,gabor,90,0.019584279838878414,x,x,-1,z,0.8812448928811136,-1.0,1,-1,congruent,CR,x,3,1.6451274245373495,748110,15379,10:42:31.475996,other
3,173,other1,5,gabor,0,0.019584279838878414,n,n,-1,i,0.6208693775611209,-1.0,1,-1,congruent,hit,n,3,0.6818529856295754,753243,15379,10:42:31.475996,other
3,174,other1,5,cue,left,-1.0,-1,-1,i,z,-1.0,0.6156808519135666,-1,0,none,none,-1,-1,-1.0,756975,15379,10:42:31.475996,other
3,175,other1,5,gabor,90,0.019584279838878414,n,x,-1,z,0.6083100889022717,-1.0,0,-1,incongruent,FA,space,0,1.0544046404897929,760142,15379,10:42:31.475996,other
3,176,other1,5,gabor,0,0.019584279838878414,n,n,-1,i,0.8532790007557196,-1.0,1,-1,congruent,hit,i,3,0.6972841647057066,764426,15379,10:42:31.475996,other
3,177,other1,5,gabor,90,0.019584279838878414,n,x,-1,i,0.5088403076870236,-1.0,0,-1,congruent,FA,i,2,1.806813050263372,772058,15379,10:42:31.475996,other
3,178,other1,5,gabor,90,0.019584279838878414,n,x,-1,z,0.5915264832920002,-1.0,0,-1,incongruent,FA,space,0,0.7415022148770731,776992,15379,10:42:31.475996,other
3,179,other1,5,gabor,0,0.019584279838878414,x,n,-1,z,1.037277744327639,-1.0,0,-1,congruent,miss,n,1,1.0262578872348058,780842,15379,10:42:31.475996,other
3,180,other1,5,cue,left,-1.0,-1,-1,z,z,-1.0,0.6862374280399308,-1,1,none,none,-1,-1,-1.0,785424,15379,10:42:31.475996,other
3,181,other1,5,gabor,0,0.019584279838878414,x,n,-1,z,1.2408260016095485,-1.0,0,-1,congruent,miss,x,1,2.693767548521464,788557,15379,10:42:31.475996,other
3,182,other1,5,gabor,90,0.019584279838878414,n,x,-1,i,0.6514571800717022,-1.0,0,-1,congruent,FA,space,0,0.703371620085818,795108,15379,10:42:31.475996,other
3,183,other1,5,gabor,90,0.019584279838878414,x,x,-1,i,0.8661124610630395,-1.0,1,-1,incongruent,CR,n,2,1.8210020090559735,802341,15379,10:42:31.475996,other
3,184,other1,5,cue,right,-1.0,-1,-1,i,i,-1.0,0.3577717294469949,-1,1,none,none,-1,-1,-1.0,807658,15379,10:42:31.475996,other
3,185,other1,5,cue,right,-1.0,-1,-1,i,i,-1.0,0.3616089805423144,-1,1,none,none,-1,-1,-1.0,810557,15379,10:42:31.475996,other
3,186,other1,5,cue,left,-1.0,-1,-1,z,z,-1.0,0.3014367515961567,-1,1,none,none,-1,-1,-1.0,813474,15379,10:42:31.475996,other
3,187,other1,5,cue,right,-1.0,-1,-1,i,i,-1.0,0.19521059761746076,-1,1,none,none,-1,-1,-1.0,816124,15379,10:42:31.475996,other
3,188,other1,5,cue,right,-1.0,-1,-1,i,i,-1.0,0.2132264396700521,-1,1,none,none,-1,-1,-1.0,818874,15379,10:42:31.475996,other
3,189,other1,5,cue,right,-1.0,-1,-1,i,i,-1.0,0.2489017774310014,-1,1,none,none,-1,-1,-1.0,824389,15379,10:42:31.475996,other
3,190,other1,5,gabor,0,0.019584279838878414,n,n,-1,z,0.8864595301142799,-1.0,1,-1,incongruent,hit,z,2,2.273391756726141,829839,15379,10:42:31.475996,other
3,191,other1,5,gabor,0,0.019584279838878414,n,n,-1,i,1.1242922992328204,-1.0,1,-1,congruent,hit,n,2,3.8850395206527537,835523,15379,10:42:31.475996,other
3,192,other1,5,cue,left,-1.0,-1,-1,z,z,-1.0,0.5308347105915345,-1,1,none,none,-1,-1,-1.0,843157,15379,10:42:31.475996,other
3,193,other1,5,gabor,90,0.019584279838878414,x,x,-1,i,0.8715486627793325,-1.0,1,-1,incongruent,CR,z,3,2.1945232485268207,846038,15379,10:42:31.475996,other
3,194,other1,5,cue,left,-1.0,-1,-1,z,z,-1.0,0.7802548797944837,-1,1,none,none,-1,-1,-1.0,851522,15379,10:42:31.475996,other
3,195,other1,5,gabor,0,0.019584279838878414,n,n,-1,z,0.904117489847522,-1.0,1,-1,incongruent,hit,n,3,2.4249572230792182,854856,15379,10:42:31.475996,other
3,196,other1,5,gabor,90,0.019584279838878414,x,x,-1,i,0.7937822170883919,-1.0,1,-1,incongruent,CR,z,3,0.9356986845905341,860605,15379,10:42:31.475996,other
3,197,other1,5,gabor,0,0.019584279838878414,x,n,-1,i,1.0476455797693234,-1.0,0,-1,incongruent,miss,i,1,0.8925404575979883,864854,15379,10:42:31.475996,other
3,198,other1,5,gabor,0,0.019584279838878414,x,n,-1,i,0.8612887296253575,-1.0,0,-1,incongruent,miss,n,3,0.7532339966701329,869305,15379,10:42:31.475996,other
3,199,other1,5,cue,left,-1.0,-1,-1,z,z,-1.0,0.7161152258195216,-1,1,none,none,-1,-1,-1.0,873556,15379,10:42:31.475996,other
3,200,other1,5,cue,right,-1.0,-1,-1,i,i,-1.0,0.32878825347279417,-1,1,none,none,-1,-1,-1.0,876621,15379,10:42:31.475996,other
3,1,same2,1,cue,right,-1.0,-1,-1,n,n,-1.0,0.4274612473350317,-1,1,none,none,-1,-1,-1.0,0,22391,11:01:17.427118,same
3,2,same2,1,cue,right,-1.0,-1,-1,n,n,-1.0,0.2813557903209585,-1,1,none,none,-1,-1,-1.0,2850,22391,11:01:17.427118,same
3,3,same2,1,cue,left,-1.0,-1,-1,x,x,-1.0,0.2762310076614085,-1,1,none,none,-1,-1,-1.0,5583,22391,11:01:17.427118,same
3,4,same2,1,gabor,0,0.019584279838878414,n,n,-1,n,0.9710065401841348,-1.0,1,-1,congruent,hit,n,3,1.6179372001006411,8217,22391,11:01:17.427118,same
3,5,same2,1,cue,left,-1.0,-1,-1,x,x,-1.0,0.3736974926732728,-1,1,none,none,-1,-1,-1.0,13349,22391,11:01:17.427118,same
3,6,same2,1,cue,right,-1.0,-1,-1,n,n,-1.0,0.4805115413205385,-1,1,none,none,-1,-1,-1.0,16083,22391,11:01:17.427118,same
3,7,same2,1,gabor,90,0.019584279838878414,n,x,-1,x,0.9993176428301922,-1.0,0,-1,incongruent,FA,i,3,2.902407180993123,18915,22391,11:01:17.427118,same
3,8,same2,1,cue,left,-1.0,-1,-1,x,x,-1.0,0.2950639887444595,-1,1,none,none,-1,-1,-1.0,25333,22391,11:01:17.427118,same
3,9,same2,1,cue,left,-1.0,-1,-1,x,x,-1.0,0.21280135841652734,-1,1,none,none,-1,-1,-1.0,28184,22391,11:01:17.427118,same
3,10,same2,1,cue,right,-1.0,-1,-1,n,n,-1.0,0.2547016213757161,-1,1,none,none,-1,-1,-1.0,30749,22391,11:01:17.427118,same
3,11,same2,1,cue,left,-1.0,-1,-1,x,x,-1.0,0.2305491727238405,-1,1,none,none,-1,-1,-1.0,33349,22391,11:01:17.427118,same
3,12,same2,1,gabor,90,0.019584279838878414,n,x,-1,n,0.8032845302677742,-1.0,0,-1,congruent,FA,x,3,0.7773714695599665,36032,22391,11:01:17.427118,same
3,13,same2,1,gabor,0,0.019584279838878414,n,n,-1,n,0.7232778641337063,-1.0,1,-1,congruent,hit,i,3,0.7322487297478801,40234,22391,11:01:17.427118,same
3,14,same2,1,cue,right,-1.0,-1,-1,n,n,-1.0,0.2737795905704843,-1,1,none,none,-1,-1,-1.0,46865,22391,11:01:17.427118,same
3,15,same2,1,gabor,0,0.019584279838878414,n,n,-1,x,0.8004640950339308,-1.0,1,-1,incongruent,hit,i,3,1.854551172563788,49699,22391,11:01:17.427118,same
3,16,same2,1,gabor,90,0.019584279838878414,x,x,-1,n,0.9841053402801664,-1.0,1,-1,incongruent,CR,x,3,4.350090315366741,57732,22391,11:01:17.427118,same
3,17,same2,1,cue,left,-1.0,-1,-1,x,x,-1.0,0.3697170118512077,-1,1,none,none,-1,-1,-1.0,65699,22391,11:01:17.427118,same
3,18,same2,1,gabor,90,0.019584279838878414,x,x,-1,x,0.8285140818247783,-1.0,1,-1,congruent,CR,n,3,1.4264943506814234,68615,22391,11:01:17.427118,same
3,19,same2,1,cue,left,-1.0,-1,-1,n,x,-1.0,0.40627745556412265,-1,0,none,none,-1,-1,-1.0,73382,22391,11:01:17.427118,same
3,20,same2,1,gabor,0,0.019584279838878414,n,n,-1,x,0.8562257699845759,-1.0,1,-1,incongruent,hit,z,3,3.7480777265100182,76148,22391,11:01:17.427118,same
3,21,same2,1,gabor,0,0.019584279838878414,n,n,-1,x,0.6026922580686005,-1.0,1,-1,incongruent,hit,x,3,0.9286316607581284,83280,22391,11:01:17.427118,same
3,22,same2,1,gabor,90,0.019584279838878414,x,x,-1,x,0.8844788895512465,-1.0,1,-1,congruent,CR,z,3,0.6633982385433228,87431,22391,11:01:17.427118,same
3,23,same2,1,cue,left,-1.0,-1,-1,x,x,-1.0,0.5662754280765512,-1,1,none,none,-1,-1,-1.0,91599,22391,11:01:17.427118,same
3,24,same2,1,gabor,90,0.019584279838878414,x,x,-1,x,1.194124278859363,-1.0,1,-1,congruent,CR,x,2,2.3919441150633247,94715,22391,11:01:17.427118,same
3,25,same2,1,gabor,0,0.019584279838878414,n,n,-1,n,0.8975707777567551,-1.0,1,-1,congruent,hit,n,3,0.7806718971755799,100914,22391,11:01:17.427118,same
3,26,same2,1,cue,left,-1.0,-1,-1,x,x,-1.0,0.5665300160358129,-1,1,none,none,-1,-1,-1.0,105214,22391,11:01:17.427118,same
3,27,same2,1,gabor,0,0.019584279838878414,n,n,-1,n,0.6332182375604134,-1.0,1,-1,congruent,hit,z,3,1.9742919920372517,108331,22391,11:01:17.427118,same
3,28,same2,1,gabor,0,0.019584279838878414,n,n,-1,x,0.6529347886189498,-1.0,1,-1,incongruent,hit,n,3,1.5049796329635683,113463,22391,11:01:17.427118,same
3,29,same2,1,cue,right,-1.0,-1,-1,x,n,-1.0,0.5217060234817836,-1,0,none,none,-1,-1,-1.0,118129,22391,11:01:17.427118,same
3,30,same2,1,gabor,90,0.019584279838878414,n,x,-1,n,1.0065398002002441,-1.0,0,-1,congruent,FA,z,1,2.3164800968279446,121013,22391,11:01:17.427118,same
3,31,same2,1,cue,left,-1.0,-1,-1,x,x,-1.0,0.7482666515115852,-1,1,none,none,-1,-1,-1.0,126863,22391,11:01:17.427118,same
3,32,same2,1,gabor,0,0.019584279838878414,n,n,-1,x,0.8211237351242744,-1.0,1,-1,incongruent,hit,n,3,2.2499792643293404,130063,22391,11:01:17.427118,same
3,33,same2,1,cue,right,-1.0,-1,-1,n,n,-1.0,0.5207387428345099,-1,1,none,none,-1,-1,-1.0,135562,22391,11:01:17.427118,same
3,34,same2,1,gabor,90,0.019584279838878414,n,x,-1,x,0.7015464970540961,-1.0,0,-1,incongruent,FA,i,3,2.727427302274009,138446,22391,11:01:17.427118,same
3,35,same2,1,gabor,90,0.019584279838878414,n,x,-1,n,0.7962236503381064,-1.0,0,-1,congruent,FA,i,1,2.9782256256030446,144296,22391,11:01:17.427118,same
3,36,same2,1,gabor,0,0.019584279838878414,n,n,-1,n,0.7346878590342385,-1.0,1,-1,congruent,hit,i,2,1.4546449438757918,154045,22391,11:01:17.427118,same
3,37,same2,1,cue,right,-1.0,-1,-1,n,n,-1.0,0.4773881348955911,-1,1,none,none,-1,-1,-1.0,158661,22391,11:01:17.427118,same
3,38,same2,1,cue,right,-1.0,-1,-1,n,n,-1.0,0.33229181386468554,-1,1,none,none,-1,-1,-1.0,161697,22391,11:01:17.427118,same
3,39,same2,1,cue,right,-1.0,-1,-1,n,n,-1.0,0.2811334578500464,-1,1,none,none,-1,-1,-1.0,164580,22391,11:01:17.427118,same
3,40,same2,1,gabor,90,0.019584279838878414,x,x,-1,n,0.7387489785764956,-1.0,1,-1,incongruent,CR,x,3,1.7224964365368578,170761,22391,11:01:17.427118,same
3,41,same2,2,cue,right,-1.0,-1,-1,n,n,-1.0,0.29218134649772765,-1,1,none,none,-1,-1,-1.0,180929,22391,11:01:17.427118,same
3,42,same2,2,gabor,0,0.019584279838878414,n,n,-1,n,0.7717835902508341,-1.0,1,-1,congruent,hit,i,2,2.1787122994783203,187144,22391,11:01:17.427118,same
3,43,same2,2,cue,right,-1.0,-1,-1,n,n,-1.0,0.4004369082654193,-1,1,none,none,-1,-1,-1.0,192610,22391,11:01:17.427118,same
3,44,same2,2,gabor,0,0.019584279838878414,n,n,-1,x,0.7792269281103472,-1.0,1,-1,incongruent,hit,z,3,1.0102522532761211,195361,22391,11:01:17.427118,same
3,45,same2,2,cue,left,-1.0,-1,-1,x,x,-1.0,0.3470966988811597,-1,1,none,none,-1,-1,-1.0,199560,22391,11:01:17.427118,same
3,46,same2,2,gabor,0,0.019584279838878414,n,n,-1,x,0.8828734110334153,-1.0,1,-1,incongruent,hit,n,1,1.1828352420388908,202360,22391,11:01:17.427118,same
3,47,same2,2,cue,right,-1.0,-1,-1,n,n,-1.0,0.4036206017335644,-1,1,none,none,-1,-1,-1.0,206943,22391,11:01:17.427118,same
3,48,same2,2,cue,right,-1.0,-1,-1,n,n,-1.0,0.2024546426400775,-1,1,none,none,-1,-1,-1.0,209793,22391,11:01:17.427118,same
3,49,same2,2,cue,left,-1.0,-1,-1,x,x,-1.0,0.2442769548360957,-1,1,none,none,-1,-1,-1.0,212344,22391,11:01:17.427118,same
3,50,same2,2,cue,right,-1.0,-1,-1,n,n,-1.0,0.20915495229291992,-1,1,none,none,-1,-1,-1.0,215027,22391,11:01:17.427118,same
3,51,same2,2,gabor,0,0.019584279838878414,n,n,-1,x,0.9871312122536438,-1.0,1,-1,incongruent,hit,n,3,2.625916209457955,217577,22391,11:01:17.427118,same
3,52,same2,2,cue,left,-1.0,-1,-1,x,x,-1.0,0.3736782929781839,-1,1,none,none,-1,-1,-1.0,223709,22391,11:01:17.427118,same
3,53,same2,2,cue,left,-1.0,-1,-1,x,x,-1.0,0.2295477166185265,-1,1,none,none,-1,-1,-1.0,226526,22391,11:01:17.427118,same
3,54,same2,2,gabor,0,0.019584279838878414,n,n,-1,n,0.7943747196841286,-1.0,1,-1,congruent,hit,x,3,1.0082965723167945,229210,22391,11:01:17.427118,same
3,55,same2,2,cue,right,-1.0,-1,-1,n,n,-1.0,0.3140797509258846,-1,1,none,none,-1,-1,-1.0,233627,22391,11:01:17.427118,same
3,56,same2,2,gabor,0,0.019584279838878414,n,n,-1,n,0.6528188224597216,-1.0,1,-1,congruent,hit,i,3,0.7288066083815465,239142,22391,11:01:17.427118,same
3,57,same2,2,cue,left,-1.0,-1,-1,x,x,-1.0,0.2856154347118718,-1,1,none,none,-1,-1,-1.0,243143,22391,11:01:17.427118,same
3,58,same2,2,gabor,90,0.019584279838878414,x,x,-1,x,0.8765148559564295,-1.0,1,-1,congruent,CR,i,3,0.6953841628624104,245775,22391,11:01:17.427118,same
3,59,same2,2,gabor,90,0.019584279838878414,x,x,-1,x,0.8612764418203369,-1.0,1,-1,congruent,CR,z,1,2.8490592917310096,249960,22391,11:01:17.427118,same
3,60,same2,2,gabor,0,0.019584279838878414,n,n,-1,n,0.4757984001275872,-1.0,1,-1,congruent,hit,n,3,3.006755604775208,256192,22391,11:01:17.427118,same
3,61,same2,2,gabor,0,0.019584279838878414,n,n,-1,n,0.7394424715689638,-1.0,1,-1,congruent,hit,x,3,0.6684304786713255,262191,22391,11:01:17.427118,same
3,62,same2,2,gabor,90,0.019584279838878414,n,x,-1,n,0.6821275412717114,-1.0,0,-1,congruent,FA,z,2,1.357231066028362,266026,22391,11:01:17.427118,same
3,63,same2,2,cue,left,-1.0,-1,-1,x,x,-1.0,0.28189184581242444,-1,1,none,none,-1,-1,-1.0,273241,22391,11:01:17.427118,same
3,64,same2,2,cue,left,-1.0,-1,-1,x,x,-1.0,0.3926836873247339,-1,1,none,none,-1,-1,-1.0,275874,22391,11:01:17.427118,same
3,65,same2,2,gabor,90,0.019584279838878414,x,x,-1,x,1.3006034848212948,-1.0,1,-1,congruent,CR,space,0,2.973501732580189,278607,22391,11:01:17.427118,same
3,66,same2,2,gabor,90,0.019584279838878414,x,x,-1,n,1.4801882184524402,-1.0,1,-1,incongruent,CR,x,1,3.634045744425748,285509,22391,11:01:17.427118,same
3,67,same2,2,cue,left,-1.0,-1,-1,x,x,-1.0,0.3267039345550984,-1,1,none,none,-1,-1,-1.0,293157,22391,11:01:17.427118,same
3,68,same2,2,cue,right,-1.0,-1,-1,n,n,-1.0,0.2195711709664465,-1,1,none,none,-1,-1,-1.0,296024,22391,11:01:17.427118,same
3,69,same2,2,gabor,90,0.019584279838878414,x,x,-1,n,1.2774210047737142,-1.0,1,-1,incongruent,CR,space,0,1.976331767662032,298590,22391,11:01:17.427118,same
3,70,same2,2,gabor,90,0.019584279838878414,n,x,-1,x,1.06598935261718,-1.0,0,-1,incongruent,FA,i,1,2.8460000122881866,304257,22391,11:01:17.427118,same
3,71,same2,2,gabor,0,0.019584279838878414,n,n,-1,x,0.8417849111897341,-1.0,1,-1,incongruent,hit,n,3,0.9816604510856449,310690,22391,11:01:17.427118,same
3,72,same2,2,gabor,0,0.019584279838878414,n,n,-1,x,0.5834514754583324,-1.0,1,-1,incongruent,hit,z,3,1.0943764860567171,315140,22391,11:01:17.427118,same
3,73,same2,2,cue,right,-1.0,-1,-1,n,n,-1.0,0.2661880310633933,-1,1,none,none,-1,-1,-1.0,322090,22391,11:01:17.427118,same
3,74,same2,2,gabor,90,0.019584279838878414,x,x,-1,n,0.7889154783333652,-1.0,1,-1,incongruent,CR,x,2,0.8998973968282371,324806,22391,11:01:17.427118,same
3,75,same2,2,cue,right,-1.0,-1,-1,n,n,-1.0,0.5966493459818594,-1,1,none,none,-1,-1,-1.0,329022,22391,11:01:17.427118,same
3,76,same2,2,gabor,90,0.019584279838878414,x,x,-1,n,0.8984923631292077,-1.0,1,-1,incongruent,CR,i,3,0.8763923619003435,332073,22391,11:01:17.427118,same
3,77,same2,2,gabor,90,0.019584279838878414,x,x,-1,x,0.6592752959827521,-1.0,1,-1,congruent,CR,z,3,0.5832302949684163,336474,22391,11:01:17.427118,same
3,78,same2,2,cue,left,-1.0,-1,-1,x,x,-1.0,0.3068437697756963,-1,1,none,none,-1,-1,-1.0,343089,22391,11:01:17.427118,same
3,79,same2,2,cue,right,-1.0,-1,-1,n,n,-1.0,0.30475177098014683,-1,1,none,none,-1,-1,-1.0,345940,22391,11:01:17.427118,same
3,80,same2,2,cue,left,-1.0,-1,-1,x,x,-1.0,0.2024565626097683,-1,1,none,none,-1,-1,-1.0,348688,22391,11:01:17.427118,same
3,81,same2,3,cue,left,-1.0,-1,-1,x,x,-1.0,0.23484145659631395,-1,1,none,none,-1,-1,-1.0,360889,22391,11:01:17.427118,same
3,82,same2,3,gabor,90,0.019584279838878414,x,x,-1,n,0.7377029791782661,-1.0,1,-1,incongruent,CR,i,2,0.9945933658141256,363722,22391,11:01:17.427118,same
3,83,same2,3,cue,left,-1.0,-1,-1,x,x,-1.0,0.39540082819803496,-1,1,none,none,-1,-1,-1.0,368072,22391,11:01:17.427118,same
3,84,same2,3,gabor,0,0.019584279838878414,n,n,-1,n,0.28627321627118363,-1.0,1,-1,congruent,hit,i,2,2.3681844921757147,370822,22391,11:01:17.427118,same
3,85,same2,3,gabor,90,0.019584279838878414,x,x,-1,n,1.4189511744070842,-1.0,1,-1,incongruent,CR,i,3,0.9998590742370652,375905,22391,11:01:17.427118,same
3,86,same2,3,cue,right,-1.0,-1,-1,n,n,-1.0,0.6617336249637447,-1,1,none,none,-1,-1,-1.0,380854,22391,11:01:17.427118,same
3,87,same2,3,gabor,0,0.019584279838878414,n,n,-1,x,0.8644382476359169,-1.0,1,-1,incongruent,hit,i,2,0.9484526581591126,383971,22391,11:01:17.427118,same
3,88,same2,3,gabor,0,0.019584279838878414,n,n,-1,n,0.9272953619679356,-1.0,1,-1,congruent,hit,n,3,2.2402957060267,388406,22391,11:01:17.427118,same
3,89,same2,3,cue,right,-1.0,-1,-1,n,n,-1.0,0.497058606686096,-1,1,none,none,-1,-1,-1.0,394189,22391,11:01:17.427118,same
3,90,same2,3,gabor,90,0.019584279838878414,n,x,-1,x,0.7977749857154777,-1.0,0,-1,incongruent,FA,space,0,1.2677339905258125,397038,22391,11:01:17.427118,same
3,91,same2,3,gabor,0,0.019584279838878414,x,n,-1,x,0.7705156423758126,-1.0,0,-1,congruent,miss,space,0,0.6813837450772553,401537,22391,11:01:17.427118,same
3,92,same2,3,cue,left,-1.0,-1,-1,x,x,-1.0,0.4112501766367132,-1,1,none,none,-1,-1,-1.0,405521,22391,11:01:17.427118,same
3,93,same2,3,gabor,90,0.019584279838878414,n,x,-1,x,0.6441013928224493,-1.0,0,-1,incongruent,FA,x,1,2.4800446047320293,408287,22391,11:01:17.427118,same
3,94,same2,3,gabor,0,0.019584279838878414,n,n,-1,n,0.7229103819663578,-1.0,1,-1,congruent,hit,x,3,1.5147142624555272,413953,22391,11:01:17.427118,same
3,95,same2,3,gabor,0,0.019584279838878414,n,n,-1,n,0.6035397326168095,-1.0,1,-1,congruent,hit,i,3,0.6255199277475185,418720,22391,11:01:17.427118,same
3,96,same2,3,gabor,90,0.019584279838878414,x,x,-1,x,0.7212726479601771,-1.0,1,-1,congruent,CR,i,2,1.2512955954362042,422571,22391,11:01:17.427118,same
3,97,same2,3,gabor,90,0.019584279838878414,x,x,-1,x,0.6020248766608347,-1.0,1,-1,congruent,CR,i,2,2.7110073388912497,427171,22391,11:01:17.427118,same
3,98,same2,3,cue,right,-1.0,-1,-1,x,n,-1.0,0.5128100366782746,-1,0,none,none,-1,-1,-1.0,433003,22391,11:01:17.427118,same
3,99,same2,3,gabor,0,0.019584279838878414,n,n,-1,x,0.9615599061207832,-1.0,1,-1,incongruent,hit,n,2,1.6735007341967505,435969,22391,11:01:17.427118,same
3,100,same2,3,cue,right,-1.0,-1,-1,n,n,-1.0,0.4642639912026425,-1,1,none,none,-1,-1,-1.0,441019,22391,11:01:17.427118,same
3,101,same2,3,gabor,90,0.019584279838878414,n,x,-1,x,0.8081282293887853,-1.0,0,-1,incongruent,FA,space,0,1.3011291724778855,443836,22391,11:01:17.427118,same
3,102,same2,3,cue,right,-1.0,-1,-1,n,n,-1.0,0.38681702844041865,-1,1,none,none,-1,-1,-1.0,448570,22391,11:01:17.427118,same
3,103,same2,3,cue,left,-1.0,-1,-1,x,x,-1.0,0.2846397061985044,-1,1,none,none,-1,-1,-1.0,451503,22391,11:01:17.427118,same
3,104,same2,3,gabor,0,0.019584279838878414,n,n,-1,x,0.6994729299649407,-1.0,1,-1,incongruent,hit,n,2,4.6624616774079195,454336,22391,11:01:17.427118,same
3,105,same2,3,cue,left,-1.0,-1,-1,x,x,-1.0,0.4051523534217267,-1,1,none,none,-1,-1,-1.0,462303,22391,11:01:17.427118,same
3,106,same2,3,cue,right,-1.0,-1,-1,n,n,-1.0,0.2518773462034005,-1,1,none,none,-1,-1,-1.0,465152,22391,11:01:17.427118,same
3,107,same2,3,gabor,0,0.019584279838878414,n,n,-1,x,0.9797404815590198,-1.0,1,-1,incongruent,hit,i,3,1.0427058821715036,467752,22391,11:01:17.427118,same
3,108,same2,3,cue,right,-1.0,-1,-1,n,n,-1.0,0.4094396453747322,-1,1,none,none,-1,-1,-1.0,472202,22391,11:01:17.427118,same
3,109,same2,3,cue,left,-1.0,-1,-1,x,x,-1.0,0.24442172053841205,-1,1,none,none,-1,-1,-1.0,474952,22391,11:01:17.427118,same
3,110,same2,3,cue,left,-1.0,-1,-1,x,x,-1.0,0.27622985567995784,-1,1,none,none,-1,-1,-1.0,477552,22391,11:01:17.427118,same
3,111,same2,3,gabor,90,0.019584279838878414,n,x,-1,n,0.26809955272347,-1.0,0,-1,congruent,FA,space,0,2.574998617621532,480168,22391,11:01:17.427118,same
3,112,same2,3,gabor,90,0.019584279838878414,n,x,-1,n,0.8847158137905353,-1.0,0,-1,congruent,FA,x,2,1.151707928092037,485534,22391,11:01:17.427118,same
3,113,same2,3,cue,right,-1.0,-1,-1,n,n,-1.0,0.4024701559937967,-1,1,none,none,-1,-1,-1.0,490202,22391,11:01:17.427118,same
3,114,same2,3,cue,left,-1.0,-1,-1,x,x,-1.0,0.2762548152841191,-1,1,none,none,-1,-1,-1.0,492951,22391,11:01:17.427118,same
3,115,same2,3,cue,right,-1.0,-1,-1,n,n,-1.0,0.2442082199277138,-1,1,none,none,-1,-1,-1.0,495769,22391,11:01:17.427118,same
3,116,same2,3,cue,left,-1.0,-1,-1,x,x,-1.0,0.2897664088277452,-1,1,none,none,-1,-1,-1.0,501817,22391,11:01:17.427118,same
3,117,same2,3,gabor,90,0.019584279838878414,n,x,-1,n,0.4166088115844104,-1.0,0,-1,congruent,FA,space,0,0.7586483107343156,504450,22391,11:01:17.427118,same
3,118,same2,3,cue,right,-1.0,-1,-1,n,n,-1.0,0.3933691164456832,-1,1,none,none,-1,-1,-1.0,508234,22391,11:01:17.427118,same
3,119,same2,3,cue,left,-1.0,-1,-1,x,x,-1.0,0.2752226396660262,-1,1,none,none,-1,-1,-1.0,510984,22391,11:01:17.427118,same
3,120,same2,3,gabor,0,0.019584279838878414,n,n,-1,n,0.8832236134749109,-1.0,1,-1,congruent,hit,x,3,1.4461675104294045,513601,22391,11:01:17.427118,same
3,121,same2,4,gabor,90,0.019584279838878414,x,x,-1,x,0.8098972893103564,-1.0,1,-1,congruent,CR,z,3,0.8401053218485686,532833,22391,11:01:17.427118,same
3,122,same2,4,gabor,0,0.019584279838878414,n,n,-1,n,0.6417693978364696,-1.0,1,-1,congruent,hit,n,2,0.6777515467274497,537049,22391,11:01:17.427118,same
3,123,same2,4,gabor,0,0.019584279838878414,n,n,-1,x,0.6155115106012089,-1.0,1,-1,incongruent,hit,x,2,0.7255392042416133,540899,22391,11:01:17.427118,same
3,124,same2,4,gabor,90,0.019584279838878414,n,x,-1,x,0.6173930807372017,-1.0,0,-1,incongruent,FA,x,2,0.718296311200902,544867,22391,11:01:17.427118,same
3,125,same2,4,gabor,90,0.019584279838878414,x,x,-1,n,0.8311406001357682,-1.0,1,-1,incongruent,CR,i,3,1.876146221807176,548732,22391,11:01:17.427118,same
3,126,same2,4,cue,right,-1.0,-1,-1,n,n,-1.0,0.6988381880400993,-1,1,none,none,-1,-1,-1.0,553849,22391,11:01:17.427118,same
3,127,same2,4,cue,left,-1.0,-1,-1,x,x,-1.0,0.3324876507558656,-1,1,none,none,-1,-1,-1.0,556999,22391,11:01:17.427118,same
3,128,same2,4,gabor,90,0.019584279838878414,n,x,-1,x,0.6614387176450691,-1.0,0,-1,incongruent,FA,space,0,1.3694117366967475,559782,22391,11:01:17.427118,same
3,129,same2,4,cue,right,-1.0,-1,-1,n,n,-1.0,0.4592444228719614,-1,1,none,none,-1,-1,-1.0,564232,22391,11:01:17.427118,same
3,130,same2,4,cue,right,-1.0,-1,-1,n,n,-1.0,0.2831263862181004,-1,1,none,none,-1,-1,-1.0,567233,22391,11:01:17.427118,same
3,131,same2,4,cue,left,-1.0,-1,-1,x,x,-1.0,0.1910285199955979,-1,1,none,none,-1,-1,-1.0,569965,22391,11:01:17.427118,same
3,132,same2,4,gabor,0,0.019584279838878414,n,n,-1,n,0.2728395734902733,-1.0,1,-1,congruent,hit,x,3,1.8047149075646305,572699,22391,11:01:17.427118,same
3,133,same2,4,cue,right,-1.0,-1,-1,n,n,-1.0,0.2854699010222248,-1,1,none,none,-1,-1,-1.0,577382,22391,11:01:17.427118,same
3,134,same2,4,gabor,90,0.019584279838878414,x,x,-1,n,1.0002254044220535,-1.0,1,-1,incongruent,CR,i,1,1.7261374667459677,580115,22391,11:01:17.427118,same
3,135,same2,4,cue,right,-1.0,-1,-1,n,n,-1.0,0.25906763207876793,-1,1,none,none,-1,-1,-1.0,585466,22391,11:01:17.427118,same
3,136,same2,4,gabor,0,0.019584279838878414,n,n,-1,x,0.9668398223184341,-1.0,1,-1,incongruent,hit,z,3,1.0218289015319897,588165,22391,11:01:17.427118,same
3,137,same2,4,cue,right,-1.0,-1,-1,n,n,-1.0,0.3026140769097765,-1,1,none,none,-1,-1,-1.0,592581,22391,11:01:17.427118,same
3,138,same2,4,gabor,90,0.019584279838878414,x,x,-1,x,0.7724582675427882,-1.0,1,-1,congruent,CR,x,3,0.8274012674874031,595231,22391,11:01:17.427118,same
3,139,same2,4,cue,left,-1.0,-1,-1,x,x,-1.0,0.44420107764017297,-1,1,none,none,-1,-1,-1.0,599449,22391,11:01:17.427118,same
3,140,same2,4,gabor,0,0.019584279838878414,n,n,-1,x,0.5680126165043475,-1.0,1,-1,incongruent,hit,n,3,2.126983328520509,602348,22391,11:01:17.427118,same
3,141,same2,4,cue,left,-1.0,-1,-1,x,x,-1.0,0.4797792649433177,-1,1,none,none,-1,-1,-1.0,607564,22391,11:01:17.427118,same
3,142,same2,4,cue,right,-1.0,-1,-1,n,n,-1.0,0.3346019211976454,-1,1,none,none,-1,-1,-1.0,610397,22391,11:01:17.427118,same
3,143,same2,4,gabor,90,0.019584279838878414,n,x,-1,x,0.8834206023484512,-1.0,0,-1,incongruent,FA,space,0,0.7013798436992147,613281,22391,11:01:17.427118,same
3,144,same2,4,cue,left,-1.0,-1,-1,x,x,-1.0,0.3182111413534585,-1,1,none,none,-1,-1,-1.0,617397,22391,11:01:17.427118,same
3,145,same2,4,gabor,0,0.019584279838878414,n,n,-1,n,1.2240850193229562,-1.0,1,-1,congruent,hit,n,2,0.9168791432939544,620164,22391,11:01:17.427118,same
3,146,same2,4,gabor,90,0.019584279838878414,x,x,-1,n,1.0537149874362512,-1.0,1,-1,incongruent,CR,n,2,2.673686587246266,624830,22391,11:01:17.427118,same
3,147,same2,4,gabor,0,0.019584279838878414,n,n,-1,x,1.0313845898635918,-1.0,1,-1,incongruent,hit,i,3,0.9483466758420036,630979,22391,11:01:17.427118,same
3,148,same2,4,cue,right,-1.0,-1,-1,n,n,-1.0,0.4512615735766303,-1,1,none,none,-1,-1,-1.0,635496,22391,11:01:17.427118,same
3,149,same2,4,cue,right,-1.0,-1,-1,n,n,-1.0,0.24483029005386925,-1,1,none,none,-1,-1,-1.0,641046,22391,11:01:17.427118,same
3,150,same2,4,gabor,0,0.019584279838878414,n,n,-1,n,0.8256679189989882,-1.0,1,-1,congruent,hit,x,3,0.6625868594219355,643746,22391,11:01:17.427118,same
3,151,same2,4,gabor,0,0.019584279838878414,n,n,-1,n,0.7414238801202373,-1.0,1,-1,congruent,hit,z,3,0.7503394506120458,647847,22391,11:01:17.427118,same
3,152,same2,4,gabor,90,0.019584279838878414,x,x,-1,n,0.6892671399518804,-1.0,1,-1,incongruent,CR,n,2,0.739087661200756,651964,22391,11:01:17.427118,same
3,153,same2,4,cue,left,-1.0,-1,-1,x,x,-1.0,0.5647989715107542,-1,1,none,none,-1,-1,-1.0,659262,22391,11:01:17.427118,same
3,154,same2,4,cue,left,-1.0,-1,-1,x,x,-1.0,0.2846792575710424,-1,1,none,none,-1,-1,-1.0,662278,22391,11:01:17.427118,same
3,155,same2,4,cue,left,-1.0,-1,-1,x,x,-1.0,0.25157360702360165,-1,1,none,none,-1,-1,-1.0,664912,22391,11:01:17.427118,same
3,156,same2,4,gabor,90,0.019584279838878414,n,x,-1,n,0.7593529395498991,-1.0,0,-1,congruent,FA,x,1,2.751334378820502,667612,22391,11:01:17.427118,same
3,157,same2,4,cue,right,-1.0,-1,-1,n,n,-1.0,0.3358487494087967,-1,1,none,none,-1,-1,-1.0,676411,22391,11:01:17.427118,same
3,158,same2,4,cue,left,-1.0,-1,-1,x,x,-1.0,0.2926793865926811,-1,1,none,none,-1,-1,-1.0,679296,22391,11:01:17.427118,same
3,159,same2,4,gabor,0,0.019584279838878414,n,n,-1,x,0.7554976407418508,-1.0,1,-1,incongruent,hit,x,3,0.6514898195537171,681928,22391,11:01:17.427118,same
3,160,same2,4,cue,left,-1.0,-1,-1,x,x,-1.0,0.25426118036648404,-1,1,none,none,-1,-1,-1.0,685862,22391,11:01:17.427118,same
3,161,same2,5,gabor,90,0.019584279838878414,n,x,-1,n,0.8125099838416645,-1.0,0,-1,congruent,FA,space,0,0.6734999662085102,698910,22391,11:01:17.427118,same
3,162,same2,5,gabor,0,0.019584279838878414,n,n,-1,x,0.6473638050420051,-1.0,1,-1,incongruent,hit,x,3,0.6742591221591283,702861,22391,11:01:17.427118,same
3,163,same2,5,cue,right,-1.0,-1,-1,n,n,-1.0,0.4971196617161695,-1,1,none,none,-1,-1,-1.0,706812,22391,11:01:17.427118,same
3,164,same2,5,gabor,90,0.019584279838878414,n,x,-1,n,0.7726825199824816,-1.0,0,-1,congruent,FA,x,1,0.8047091476564674,712510,22391,11:01:17.427118,same
3,165,same2,5,gabor,0,0.019584279838878414,n,n,-1,n,0.8455626432296413,-1.0,1,-1,congruent,hit,n,3,1.1214983595782542,716493,22391,11:01:17.427118,same
3,166,same2,5,cue,right,-1.0,-1,-1,n,n,-1.0,0.3461812574114447,-1,1,none,none,-1,-1,-1.0,720994,22391,11:01:17.427118,same
3,167,same2,5,cue,right,-1.0,-1,-1,n,n,-1.0,0.29817088343133946,-1,1,none,none,-1,-1,-1.0,723794,22391,11:01:17.427118,same
3,168,same2,5,gabor,0,0.019584279838878414,n,n,-1,n,0.9497724452121474,-1.0,1,-1,congruent,hit,n,3,0.7737665347776783,729293,22391,11:01:17.427118,same
3,169,same2,5,cue,left,-1.0,-1,-1,n,x,-1.0,0.3565479408716783,-1,0,none,none,-1,-1,-1.0,733543,22391,11:01:17.427118,same
3,170,same2,5,gabor,0,0.019584279838878414,n,n,-1,x,0.8884106031464398,-1.0,1,-1,incongruent,hit,x,1,1.5392606888544833,736445,22391,11:01:17.427118,same
3,171,same2,5,cue,left,-1.0,-1,-1,x,x,-1.0,0.4260600535753838,-1,1,none,none,-1,-1,-1.0,741393,22391,11:01:17.427118,same
3,172,same2,5,gabor,90,0.019584279838878414,x,x,-1,n,0.7359527349581185,-1.0,1,-1,incongruent,CR,z,3,1.0569067447759153,744260,22391,11:01:17.427118,same
3,173,same2,5,gabor,90,0.019584279838878414,x,x,-1,x,0.8077169719163066,-1.0,1,-1,congruent,CR,z,3,0.8536472509103987,748476,22391,11:01:17.427118,same
3,174,same2,5,cue,left,-1.0,-1,-1,x,x,-1.0,0.6164887750901471,-1,1,none,none,-1,-1,-1.0,752659,22391,11:01:17.427118,same
3,175,same2,5,cue,left,-1.0,-1,-1,x,x,-1.0,0.35322024968809274,-1,1,none,none,-1,-1,-1.0,755827,22391,11:01:17.427118,same
3,176,same2,5,gabor,0,0.019584279838878414,x,n,-1,x,0.9262397627217068,-1.0,0,-1,congruent,miss,z,2,1.1740936207861523,758526,22391,11:01:17.427118,same
3,177,same2,5,cue,left,-1.0,-1,-1,x,x,-1.0,0.3248550039015754,-1,1,none,none,-1,-1,-1.0,763159,22391,11:01:17.427118,same
3,178,same2,5,gabor,90,0.019584279838878414,x,x,-1,n,0.7216746895801407,-1.0,1,-1,incongruent,CR,x,3,0.8426362256777793,765826,22391,11:01:17.427118,same
3,179,same2,5,gabor,90,0.019584279838878414,x,x,-1,x,0.5343793583306251,-1.0,1,-1,congruent,CR,i,3,0.6714429108578771,769908,22391,11:01:17.427118,same
3,180,same2,5,gabor,90,0.019584279838878414,n,x,-1,x,0.5742194939875844,-1.0,0,-1,incongruent,FA,i,2,0.8373017823460032,773543,22391,11:01:17.427118,same
3,181,same2,5,cue,right,-1.0,-1,-1,n,n,-1.0,0.4689659965715691,-1,1,none,none,-1,-1,-1.0,777359,22391,11:01:17.427118,same
3,182,same2,5,gabor,90,0.019584279838878414,x,x,-1,x,0.5569416882217411,-1.0,1,-1,congruent,CR,i,3,1.1569187253862765,780175,22391,11:01:17.427118,same
3,183,same2,5,gabor,90,0.019584279838878414,x,x,-1,x,0.6075939402689983,-1.0,1,-1,congruent,CR,x,2,1.3016302845244354,784308,22391,11:01:17.427118,same
3,184,same2,5,gabor,0,0.019584279838878414,n,n,-1,n,0.7862697603268316,-1.0,1,-1,congruent,hit,i,3,0.7683710364144645,788642,22391,11:01:17.427118,same
3,185,same2,5,cue,left,-1.0,-1,-1,x,x,-1.0,0.6592729920184865,-1,1,none,none,-1,-1,-1.0,792826,22391,11:01:17.427118,same
3,186,same2,5,gabor,0,0.019584279838878414,n,n,-1,x,0.727010284892458,-1.0,1,-1,incongruent,hit,n,3,1.1519851716911944,795925,22391,11:01:17.427118,same
3,187,same2,5,cue,left,-1.0,-1,-1,x,x,-1.0,0.31075359571877925,-1,1,none,none,-1,-1,-1.0,800341,22391,11:01:17.427118,same
3,188,same2,5,cue,left,-1.0,-1,-1,x,x,-1.0,0.32455856060641963,-1,1,none,none,-1,-1,-1.0,803192,22391,11:01:17.427118,same
3,189,same2,5,cue,right,-1.0,-1,-1,n,n,-1.0,0.2934308626654456,-1,1,none,none,-1,-1,-1.0,805957,22391,11:01:17.427118,same
3,190,same2,5,gabor,0,0.019584279838878414,n,n,-1,n,0.8802234690938349,-1.0,1,-1,congruent,hit,i,2,0.6802375232700797,808708,22391,11:01:17.427118,same
3,191,same2,5,cue,right,-1.0,-1,-1,n,n,-1.0,0.3100673986100446,-1,1,none,none,-1,-1,-1.0,812757,22391,11:01:17.427118,same
3,192,same2,5,cue,left,-1.0,-1,-1,x,x,-1.0,0.275889637079672,-1,1,none,none,-1,-1,-1.0,815625,22391,11:01:17.427118,same
3,193,same2,5,cue,right,-1.0,-1,-1,n,n,-1.0,0.2427210115320122,-1,1,none,none,-1,-1,-1.0,818240,22391,11:01:17.427118,same
3,194,same2,5,cue,right,-1.0,-1,-1,n,n,-1.0,0.2595568403139623,-1,1,none,none,-1,-1,-1.0,820823,22391,11:01:17.427118,same
3,195,same2,5,gabor,90,0.019584279838878414,x,x,-1,n,1.0273718535545413,-1.0,1,-1,incongruent,CR,x,3,0.8092037963178882,823423,22391,11:01:17.427118,same
3,196,same2,5,gabor,0,0.019584279838878414,n,n,-1,n,0.7062627101977341,-1.0,1,-1,congruent,hit,i,3,0.7001380074088956,827875,22391,11:01:17.427118,same
3,197,same2,5,gabor,0,0.019584279838878414,n,n,-1,x,0.4808275683044485,-1.0,1,-1,incongruent,hit,z,3,0.6439289795589502,831707,22391,11:01:17.427118,same
3,198,same2,5,cue,left,-1.0,-1,-1,x,x,-1.0,0.4117201851777281,-1,1,none,none,-1,-1,-1.0,835441,22391,11:01:17.427118,same
3,199,same2,5,cue,right,-1.0,-1,-1,n,n,-1.0,0.2085643696664192,-1,1,none,none,-1,-1,-1.0,838306,22391,11:01:17.427118,same
3,200,same2,5,cue,right,-1.0,-1,-1,n,n,-1.0,0.25141655351580994,-1,1,none,none,-1,-1,-1.0,841058,22391,11:01:17.427118,same
