13,1,hand1,1,cue,white,-1,-1,-1,3,4,-1,0.5347072170752654,-1,0,none,none,-1,-1,-1,0,19644,12:41:13.968370,hand
13,2,hand1,1,cue,black,-1,-1,-1,3,3,-1,0.4935340962806549,-1,1,none,none,-1,-1,-1,3134,19644,12:41:13.968370,hand
13,3,hand1,1,cue,white,-1,-1,-1,4,4,-1,0.34134372987637107,-1,1,none,none,-1,-1,-1,6067,19644,12:41:13.968370,hand
13,4,hand1,1,gabor,0,0.01845325970164672,4,4,-1,3,0.6622719692313694,-1,1,-1,incongruent,hit,c,1,1.3930605917598768,8951,19644,12:41:13.968370,hand
13,5,hand1,1,cue,white,-1,-1,-1,4,4,-1,0.5528467678545894,-1,1,none,none,-1,-1,-1,14450,19644,12:41:13.968370,hand
13,6,hand1,1,gabor,90,0.01845325970164672,3,3,-1,3,0.6325883697827521,-1,1,-1,congruent,CR,q,4,1.7877174516997911,17332,19644,12:41:13.968370,hand
13,7,hand1,1,cue,black,-1,-1,-1,4,3,-1,0.6984293443015304,-1,0,none,none,-1,-1,-1,23184,19644,12:41:13.968370,hand
13,8,hand1,1,cue,black,-1,-1,-1,3,3,-1,0.37726149192167213,-1,1,none,none,-1,-1,-1,26315,19644,12:41:13.968370,hand
13,9,hand1,1,gabor,90,0.01845325970164672,3,3,-1,3,0.06169920194270162,-1,1,-1,congruent,CR,q,2,1.8607982723283385,32898,19644,12:41:13.968370,hand
13,10,hand1,1,cue,black,-1,-1,-1,3,3,-1,0.24951127006806928,-1,1,none,none,-1,-1,-1,38149,19644,12:41:13.968370,hand
13,11,hand1,1,cue,white,-1,-1,-1,4,4,-1,0.22433769462304554,-1,1,none,none,-1,-1,-1,40832,19644,12:41:13.968370,hand
13,12,hand1,1,cue,black,-1,-1,-1,3,3,-1,0.4181481522723516,-1,1,none,none,-1,-1,-1,43498,19644,12:41:13.968370,hand
13,13,hand1,1,cue,white,-1,-1,-1,4,4,-1,0.26311353318260444,-1,1,none,none,-1,-1,-1,46348,19644,12:41:13.968370,hand
13,14,hand1,1,gabor,0,0.01845325970164672,4,4,-1,4,0.5746949445879181,-1,1,-1,congruent,hit,c,2,1.4965995302204647,51881,19644,12:41:13.968370,hand
13,15,hand1,1,cue,black,-1,-1,-1,3,3,-1,0.3203741342349531,-1,1,none,none,-1,-1,-1,60964,19644,12:41:13.968370,hand
13,16,hand1,1,cue,white,-1,-1,-1,4,4,-1,0.2569903452076687,-1,1,none,none,-1,-1,-1,63714,19644,12:41:13.968370,hand
13,17,hand1,1,gabor,0,0.01845325970164672,4,4,-1,3,0.48782562315727773,-1,1,-1,incongruent,hit,c,2,1.4677979678203883,66515,19644,12:41:13.968370,hand
13,18,hand1,1,gabor,90,0.01845325970164672,3,3,-1,4,0.6295740072091576,-1,1,-1,incongruent,CR,q,3,2.485508595925239,71916,19644,12:41:13.968370,hand
13,19,hand1,1,cue,black,-1,-1,-1,3,3,-1,0.4980948076549794,-1,1,none,none,-1,-1,-1,78482,19644,12:41:13.968370,hand
13,20,hand1,1,cue,black,-1,-1,-1,3,3,-1,0.22211359423727117,-1,1,none,none,-1,-1,-1,81514,19644,12:41:13.968370,hand
13,21,hand1,1,gabor,0,0.01845325970164672,4,4,-1,4,0.46694895436166917,-1,1,-1,congruent,hit,q,2,2.8977317017629503,84180,19644,12:41:13.968370,hand
13,22,hand1,1,cue,white,-1,-1,-1,3,4,-1,0.6305078836139728,-1,0,none,none,-1,-1,-1,90798,19644,12:41:13.968370,hand
13,23,hand1,1,cue,white,-1,-1,-1,4,4,-1,0.33825256825593897,-1,1,none,none,-1,-1,-1,93964,19644,12:41:13.968370,hand
13,24,hand1,1,cue,white,-1,-1,-1,4,4,-1,0.23823025813317145,-1,1,none,none,-1,-1,-1,96630,19644,12:41:13.968370,hand
13,25,hand1,1,cue,white,-1,-1,-1,4,4,-1,0.4600658398226187,-1,1,none,none,-1,-1,-1,99213,19644,12:41:13.968370,hand
13,26,hand1,1,cue,white,-1,-1,-1,4,4,-1,0.4299671415278681,-1,1,none,none,-1,-1,-1,102214,19644,12:41:13.968370,hand
13,27,hand1,1,cue,black,-1,-1,-1,3,3,-1,0.2606893712809324,-1,1,none,none,-1,-1,-1,105182,19644,12:41:13.968370,hand
13,28,hand1,1,gabor,90,0.01845325970164672,3,3,-1,3,0.5504498696141127,-1,1,-1,congruent,CR,3,4,1.3564270626015968,107880,19644,12:41:13.968370,hand
13,29,hand1,1,gabor,90,0.01845325970164672,3,3,-1,4,0.6523119008952563,-1,1,-1,incongruent,CR,3,4,0.5741846149239791,113129,19644,12:41:13.968370,hand
13,30,hand1,1,cue,black,-1,-1,-1,4,3,-1,0.5297817102300542,-1,0,none,none,-1,-1,-1,120429,19644,12:41:13.968370,hand
13,31,hand1,1,gabor,90,0.01845325970164672,3,3,-1,4,0.6545855366657634,-1,1,-1,incongruent,CR,c,4,1.4955362474220237,123296,19644,12:41:13.968370,hand
13,32,hand1,1,cue,black,-1,-1,-1,4,3,-1,0.6092998269332384,-1,0,none,none,-1,-1,-1,128679,19644,12:41:13.968370,hand
13,33,hand1,1,cue,white,-1,-1,-1,4,4,-1,0.7030246152462496,-1,1,none,none,-1,-1,-1,135395,19644,12:41:13.968370,hand
13,34,hand1,1,gabor,0,0.01845325970164672,4,4,-1,4,0.6148209103835143,-1,1,-1,congruent,hit,c,1,1.871680313217439,138528,19644,12:41:13.968370,hand
13,35,hand1,1,cue,black,-1,-1,-1,3,3,-1,0.2344279373428435,-1,1,none,none,-1,-1,-1,144262,19644,12:41:13.968370,hand
13,36,hand1,1,gabor,0,0.01845325970164672,4,4,-1,3,0.540365386823396,-1,1,-1,incongruent,hit,4,2,1.5712351475444848,146928,19644,12:41:13.968370,hand
13,37,hand1,2,gabor,90,0.01845325970164672,3,3,-1,4,0.5947790472232555,-1,1,-1,incongruent,CR,c,4,1.7227788659774887,154694,19644,12:41:13.968370,hand
13,38,hand1,2,gabor,90,0.01845325970164672,3,3,-1,3,0.5244011690351726,-1,1,-1,congruent,CR,3,4,0.9274444848492749,160361,19644,12:41:13.968370,hand
13,39,hand1,2,cue,white,-1,-1,-1,4,4,-1,0.323276754195831,-1,1,none,none,-1,-1,-1,165246,19644,12:41:13.968370,hand
13,40,hand1,2,cue,white,-1,-1,-1,4,4,-1,0.3501406766531545,-1,1,none,none,-1,-1,-1,167911,19644,12:41:13.968370,hand
13,41,hand1,2,gabor,0,0.01845325970164672,4,4,-1,3,0.5015615166121279,-1,1,-1,incongruent,hit,c,4,2.2035082572415376,177194,19644,12:41:13.968370,hand
13,42,hand1,2,cue,black,-1,-1,-1,3,3,-1,0.21732286971882786,-1,1,none,none,-1,-1,-1,183144,19644,12:41:13.968370,hand
13,43,hand1,2,cue,black,-1,-1,-1,3,3,-1,0.21711359231767347,-1,1,none,none,-1,-1,-1,185894,19644,12:41:13.968370,hand
13,44,hand1,2,gabor,0,0.01845325970164672,4,4,-1,4,0.4880571722824243,-1,1,-1,congruent,hit,3,2,1.399894554909224,188644,19644,12:41:13.968370,hand
13,45,hand1,2,cue,black,-1,-1,-1,3,3,-1,0.35357820197305045,-1,1,none,none,-1,-1,-1,193978,19644,12:41:13.968370,hand
13,46,hand1,2,cue,white,-1,-1,-1,4,4,-1,0.2494536707831685,-1,1,none,none,-1,-1,-1,196660,19644,12:41:13.968370,hand
13,47,hand1,2,gabor,90,0.01845325970164672,3,3,-1,4,0.4942145358322705,-1,1,-1,incongruent,CR,3,4,1.3652247773688941,199444,19644,12:41:13.968370,hand
13,48,hand1,2,cue,white,-1,-1,-1,4,4,-1,0.24501852585035522,-1,1,none,none,-1,-1,-1,204744,19644,12:41:13.968370,hand
13,49,hand1,2,cue,white,-1,-1,-1,4,4,-1,0.5098876852343892,-1,1,none,none,-1,-1,-1,207409,19644,12:41:13.968370,hand
13,50,hand1,2,cue,black,-1,-1,-1,3,3,-1,0.5796319712894729,-1,1,none,none,-1,-1,-1,210243,19644,12:41:13.968370,hand
13,51,hand1,2,cue,white,-1,-1,-1,4,4,-1,0.5104894057635647,-1,1,none,none,-1,-1,-1,213260,19644,12:41:13.968370,hand
13,52,hand1,2,cue,black,-1,-1,-1,3,3,-1,0.21342685409217665,-1,1,none,none,-1,-1,-1,216193,19644,12:41:13.968370,hand
13,53,hand1,2,gabor,0,0.01845325970164672,4,4,-1,4,0.7173249816928546,-1,1,-1,congruent,hit,q,4,4.5741665671480405,218743,19644,12:41:13.968370,hand
13,54,hand1,2,cue,black,-1,-1,-1,3,3,-1,0.5976459556277405,-1,1,none,none,-1,-1,-1,227375,19644,12:41:13.968370,hand
13,55,hand1,2,gabor,90,0.01845325970164672,4,3,-1,3,0.5224877207924692,-1,0,-1,incongruent,FA,c,1,3.0233983654857184,230309,19644,12:41:13.968370,hand
13,56,hand1,2,gabor,0,0.01845325970164672,4,4,-1,3,0.5881889210463669,-1,1,-1,incongruent,hit,3,1,1.3941035228103829,237092,19644,12:41:13.968370,hand
13,57,hand1,2,cue,black,-1,-1,-1,3,3,-1,0.5280468197706796,-1,1,none,none,-1,-1,-1,242308,19644,12:41:13.968370,hand
13,58,hand1,2,cue,black,-1,-1,-1,3,3,-1,0.258684916168022,-1,1,none,none,-1,-1,-1,245176,19644,12:41:13.968370,hand
13,59,hand1,2,cue,black,-1,-1,-1,3,3,-1,0.38154073479017825,-1,1,none,none,-1,-1,-1,247858,19644,12:41:13.968370,hand
13,60,hand1,2,cue,white,-1,-1,-1,4,4,-1,0.48020830973382544,-1,1,none,none,-1,-1,-1,254241,19644,12:41:13.968370,hand
13,61,hand1,2,cue,white,-1,-1,-1,4,4,-1,0.19462759950374675,-1,1,none,none,-1,-1,-1,262825,19644,12:41:13.968370,hand
13,62,hand1,2,cue,white,-1,-1,-1,4,4,-1,0.40459657652900205,-1,1,none,none,-1,-1,-1,265358,19644,12:41:13.968370,hand
13,63,hand1,2,cue,white,-1,-1,-1,4,4,-1,0.5054053088874753,-1,1,none,none,-1,-1,-1,268091,19644,12:41:13.968370,hand
13,64,hand1,2,gabor,0,0.01845325970164672,4,4,-1,4,0.4552470836520115,-1,1,-1,congruent,hit,4,4,1.7871199551186692,270924,19644,12:41:13.968370,hand
13,65,hand1,2,cue,black,-1,-1,-1,3,3,-1,0.4730583185078103,-1,1,none,none,-1,-1,-1,276407,19644,12:41:13.968370,hand
13,66,hand1,2,gabor,90,0.01845325970164672,3,3,-1,4,0.5276651285098524,-1,1,-1,incongruent,CR,4,4,1.361633269961203,279207,19644,12:41:13.968370,hand
13,67,hand1,2,cue,white,-1,-1,-1,4,4,-1,0.5094103791607267,-1,1,none,none,-1,-1,-1,284424,19644,12:41:13.968370,hand
13,68,hand1,2,cue,black,-1,-1,-1,3,3,-1,0.2102477575640478,-1,1,none,none,-1,-1,-1,287257,19644,12:41:13.968370,hand
13,69,hand1,2,gabor,0,0.01845325970164672,4,4,-1,3,0.4961145442416637,-1,1,-1,incongruent,hit,4,2,2.5230760014883344,289790,19644,12:41:13.968370,hand
13,70,hand1,2,gabor,90,0.01845325970164672,3,3,-1,3,0.7567182845855314,-1,1,-1,congruent,CR,c,4,2.030717698609351,296156,19644,12:41:13.968370,hand
13,71,hand1,2,cue,white,-1,-1,-1,4,4,-1,0.7574198438751409,-1,1,none,none,-1,-1,-1,302391,19644,12:41:13.968370,hand
13,72,hand1,2,cue,black,-1,-1,-1,3,3,-1,0.4541914807587091,-1,1,none,none,-1,-1,-1,305473,19644,12:41:13.968370,hand
13,73,hand1,3,cue,white,-1,-1,-1,4,4,-1,0.5170046528705825,-1,1,none,none,-1,-1,-1,310840,19644,12:41:13.968370,hand
13,74,hand1,3,gabor,0,0.01845325970164672,4,4,-1,3,0.5117120465833978,-1,1,-1,incongruent,hit,3,3,2.0776887634165178,313689,19644,12:41:13.968370,hand
13,75,hand1,3,cue,black,-1,-1,-1,4,3,-1,0.4102743300336442,-1,0,none,none,-1,-1,-1,322539,19644,12:41:13.968370,hand
13,76,hand1,3,gabor,90,0.01845325970164672,3,3,-1,3,0.6721560065111589,-1,1,-1,congruent,CR,3,4,2.906980994924197,325289,19644,12:41:13.968370,hand
13,77,hand1,3,cue,black,-1,-1,-1,3,3,-1,0.2147570135771275,-1,1,none,none,-1,-1,-1,332307,19644,12:41:13.968370,hand
13,78,hand1,3,gabor,90,0.01845325970164672,3,3,-1,3,0.4745251802951316,-1,1,-1,congruent,CR,c,4,2.027548969952022,334956,19644,12:41:13.968370,hand
13,79,hand1,3,gabor,90,0.01845325970164672,3,3,-1,3,0.6464041342464952,-1,1,-1,congruent,CR,q,4,1.2712653679691357,340890,19644,12:41:13.968370,hand
13,80,hand1,3,cue,black,-1,-1,-1,3,3,-1,0.5579708002342159,-1,1,none,none,-1,-1,-1,346138,19644,12:41:13.968370,hand
13,81,hand1,3,cue,white,-1,-1,-1,4,4,-1,0.21976008745878062,-1,1,none,none,-1,-1,-1,349021,19644,12:41:13.968370,hand
13,82,hand1,3,cue,black,-1,-1,-1,3,3,-1,0.28739470370737763,-1,1,none,none,-1,-1,-1,351672,19644,12:41:13.968370,hand
13,83,hand1,3,cue,white,-1,-1,-1,4,4,-1,0.379393817446271,-1,1,none,none,-1,-1,-1,354489,19644,12:41:13.968370,hand
13,84,hand1,3,gabor,0,0.01845325970164672,3,4,-1,4,0.5130710057101169,-1,0,-1,incongruent,miss,4,1,1.5292663886284572,357305,19644,12:41:13.968370,hand
13,85,hand1,3,gabor,0,0.01845325970164672,3,4,-1,4,0.6220154450566042,-1,0,-1,incongruent,miss,3,1,1.3479327040672615,362588,19644,12:41:13.968370,hand
13,86,hand1,3,cue,white,-1,-1,-1,4,4,-1,0.19464795125122691,-1,1,none,none,-1,-1,-1,367905,19644,12:41:13.968370,hand
13,87,hand1,3,cue,black,-1,-1,-1,4,3,-1,0.3585232925747732,-1,0,none,none,-1,-1,-1,370639,19644,12:41:13.968370,hand
13,88,hand1,3,gabor,0,0.01845325970164672,4,4,-1,3,0.7792641806559004,-1,1,-1,incongruent,hit,3,1,1.8453516801137084,373522,19644,12:41:13.968370,hand
13,89,hand1,3,gabor,0,0.01845325970164672,4,4,-1,3,0.688983829576955,-1,1,-1,incongruent,hit,4,4,0.9640096628559149,379370,19644,12:41:13.968370,hand
13,90,hand1,3,gabor,90,0.01845325970164672,3,3,-1,4,0.5956541723576265,-1,1,-1,incongruent,CR,3,4,0.48367079474337515,384471,19644,12:41:13.968370,hand
13,91,hand1,3,cue,black,-1,-1,-1,3,3,-1,0.2904436258518217,-1,1,none,none,-1,-1,-1,388887,19644,12:41:13.968370,hand
13,92,hand1,3,cue,black,-1,-1,-1,4,3,-1,0.5052697585706483,-1,0,none,none,-1,-1,-1,391604,19644,12:41:13.968370,hand
13,93,hand1,3,cue,white,-1,-1,-1,4,4,-1,0.2162273313215337,-1,1,none,none,-1,-1,-1,394537,19644,12:41:13.968370,hand
13,94,hand1,3,cue,white,-1,-1,-1,4,4,-1,0.46591370321539216,-1,1,none,none,-1,-1,-1,399919,19644,12:41:13.968370,hand
13,95,hand1,3,gabor,0,0.01845325970164672,4,4,-1,4,0.6326102575108052,-1,1,-1,congruent,hit,q,4,2.1285838755024997,402921,19644,12:41:13.968370,hand
13,96,hand1,3,cue,black,-1,-1,-1,3,3,-1,0.237281405914473,-1,1,none,none,-1,-1,-1,408903,19644,12:41:13.968370,hand
13,97,hand1,3,gabor,90,0.01845325970164672,3,3,-1,4,0.6102694148949013,-1,1,-1,incongruent,CR,c,4,2.1670644217279005,411570,19644,12:41:13.968370,hand
13,98,hand1,3,cue,white,-1,-1,-1,4,4,-1,0.532790312875477,-1,1,none,none,-1,-1,-1,417686,19644,12:41:13.968370,hand
13,99,hand1,3,cue,black,-1,-1,-1,3,3,-1,0.3726262854720517,-1,1,none,none,-1,-1,-1,420553,19644,12:41:13.968370,hand
13,100,hand1,3,gabor,90,0.01845325970164672,3,3,-1,4,0.5375057743281104,-1,1,-1,incongruent,CR,c,4,1.4394214881426706,423253,19644,12:41:13.968370,hand
13,101,hand1,3,cue,white,-1,-1,-1,4,4,-1,0.6202037555503921,-1,1,none,none,-1,-1,-1,428670,19644,12:41:13.968370,hand
13,102,hand1,3,cue,black,-1,-1,-1,3,3,-1,0.2040251148241623,-1,1,none,none,-1,-1,-1,431719,19644,12:41:13.968370,hand
13,103,hand1,3,cue,white,-1,-1,-1,4,4,-1,0.4166747625663447,-1,1,none,none,-1,-1,-1,437186,19644,12:41:13.968370,hand
13,104,hand1,3,cue,white,-1,-1,-1,4,4,-1,0.23751871496733656,-1,1,none,none,-1,-1,-1,440036,19644,12:41:13.968370,hand
13,105,hand1,3,cue,white,-1,-1,-1,4,4,-1,0.42040143629583326,-1,1,none,none,-1,-1,-1,442702,19644,12:41:13.968370,hand
13,106,hand1,3,cue,black,-1,-1,-1,3,3,-1,0.5382630129265635,-1,1,none,none,-1,-1,-1,445653,19644,12:41:13.968370,hand
13,107,hand1,3,cue,white,-1,-1,-1,4,4,-1,0.39710406155609235,-1,1,none,none,-1,-1,-1,448519,19644,12:41:13.968370,hand
13,108,hand1,3,cue,black,-1,-1,-1,3,3,-1,0.48882017080904916,-1,1,none,none,-1,-1,-1,451452,19644,12:41:13.968370,hand
13,109,hand1,4,cue,white,-1,-1,-1,3,4,-1,0.29750453018368717,-1,0,none,none,-1,-1,-1,456736,19644,12:41:13.968370,hand
13,110,hand1,4,cue,black,-1,-1,-1,3,3,-1,0.36948098052380374,-1,1,none,none,-1,-1,-1,459468,19644,12:41:13.968370,hand
13,111,hand1,4,gabor,90,0.01845325970164672,3,3,-1,4,0.7451189406033336,-1,1,-1,incongruent,CR,3,4,1.6701096959177448,462268,19644,12:41:13.968370,hand
13,112,hand1,4,cue,black,-1,-1,-1,3,3,-1,0.2909151719973124,-1,1,none,none,-1,-1,-1,468119,19644,12:41:13.968370,hand
13,113,hand1,4,cue,black,-1,-1,-1,3,3,-1,0.30174114958163045,-1,1,none,none,-1,-1,-1,470834,19644,12:41:13.968370,hand
13,114,hand1,4,cue,black,-1,-1,-1,3,3,-1,0.3606533141282853,-1,1,none,none,-1,-1,-1,473468,19644,12:41:13.968370,hand
13,115,hand1,4,gabor,0,0.01845325970164672,4,4,-1,3,0.5124370295816334,-1,1,-1,incongruent,hit,3,3,1.2243952939079463,476151,19644,12:41:13.968370,hand
13,116,hand1,4,cue,white,-1,-1,-1,4,4,-1,0.42923908656757703,-1,1,none,none,-1,-1,-1,481318,19644,12:41:13.968370,hand
13,117,hand1,4,cue,white,-1,-1,-1,4,4,-1,0.5260665563573639,-1,1,none,none,-1,-1,-1,484184,19644,12:41:13.968370,hand
13,118,hand1,4,cue,white,-1,-1,-1,4,4,-1,0.34899176291810363,-1,1,none,none,-1,-1,-1,487034,19644,12:41:13.968370,hand
13,119,hand1,4,gabor,0,0.01845325970164672,4,4,-1,3,0.5767293513285949,-1,1,-1,incongruent,hit,3,2,1.7716468672324481,489818,19644,12:41:13.968370,hand
13,120,hand1,4,gabor,90,0.01845325970164672,3,3,-1,3,0.5784223863079205,-1,1,-1,congruent,CR,q,4,1.5301676254384802,495601,19644,12:41:13.968370,hand
13,121,hand1,4,gabor,0,0.01845325970164672,4,4,-1,3,0.7730042903785943,-1,1,-1,incongruent,hit,3,4,1.2770172325540443,501050,19644,12:41:13.968370,hand
13,122,hand1,4,cue,black,-1,-1,-1,3,3,-1,0.19782551179832808,-1,1,none,none,-1,-1,-1,506333,19644,12:41:13.968370,hand
13,123,hand1,4,cue,black,-1,-1,-1,4,3,-1,0.5535982465239613,-1,0,none,none,-1,-1,-1,508967,19644,12:41:13.968370,hand
13,124,hand1,4,cue,white,-1,-1,-1,4,4,-1,0.5104126067171819,-1,1,none,none,-1,-1,-1,512051,19644,12:41:13.968370,hand
13,125,hand1,4,gabor,90,0.01845325970164672,3,3,-1,4,0.7273038657954203,-1,1,-1,incongruent,CR,q,4,1.7691766259031283,515084,19644,12:41:13.968370,hand
13,126,hand1,4,cue,black,-1,-1,-1,3,3,-1,0.45777492426668687,-1,1,none,none,-1,-1,-1,523749,19644,12:41:13.968370,hand
13,127,hand1,4,gabor,90,0.01845325970164672,4,3,-1,4,0.5695643842886966,-1,0,-1,congruent,FA,q,1,2.2055184722826198,526533,19644,12:41:13.968370,hand
13,128,hand1,4,cue,white,-1,-1,-1,4,4,-1,0.2180586045842574,-1,1,none,none,-1,-1,-1,535582,19644,12:41:13.968370,hand
13,129,hand1,4,gabor,90,0.01845325970164672,3,3,-1,3,0.6430046244545338,-1,1,-1,congruent,CR,3,4,1.1498138199112873,538333,19644,12:41:13.968370,hand
13,130,hand1,4,gabor,90,0.01845325970164672,3,3,-1,3,0.5775714528726894,-1,1,-1,congruent,CR,3,4,0.46648892807343145,543466,19644,12:41:13.968370,hand
13,131,hand1,4,cue,black,-1,-1,-1,3,3,-1,0.2664266440465326,-1,1,none,none,-1,-1,-1,547749,19644,12:41:13.968370,hand
13,132,hand1,4,cue,white,-1,-1,-1,4,4,-1,0.2023336158258644,-1,1,none,none,-1,-1,-1,550348,19644,12:41:13.968370,hand
13,133,hand1,4,cue,white,-1,-1,-1,4,4,-1,0.4441745811286637,-1,1,none,none,-1,-1,-1,552981,19644,12:41:13.968370,hand
13,134,hand1,4,cue,black,-1,-1,-1,3,3,-1,0.44300147569401815,-1,1,none,none,-1,-1,-1,555865,19644,12:41:13.968370,hand
13,135,hand1,4,gabor,0,0.01845325970164672,3,4,-1,4,0.5367066802500631,-1,0,-1,incongruent,miss,4,4,0.9817072351229399,558731,19644,12:41:13.968370,hand
13,136,hand1,4,gabor,0,0.01845325970164672,4,4,-1,4,0.6013146460772987,-1,1,-1,congruent,hit,q,4,1.7753144056960082,563498,19644,12:41:13.968370,hand
13,137,hand1,4,cue,black,-1,-1,-1,3,3,-1,0.28306899741573943,-1,1,none,none,-1,-1,-1,571947,19644,12:41:13.968370,hand
13,138,hand1,4,gabor,0,0.01845325970164672,4,4,-1,4,0.5957939466225071,-1,1,-1,congruent,hit,c,3,2.1097247176580822,574765,19644,12:41:13.968370,hand
13,139,hand1,4,cue,black,-1,-1,-1,3,3,-1,0.392547958124851,-1,1,none,none,-1,-1,-1,580798,19644,12:41:13.968370,hand
13,140,hand1,4,cue,white,-1,-1,-1,4,4,-1,0.34037836586230696,-1,1,none,none,-1,-1,-1,583715,19644,12:41:13.968370,hand
13,141,hand1,4,cue,white,-1,-1,-1,4,4,-1,0.29124387191632195,-1,1,none,none,-1,-1,-1,586381,19644,12:41:13.968370,hand
13,142,hand1,4,cue,white,-1,-1,-1,4,4,-1,0.3181892013626566,-1,1,none,none,-1,-1,-1,589198,19644,12:41:13.968370,hand
13,143,hand1,4,cue,white,-1,-1,-1,4,4,-1,0.6248320500853879,-1,1,none,none,-1,-1,-1,594880,19644,12:41:13.968370,hand
13,144,hand1,4,cue,black,-1,-1,-1,3,3,-1,0.22659443460361217,-1,1,none,none,-1,-1,-1,598032,19644,12:41:13.968370,hand
13,145,hand1,5,cue,white,-1,-1,-1,3,4,-1,0.4262450757410079,-1,0,none,none,-1,-1,-1,602831,19644,12:41:13.968370,hand
13,146,hand1,5,gabor,90,0.01845325970164672,3,3,-1,3,0.5436328022551606,-1,1,-1,congruent,CR,4,4,0.7356657459740745,612197,19644,12:41:13.968370,hand
13,147,hand1,5,cue,white,-1,-1,-1,4,4,-1,0.21140051125121317,-1,1,none,none,-1,-1,-1,616914,19644,12:41:13.968370,hand
13,148,hand1,5,gabor,0,0.01845325970164672,3,4,-1,4,0.41523977238284715,-1,0,-1,incongruent,miss,3,1,1.9382808303053025,619664,19644,12:41:13.968370,hand
13,149,hand1,5,gabor,0,0.01845325970164672,4,4,-1,3,0.6108473277195117,-1,1,-1,incongruent,hit,3,3,1.30488184658725,625464,19644,12:41:13.968370,hand
13,150,hand1,5,cue,white,-1,-1,-1,4,4,-1,0.27168469076286783,-1,1,none,none,-1,-1,-1,630831,19644,12:41:13.968370,hand
13,151,hand1,5,cue,black,-1,-1,-1,3,3,-1,0.41651041260683996,-1,1,none,none,-1,-1,-1,633430,19644,12:41:13.968370,hand
13,152,hand1,5,cue,white,-1,-1,-1,4,4,-1,0.26127995594788445,-1,1,none,none,-1,-1,-1,636279,19644,12:41:13.968370,hand
13,153,hand1,5,cue,black,-1,-1,-1,4,3,-1,0.7169609542124817,-1,0,none,none,-1,-1,-1,645378,19644,12:41:13.968370,hand
13,154,hand1,5,gabor,0,0.01845325970164672,4,4,-1,3,0.5754448872762623,-1,1,-1,incongruent,hit,c,3,2.289561204808251,648529,19644,12:41:13.968370,hand
13,155,hand1,5,gabor,0,0.01845325970164672,4,4,-1,3,0.47712674799413435,-1,1,-1,incongruent,hit,q,2,2.6662417119432575,654829,19644,12:41:13.968370,hand
13,156,hand1,5,cue,black,-1,-1,-1,3,3,-1,0.22576231693528825,-1,1,none,none,-1,-1,-1,661211,19644,12:41:13.968370,hand
13,157,hand1,5,cue,black,-1,-1,-1,3,3,-1,0.28779905068722655,-1,1,none,none,-1,-1,-1,663962,19644,12:41:13.968370,hand
13,158,hand1,5,cue,black,-1,-1,-1,3,3,-1,0.3226135944296402,-1,1,none,none,-1,-1,-1,666578,19644,12:41:13.968370,hand
13,159,hand1,5,cue,black,-1,-1,-1,4,3,-1,0.5224024738508888,-1,0,none,none,-1,-1,-1,669328,19644,12:41:13.968370,hand
13,160,hand1,5,cue,black,-1,-1,-1,3,3,-1,0.26723572200126,-1,1,none,none,-1,-1,-1,672379,19644,12:41:13.968370,hand
13,161,hand1,5,cue,white,-1,-1,-1,4,4,-1,0.3121666201395783,-1,1,none,none,-1,-1,-1,675078,19644,12:41:13.968370,hand
13,162,hand1,5,cue,white,-1,-1,-1,4,4,-1,0.2770498721488366,-1,1,none,none,-1,-1,-1,677828,19644,12:41:13.968370,hand
13,163,hand1,5,gabor,90,0.01845325970164672,3,3,-1,4,0.4767999680516368,-1,1,-1,incongruent,CR,q,4,1.5707021621619788,680628,19644,12:41:13.968370,hand
13,164,hand1,5,cue,white,-1,-1,-1,4,4,-1,0.24736358473364817,-1,1,none,none,-1,-1,-1,686112,19644,12:41:13.968370,hand
13,165,hand1,5,cue,black,-1,-1,-1,3,3,-1,0.48234178724442245,-1,1,none,none,-1,-1,-1,688794,19644,12:41:13.968370,hand
13,166,hand1,5,cue,white,-1,-1,-1,3,4,-1,0.5002190692798649,-1,0,none,none,-1,-1,-1,691710,19644,12:41:13.968370,hand
13,167,hand1,5,cue,white,-1,-1,-1,3,4,-1,0.40107495625352385,-1,0,none,none,-1,-1,-1,694644,19644,12:41:13.968370,hand
13,168,hand1,5,gabor,90,0.01845325970164672,3,3,-1,3,0.47679075216592537,-1,1,-1,congruent,CR,3,4,0.5267857794278825,697476,19644,12:41:13.968370,hand
13,169,hand1,5,gabor,0,0.01845325970164672,4,4,-1,4,0.5695812800786371,-1,1,-1,congruent,hit,4,3,1.5175130625580096,701827,19644,12:41:13.968370,hand
13,170,hand1,5,cue,white,-1,-1,-1,4,4,-1,0.23921866186083207,-1,1,none,none,-1,-1,-1,707260,19644,12:41:13.968370,hand
13,171,hand1,5,gabor,90,0.01845325970164672,3,3,-1,3,0.4481731234823201,-1,1,-1,congruent,CR,c,4,1.3571082701437263,710027,19644,12:41:13.968370,hand
13,172,hand1,5,cue,black,-1,-1,-1,4,3,-1,0.6777957444878666,-1,0,none,none,-1,-1,-1,715176,19644,12:41:13.968370,hand
13,173,hand1,5,cue,white,-1,-1,-1,4,4,-1,0.20375478218056742,-1,1,none,none,-1,-1,-1,718177,19644,12:41:13.968370,hand
13,174,hand1,5,cue,black,-1,-1,-1,3,3,-1,0.25856587764610595,-1,1,none,none,-1,-1,-1,720911,19644,12:41:13.968370,hand
13,175,hand1,5,gabor,0,0.01845325970164672,4,4,-1,4,0.5892333880783553,-1,1,-1,congruent,hit,4,2,1.0652707415988516,723694,19644,12:41:13.968370,hand
13,176,hand1,5,cue,black,-1,-1,-1,3,3,-1,0.6021874672405829,-1,1,none,none,-1,-1,-1,728692,19644,12:41:13.968370,hand
13,177,hand1,5,gabor,90,0.01845325970164672,3,3,-1,4,0.5139230911308914,-1,1,-1,incongruent,CR,3,4,0.6128352710375111,731726,19644,12:41:13.968370,hand
13,178,hand1,5,cue,white,-1,-1,-1,3,4,-1,0.5776290521575902,-1,0,none,none,-1,-1,-1,736176,19644,12:41:13.968370,hand
13,179,hand1,5,gabor,90,0.01845325970164672,3,3,-1,4,0.620462568336734,-1,1,-1,incongruent,CR,4,4,1.2633327944599841,739176,19644,12:41:13.968370,hand
13,180,hand1,5,cue,black,-1,-1,-1,3,3,-1,0.2732675191105045,-1,1,none,none,-1,-1,-1,744309,19644,12:41:13.968370,hand
13,181,hand1,6,cue,white,-1,-1,-1,4,4,-1,0.2448610878045656,-1,1,none,none,-1,-1,-1,749108,19644,12:41:13.968370,hand
13,182,hand1,6,cue,white,-1,-1,-1,4,4,-1,0.4735905358998025,-1,1,none,none,-1,-1,-1,751692,19644,12:41:13.968370,hand
13,183,hand1,6,gabor,90,0.01845325970164672,3,3,-1,3,0.5435218276329579,-1,1,-1,congruent,CR,4,4,0.6624678067996683,754492,19644,12:41:13.968370,hand
13,184,hand1,6,gabor,90,0.01845325970164672,3,3,-1,4,0.6442660487928151,-1,1,-1,incongruent,CR,3,4,0.7122616205597296,758925,19644,12:41:13.968370,hand
13,185,hand1,6,cue,white,-1,-1,-1,4,4,-1,0.21913993515863694,-1,1,none,none,-1,-1,-1,763709,19644,12:41:13.968370,hand
13,186,hand1,6,gabor,0,0.01845325970164672,4,4,-1,4,0.7850095173221234,-1,1,-1,congruent,hit,3,2,1.6997767835714512,766258,19644,12:41:13.968370,hand
13,187,hand1,6,cue,white,-1,-1,-1,4,4,-1,0.5725941066712039,-1,1,none,none,-1,-1,-1,772091,19644,12:41:13.968370,hand
13,188,hand1,6,gabor,90,0.01845325970164672,3,3,-1,3,0.6763123709056345,-1,1,-1,congruent,CR,4,4,0.9222451894033838,775091,19644,12:41:13.968370,hand
13,189,hand1,6,cue,white,-1,-1,-1,3,4,-1,0.43026320185208533,-1,0,none,none,-1,-1,-1,780125,19644,12:41:13.968370,hand
13,190,hand1,6,cue,black,-1,-1,-1,3,3,-1,0.21692812262062944,-1,1,none,none,-1,-1,-1,782890,19644,12:41:13.968370,hand
13,191,hand1,6,cue,white,-1,-1,-1,4,4,-1,0.2517334504777864,-1,1,none,none,-1,-1,-1,785641,19644,12:41:13.968370,hand
13,192,hand1,6,gabor,90,0.01845325970164672,3,3,-1,4,0.5286293405383731,-1,1,-1,incongruent,CR,4,4,0.660503671186234,788324,19644,12:41:13.968370,hand
13,193,hand1,6,cue,black,-1,-1,-1,3,3,-1,0.25340037378100533,-1,1,none,none,-1,-1,-1,792857,19644,12:41:13.968370,hand
13,194,hand1,6,cue,black,-1,-1,-1,3,3,-1,0.26222650419595084,-1,1,none,none,-1,-1,-1,795641,19644,12:41:13.968370,hand
13,195,hand1,6,cue,black,-1,-1,-1,3,3,-1,0.4149318082068021,-1,1,none,none,-1,-1,-1,798240,19644,12:41:13.968370,hand
13,196,hand1,6,gabor,90,0.01845325970164672,3,3,-1,4,0.6558104814571379,-1,1,-1,incongruent,CR,3,3,0.6868680158468123,801191,19644,12:41:13.968370,hand
13,197,hand1,6,cue,white,-1,-1,-1,4,4,-1,0.23763468152810674,-1,1,none,none,-1,-1,-1,805975,19644,12:41:13.968370,hand
13,198,hand1,6,gabor,0,0.01845325970164672,3,4,-1,3,0.5885287568266904,-1,0,-1,congruent,miss,q,1,1.9733864424338208,808540,19644,12:41:13.968370,hand
13,199,hand1,6,cue,black,-1,-1,-1,4,3,-1,0.7572424380778102,-1,0,none,none,-1,-1,-1,814340,19644,12:41:13.968370,hand
13,200,hand1,6,cue,black,-1,-1,-1,3,3,-1,0.31386272708050456,-1,1,none,none,-1,-1,-1,821289,19644,12:41:13.968370,hand
13,201,hand1,6,cue,black,-1,-1,-1,3,3,-1,0.2056213830046545,-1,1,none,none,-1,-1,-1,823941,19644,12:41:13.968370,hand
13,202,hand1,6,cue,black,-1,-1,-1,3,3,-1,0.4834092939904622,-1,1,none,none,-1,-1,-1,826573,19644,12:41:13.968370,hand
13,203,hand1,6,gabor,0,0.01845325970164672,4,4,-1,4,0.6863215906309961,-1,1,-1,congruent,hit,4,2,0.9772590343518459,829489,19644,12:41:13.968370,hand
13,204,hand1,6,cue,white,-1,-1,-1,4,4,-1,0.30907584251417575,-1,1,none,none,-1,-1,-1,834489,19644,12:41:13.968370,hand
13,205,hand1,6,cue,black,-1,-1,-1,3,3,-1,0.4018072351614137,-1,1,none,none,-1,-1,-1,837323,19644,12:41:13.968370,hand
13,206,hand1,6,cue,black,-1,-1,-1,3,3,-1,0.4627338386962947,-1,1,none,none,-1,-1,-1,840156,19644,12:41:13.968370,hand
13,207,hand1,6,gabor,0,0.01845325970164672,4,4,-1,3,0.5945306023081685,-1,1,-1,incongruent,hit,4,3,0.8064310753516111,842956,19644,12:41:13.968370,hand
13,208,hand1,6,cue,white,-1,-1,-1,3,4,-1,0.5332933466297618,-1,0,none,none,-1,-1,-1,847589,19644,12:41:13.968370,hand
13,209,hand1,6,gabor,90,0.01845325970164672,3,3,-1,3,0.6961891161158746,-1,1,-1,congruent,CR,4,3,1.1560798541127042,850455,19644,12:41:13.968370,hand
13,210,hand1,6,cue,white,-1,-1,-1,4,4,-1,0.6577546493181217,-1,1,none,none,-1,-1,-1,855739,19644,12:41:13.968370,hand
13,211,hand1,6,cue,black,-1,-1,-1,3,3,-1,0.1965537195892466,-1,1,none,none,-1,-1,-1,858722,19644,12:41:13.968370,hand
13,212,hand1,6,gabor,0,0.01845325970164672,4,4,-1,3,0.576410635285356,-1,1,-1,incongruent,hit,3,3,0.786440667552597,861456,19644,12:41:13.968370,hand
13,213,hand1,6,cue,black,-1,-1,-1,3,3,-1,0.1982075870546396,-1,1,none,none,-1,-1,-1,866155,19644,12:41:13.968370,hand
13,214,hand1,6,cue,white,-1,-1,-1,4,4,-1,0.1921254865701485,-1,1,none,none,-1,-1,-1,868889,19644,12:41:13.968370,hand
13,215,hand1,6,cue,white,-1,-1,-1,4,4,-1,0.2919938146046661,-1,1,none,none,-1,-1,-1,871605,19644,12:41:13.968370,hand
13,216,hand1,6,gabor,0,0.01845325970164672,4,4,-1,4,0.671397999922192,-1,1,-1,congruent,hit,3,2,1.2094382956142908,878088,19644,12:41:13.968370,hand
13,217,hand1,7,cue,black,-1,-1,-1,3,3,-1,0.20111519895408492,-1,1,none,none,-1,-1,-1,885538,19644,12:41:13.968370,hand
13,218,hand1,7,gabor,90,0.01845325970164672,4,3,-1,4,0.7709510678719198,-1,0,-1,congruent,FA,q,1,2.787775434980631,888070,19644,12:41:13.968370,hand
13,219,hand1,7,cue,white,-1,-1,-1,4,4,-1,0.3065998412562294,-1,1,none,none,-1,-1,-1,894971,19644,12:41:13.968370,hand
13,220,hand1,7,cue,black,-1,-1,-1,3,3,-1,0.5224358814361949,-1,1,none,none,-1,-1,-1,897704,19644,12:41:13.968370,hand
13,221,hand1,7,gabor,90,0.01845325970164672,3,3,-1,3,0.638158604623186,-1,1,-1,congruent,CR,3,4,0.8291801048999332,900755,19644,12:41:13.968370,hand
13,222,hand1,7,cue,black,-1,-1,-1,3,3,-1,0.20200453191137058,-1,1,none,none,-1,-1,-1,905453,19644,12:41:13.968370,hand
13,223,hand1,7,cue,white,-1,-1,-1,4,4,-1,0.20876246400530363,-1,1,none,none,-1,-1,-1,908187,19644,12:41:13.968370,hand
13,224,hand1,7,gabor,90,0.01845325970164672,3,3,-1,3,0.7816173034393614,-1,1,-1,congruent,CR,3,3,1.3725529423827538,910921,19644,12:41:13.968370,hand
13,225,hand1,7,cue,white,-1,-1,-1,4,4,-1,0.5952939848298229,-1,1,none,none,-1,-1,-1,916320,19644,12:41:13.968370,hand
13,226,hand1,7,gabor,90,0.01845325970164672,3,3,-1,4,0.5632572625977446,-1,1,-1,incongruent,CR,c,4,1.5410780819743195,919454,19644,12:41:13.968370,hand
13,227,hand1,7,cue,black,-1,-1,-1,3,3,-1,0.20000890868959686,-1,1,none,none,-1,-1,-1,924803,19644,12:41:13.968370,hand
13,228,hand1,7,cue,black,-1,-1,-1,3,3,-1,0.5277553673890907,-1,1,none,none,-1,-1,-1,927337,19644,12:41:13.968370,hand
13,229,hand1,7,cue,black,-1,-1,-1,3,3,-1,0.366491961635802,-1,1,none,none,-1,-1,-1,930387,19644,12:41:13.968370,hand
13,230,hand1,7,cue,white,-1,-1,-1,4,4,-1,0.20845795578588877,-1,1,none,none,-1,-1,-1,933086,19644,12:41:13.968370,hand
13,231,hand1,7,gabor,0,0.01845325970164672,4,4,-1,4,0.5672485090422015,-1,1,-1,congruent,hit,q,4,2.0352246506504343,935719,19644,12:41:13.968370,hand
13,232,hand1,7,cue,white,-1,-1,-1,4,4,-1,0.6150724272606567,-1,1,none,none,-1,-1,-1,941569,19644,12:41:13.968370,hand
13,233,hand1,7,cue,white,-1,-1,-1,4,4,-1,0.37570170328763197,-1,1,none,none,-1,-1,-1,944519,19644,12:41:13.968370,hand
13,234,hand1,7,cue,black,-1,-1,-1,3,3,-1,0.2355096519122526,-1,1,none,none,-1,-1,-1,947319,19644,12:41:13.968370,hand
13,235,hand1,7,cue,black,-1,-1,-1,3,3,-1,0.4323970633577119,-1,1,none,none,-1,-1,-1,949986,19644,12:41:13.968370,hand
13,236,hand1,7,cue,white,-1,-1,-1,4,4,-1,0.4412416255440803,-1,1,none,none,-1,-1,-1,952852,19644,12:41:13.968370,hand
13,237,hand1,7,cue,black,-1,-1,-1,3,3,-1,0.21616819605560522,-1,1,none,none,-1,-1,-1,955618,19644,12:41:13.968370,hand
13,238,hand1,7,gabor,0,0.01845325970164672,4,4,-1,3,0.558953828029189,-1,1,-1,incongruent,hit,3,4,0.7488817098846994,958268,19644,12:41:13.968370,hand
13,239,hand1,7,gabor,0,0.01845325970164672,4,4,-1,3,0.4343362392810377,-1,1,-1,incongruent,hit,c,2,2.0972256728459797,970151,19644,12:41:13.968370,hand
13,240,hand1,7,gabor,90,0.01845325970164672,4,3,-1,3,0.4097720642698732,-1,0,-1,incongruent,FA,c,1,4.121551386817828,978951,19644,12:41:13.968370,hand
13,241,hand1,7,cue,white,-1,-1,-1,3,4,-1,0.41626158369626864,-1,0,none,none,-1,-1,-1,986818,19644,12:41:13.968370,hand
13,242,hand1,7,gabor,0,0.01845325970164672,4,4,-1,3,0.5091020309891974,-1,1,-1,incongruent,hit,c,2,1.5660062844658569,989768,19644,12:41:13.968370,hand
13,243,hand1,7,cue,black,-1,-1,-1,4,3,-1,0.4446372953834725,-1,0,none,none,-1,-1,-1,997917,19644,12:41:13.968370,hand
13,244,hand1,7,cue,white,-1,-1,-1,4,4,-1,0.17651070444298966,-1,1,none,none,-1,-1,-1,1000784,19644,12:41:13.968370,hand
13,245,hand1,7,cue,white,-1,-1,-1,4,4,-1,0.29940914653616346,-1,1,none,none,-1,-1,-1,1003384,19644,12:41:13.968370,hand
13,246,hand1,7,cue,black,-1,-1,-1,4,3,-1,0.37925173921030364,-1,0,none,none,-1,-1,-1,1006218,19644,12:41:13.968370,hand
13,247,hand1,7,gabor,0,0.01845325970164672,3,4,-1,4,0.6649833595665768,-1,0,-1,incongruent,miss,q,1,2.3180352192748614,1009034,19644,12:41:13.968370,hand
13,248,hand1,7,cue,white,-1,-1,-1,4,4,-1,0.23464527864416596,-1,1,none,none,-1,-1,-1,1015251,19644,12:41:13.968370,hand
13,249,hand1,7,gabor,90,0.01845325970164672,3,3,-1,4,0.42560073174126956,-1,1,-1,incongruent,CR,4,2,2.4214136477285138,1018018,19644,12:41:13.968370,hand
13,250,hand1,7,gabor,0,0.01845325970164672,4,4,-1,4,0.7252387394355537,-1,1,-1,congruent,hit,4,4,0.8202771754386049,1024200,19644,12:41:13.968370,hand
13,251,hand1,7,cue,black,-1,-1,-1,3,3,-1,0.369933710902842,-1,1,none,none,-1,-1,-1,1029082,19644,12:41:13.968370,hand
13,252,hand1,7,cue,white,-1,-1,-1,4,4,-1,0.2757135687406844,-1,1,none,none,-1,-1,-1,1031883,19644,12:41:13.968370,hand
13,253,hand1,8,cue,black,-1,-1,-1,4,3,-1,0.3583892782385192,-1,0,none,none,-1,-1,-1,1037034,19644,12:41:13.968370,hand
13,254,hand1,8,cue,black,-1,-1,-1,3,3,-1,0.20524353169639653,-1,1,none,none,-1,-1,-1,1039833,19644,12:41:13.968370,hand
13,255,hand1,8,gabor,90,0.01845325970164672,3,3,-1,4,0.5150658609422862,-1,1,-1,incongruent,CR,3,3,2.631993945163231,1042567,19644,12:41:13.968370,hand
13,256,hand1,8,cue,black,-1,-1,-1,3,3,-1,0.20581184463981117,-1,1,none,none,-1,-1,-1,1048965,19644,12:41:13.968370,hand
13,257,hand1,8,cue,white,-1,-1,-1,4,4,-1,0.18658289938684902,-1,1,none,none,-1,-1,-1,1051700,19644,12:41:13.968370,hand
13,258,hand1,8,gabor,0,0.01845325970164672,4,4,-1,3,0.5383724515672839,-1,1,-1,incongruent,hit,c,3,2.3883773859065514,1054417,19644,12:41:13.968370,hand
13,259,hand1,8,gabor,0,0.01845325970164672,4,4,-1,3,0.699010713082771,-1,1,-1,incongruent,hit,4,3,2.7019244689058723,1060581,19644,12:41:13.968370,hand
13,260,hand1,8,cue,white,-1,-1,-1,4,4,-1,0.26366802229767927,-1,1,none,none,-1,-1,-1,1067433,19644,12:41:13.968370,hand
13,261,hand1,8,cue,black,-1,-1,-1,3,3,-1,0.5293812032027745,-1,1,none,none,-1,-1,-1,1070233,19644,12:41:13.968370,hand
13,262,hand1,8,cue,black,-1,-1,-1,3,3,-1,0.418338613907963,-1,1,none,none,-1,-1,-1,1073300,19644,12:41:13.968370,hand
13,263,hand1,8,gabor,90,0.01845325970164672,4,3,-1,4,0.6401308041358789,-1,0,-1,congruent,FA,4,1,1.4511978539276242,1076249,19644,12:41:13.968370,hand
13,264,hand1,8,cue,white,-1,-1,-1,3,4,-1,0.5398592811070557,-1,0,none,none,-1,-1,-1,1081782,19644,12:41:13.968370,hand
13,265,hand1,8,cue,black,-1,-1,-1,3,3,-1,0.218716388417306,-1,1,none,none,-1,-1,-1,1084849,19644,12:41:13.968370,hand
13,266,hand1,8,cue,white,-1,-1,-1,4,4,-1,0.23356817201783997,-1,1,none,none,-1,-1,-1,1087398,19644,12:41:13.968370,hand
13,267,hand1,8,cue,black,-1,-1,-1,3,3,-1,0.3544698389023324,-1,1,none,none,-1,-1,-1,1090064,19644,12:41:13.968370,hand
13,268,hand1,8,cue,black,-1,-1,-1,3,3,-1,0.3902301629022986,-1,1,none,none,-1,-1,-1,1092948,19644,12:41:13.968370,hand
13,269,hand1,8,gabor,0,0.01845325970164672,4,4,-1,3,0.5010945784097203,-1,1,-1,incongruent,hit,3,4,1.8778722363385896,1095865,19644,12:41:13.968370,hand
13,270,hand1,8,gabor,90,0.01845325970164672,3,3,-1,4,0.6176920427355981,-1,1,-1,incongruent,CR,4,3,1.8766634193470964,1101480,19644,12:41:13.968370,hand
13,271,hand1,8,gabor,0,0.01845325970164672,4,4,-1,4,0.5722281592152285,-1,1,-1,congruent,hit,4,1,0.981085162846739,1110147,19644,12:41:13.968370,hand
13,272,hand1,8,gabor,90,0.01845325970164672,3,3,-1,3,0.5560082006018092,-1,1,-1,congruent,CR,c,3,1.7208899934298643,1114946,19644,12:41:13.968370,hand
13,273,hand1,8,cue,black,-1,-1,-1,3,3,-1,0.22672844893941146,-1,1,none,none,-1,-1,-1,1120564,19644,12:41:13.968370,hand
13,274,hand1,8,cue,white,-1,-1,-1,4,4,-1,0.2545078160310368,-1,1,none,none,-1,-1,-1,1123315,19644,12:41:13.968370,hand
13,275,hand1,8,gabor,0,0.01845325970164672,4,4,-1,4,0.6322965334061337,-1,1,-1,congruent,hit,c,3,1.9363524062487159,1126098,19644,12:41:13.968370,hand
13,276,hand1,8,gabor,0,0.01845325970164672,4,4,-1,4,0.47501247024501936,-1,1,-1,congruent,hit,4,3,1.0730393491430732,1131896,19644,12:41:13.968370,hand
13,277,hand1,8,gabor,90,0.01845325970164672,3,3,-1,3,0.45049053470938816,-1,1,-1,congruent,CR,3,3,0.674473417738227,1140346,19644,12:41:13.968370,hand
13,278,hand1,8,cue,black,-1,-1,-1,3,3,-1,0.2363275617567524,-1,1,none,none,-1,-1,-1,1144713,19644,12:41:13.968370,hand
13,279,hand1,8,cue,white,-1,-1,-1,4,4,-1,0.4352013805396382,-1,1,none,none,-1,-1,-1,1147379,19644,12:41:13.968370,hand
13,280,hand1,8,cue,white,-1,-1,-1,4,4,-1,0.26399249826909,-1,1,none,none,-1,-1,-1,1150245,19644,12:41:13.968370,hand
13,281,hand1,8,cue,white,-1,-1,-1,4,4,-1,0.2378063273963562,-1,1,none,none,-1,-1,-1,1152846,19644,12:41:13.968370,hand
13,282,hand1,8,cue,black,-1,-1,-1,3,3,-1,0.39065217366260185,-1,1,none,none,-1,-1,-1,1155412,19644,12:41:13.968370,hand
13,283,hand1,8,cue,black,-1,-1,-1,4,3,-1,0.2964669750658686,-1,0,none,none,-1,-1,-1,1158229,19644,12:41:13.968370,hand
13,284,hand1,8,cue,white,-1,-1,-1,4,4,-1,0.24742502397066346,-1,1,none,none,-1,-1,-1,1161063,19644,12:41:13.968370,hand
13,285,hand1,8,cue,white,-1,-1,-1,4,4,-1,0.33628881663798893,-1,1,none,none,-1,-1,-1,1163646,19644,12:41:13.968370,hand
13,286,hand1,8,cue,white,-1,-1,-1,4,4,-1,0.25112635401501393,-1,1,none,none,-1,-1,-1,1166411,19644,12:41:13.968370,hand
13,287,hand1,8,cue,white,-1,-1,-1,4,4,-1,0.3820341686637221,-1,1,none,none,-1,-1,-1,1168995,19644,12:41:13.968370,hand
13,288,hand1,8,gabor,90,0.01845325970164672,3,3,-1,3,0.3816689891978058,-1,1,-1,congruent,CR,q,4,1.9386782653705268,1171913,19644,12:41:13.968370,hand
13,289,hand1,9,cue,white,-1,-1,-1,4,4,-1,0.2153303184586548,-1,1,none,none,-1,-1,-1,1179861,19644,12:41:13.968370,hand
13,290,hand1,9,cue,white,-1,-1,-1,4,4,-1,0.27121276062234756,-1,1,none,none,-1,-1,-1,1182411,19644,12:41:13.968370,hand
13,291,hand1,9,cue,white,-1,-1,-1,4,4,-1,0.3818997703324385,-1,1,none,none,-1,-1,-1,1187944,19644,12:41:13.968370,hand
13,292,hand1,9,gabor,90,0.01845325970164672,3,3,-1,3,0.38653152082451925,-1,1,-1,congruent,CR,4,4,1.0945853216289834,1190761,19644,12:41:13.968370,hand
13,293,hand1,9,gabor,0,0.01845325970164672,3,4,-1,3,0.3468521414843053,-1,0,-1,congruent,miss,3,1,1.3926712205939111,1205743,19644,12:41:13.968370,hand
13,294,hand1,9,gabor,0,0.01845325970164672,4,4,-1,3,0.5944649391230996,-1,1,-1,incongruent,hit,3,2,1.2054201695027587,1210912,19644,12:41:13.968370,hand
13,295,hand1,9,gabor,0,0.01845325970164672,4,4,-1,4,0.4822814999934053,-1,1,-1,congruent,hit,4,3,1.3679603594036962,1216043,19644,12:41:13.968370,hand
13,296,hand1,9,cue,black,-1,-1,-1,3,3,-1,0.20795837798868888,-1,1,none,none,-1,-1,-1,1221327,19644,12:41:13.968370,hand
13,297,hand1,9,gabor,90,0.01845325970164672,3,3,-1,4,0.6387392054139127,-1,1,-1,incongruent,CR,3,4,1.207657325726359,1223860,19644,12:41:13.968370,hand
13,298,hand1,9,cue,white,-1,-1,-1,4,4,-1,0.14755132000300364,-1,1,none,none,-1,-1,-1,1229043,19644,12:41:13.968370,hand
13,299,hand1,9,cue,black,-1,-1,-1,3,3,-1,0.2814815611245649,-1,1,none,none,-1,-1,-1,1231527,19644,12:41:13.968370,hand
13,300,hand1,9,cue,white,-1,-1,-1,4,4,-1,0.529211093315098,-1,1,none,none,-1,-1,-1,1234243,19644,12:41:13.968370,hand
13,301,hand1,9,cue,black,-1,-1,-1,3,3,-1,0.2350611454803584,-1,1,none,none,-1,-1,-1,1237110,19644,12:41:13.968370,hand
13,302,hand1,9,gabor,90,0.01845325970164672,3,3,-1,4,0.3937794308340017,-1,1,-1,incongruent,CR,c,4,1.753726961725988,1239776,19644,12:41:13.968370,hand
13,303,hand1,9,cue,black,-1,-1,-1,4,3,-1,0.5465127664974716,-1,0,none,none,-1,-1,-1,1245259,19644,12:41:13.968370,hand
13,304,hand1,9,cue,black,-1,-1,-1,3,3,-1,0.2093687924771075,-1,1,none,none,-1,-1,-1,1248143,19644,12:41:13.968370,hand
13,305,hand1,9,cue,black,-1,-1,-1,3,3,-1,0.35225226643615315,-1,1,none,none,-1,-1,-1,1250877,19644,12:41:13.968370,hand
13,306,hand1,9,cue,black,-1,-1,-1,3,3,-1,0.31316539173894853,-1,1,none,none,-1,-1,-1,1253760,19644,12:41:13.968370,hand
13,307,hand1,9,cue,white,-1,-1,-1,4,4,-1,0.1760610460260068,-1,1,none,none,-1,-1,-1,1256610,19644,12:41:13.968370,hand
13,308,hand1,9,cue,black,-1,-1,-1,3,3,-1,0.3777541578047021,-1,1,none,none,-1,-1,-1,1259209,19644,12:41:13.968370,hand
13,309,hand1,9,cue,white,-1,-1,-1,3,4,-1,0.34653534541757836,-1,0,none,none,-1,-1,-1,1262009,19644,12:41:13.968370,hand
13,310,hand1,9,cue,white,-1,-1,-1,4,4,-1,0.2353867734373125,-1,1,none,none,-1,-1,-1,1264693,19644,12:41:13.968370,hand
13,311,hand1,9,cue,black,-1,-1,-1,3,3,-1,0.2941150042688605,-1,1,none,none,-1,-1,-1,1271024,19644,12:41:13.968370,hand
13,312,hand1,9,gabor,0,0.01845325970164672,3,4,-1,4,0.3979388671914421,-1,0,-1,incongruent,miss,q,1,3.7117313231437947,1273641,19644,12:41:13.968370,hand
13,313,hand1,9,cue,black,-1,-1,-1,3,3,-1,0.4914524581263322,-1,1,none,none,-1,-1,-1,1280975,19644,12:41:13.968370,hand
13,314,hand1,9,gabor,90,0.01845325970164672,4,3,-1,4,0.6103538938459678,-1,0,-1,congruent,FA,c,1,2.21733131761448,1283791,19644,12:41:13.968370,hand
13,315,hand1,9,cue,black,-1,-1,-1,3,3,-1,0.5119420597266071,-1,1,none,none,-1,-1,-1,1290059,19644,12:41:13.968370,hand
13,316,hand1,9,cue,white,-1,-1,-1,4,4,-1,0.20683672791528807,-1,1,none,none,-1,-1,-1,1292907,19644,12:41:13.968370,hand
13,317,hand1,9,gabor,90,0.01845325970164672,3,3,-1,3,0.5446584535202419,-1,1,-1,congruent,CR,4,2,1.7165212796726337,1295642,19644,12:41:13.968370,hand
13,318,hand1,9,cue,black,-1,-1,-1,3,3,-1,0.1763367546027439,-1,1,none,none,-1,-1,-1,1301157,19644,12:41:13.968370,hand
13,319,hand1,9,cue,white,-1,-1,-1,4,4,-1,0.473248780142967,-1,1,none,none,-1,-1,-1,1303858,19644,12:41:13.968370,hand
13,320,hand1,9,cue,white,-1,-1,-1,4,4,-1,0.27593091004200687,-1,1,none,none,-1,-1,-1,1306858,19644,12:41:13.968370,hand
13,321,hand1,9,gabor,0,0.01845325970164672,3,4,-1,4,0.4788351427832822,-1,0,-1,incongruent,miss,c,1,2.549767126091865,1309457,19644,12:41:13.968370,hand
13,322,hand1,9,gabor,90,0.01845325970164672,3,3,-1,3,0.44143784710831824,-1,1,-1,congruent,CR,c,4,1.5684454221818669,1315824,19644,12:41:13.968370,hand
13,323,hand1,9,cue,white,-1,-1,-1,4,4,-1,0.19732363003004139,-1,1,none,none,-1,-1,-1,1321173,19644,12:41:13.968370,hand
13,324,hand1,9,gabor,0,0.01845325970164672,3,4,-1,3,0.6650255990416554,-1,0,-1,congruent,miss,c,1,3.7158807756241004,1323907,19644,12:41:13.968370,hand
13,325,hand1,10,cue,black,-1,-1,-1,3,3,-1,0.19719038368384645,-1,1,none,none,-1,-1,-1,1338456,19644,12:41:13.968370,hand
13,326,hand1,10,cue,black,-1,-1,-1,4,3,-1,0.37912118083204405,-1,0,none,none,-1,-1,-1,1341207,19644,12:41:13.968370,hand
13,327,hand1,10,gabor,90,0.01845325970164672,3,3,-1,3,0.5407109825328007,-1,1,-1,congruent,CR,c,4,1.3457658189718131,1344124,19644,12:41:13.968370,hand
13,328,hand1,10,cue,black,-1,-1,-1,4,3,-1,0.6215869063771606,-1,0,none,none,-1,-1,-1,1349323,19644,12:41:13.968370,hand
13,329,hand1,10,cue,white,-1,-1,-1,4,4,-1,0.260453214212248,-1,1,none,none,-1,-1,-1,1352372,19644,12:41:13.968370,hand
13,330,hand1,10,cue,black,-1,-1,-1,3,3,-1,0.27326367915793526,-1,1,none,none,-1,-1,-1,1355157,19644,12:41:13.968370,hand
13,331,hand1,10,cue,black,-1,-1,-1,3,3,-1,0.6111718036909224,-1,1,none,none,-1,-1,-1,1357957,19644,12:41:13.968370,hand
13,332,hand1,10,cue,white,-1,-1,-1,4,4,-1,0.4120061485309634,-1,1,none,none,-1,-1,-1,1360905,19644,12:41:13.968370,hand
13,333,hand1,10,cue,black,-1,-1,-1,3,3,-1,0.3367780265634792,-1,1,none,none,-1,-1,-1,1363857,19644,12:41:13.968370,hand
13,334,hand1,10,gabor,0,0.01845325970164672,4,4,-1,4,0.46058039343370183,-1,1,-1,congruent,hit,q,4,1.8924533032995896,1366522,19644,12:41:13.968370,hand
13,335,hand1,10,gabor,0,0.01845325970164672,4,4,-1,3,0.4082533631262777,-1,1,-1,incongruent,hit,4,3,1.1232037183026478,1372122,19644,12:41:13.968370,hand
13,336,hand1,10,gabor,0,0.01845325970164672,4,4,-1,4,0.6501142961815276,-1,1,-1,congruent,hit,c,2,1.704024538831618,1376871,19644,12:41:13.968370,hand
13,337,hand1,10,cue,white,-1,-1,-1,4,4,-1,0.17771414550134068,-1,1,none,none,-1,-1,-1,1382472,19644,12:41:13.968370,hand
13,338,hand1,10,gabor,0,0.01845325970164672,3,4,-1,3,0.4985072185345416,-1,0,-1,congruent,miss,q,1,1.8414214889107825,1384972,19644,12:41:13.968370,hand
13,339,hand1,10,gabor,90,0.01845325970164672,3,3,-1,4,0.49834018060755625,-1,1,-1,incongruent,CR,3,4,0.8772010126722307,1390654,19644,12:41:13.968370,hand
13,340,hand1,10,cue,white,-1,-1,-1,4,4,-1,0.24794725748688506,-1,1,none,none,-1,-1,-1,1395254,19644,12:41:13.968370,hand
13,341,hand1,10,gabor,90,0.01845325970164672,3,3,-1,3,0.5017704100182527,-1,1,-1,congruent,CR,c,4,1.4047747503173014,1397937,19644,12:41:13.968370,hand
13,342,hand1,10,cue,white,-1,-1,-1,4,4,-1,0.34056921149203845,-1,1,none,none,-1,-1,-1,1403071,19644,12:41:13.968370,hand
13,343,hand1,10,cue,white,-1,-1,-1,4,4,-1,0.26123541250035487,-1,1,none,none,-1,-1,-1,1405737,19644,12:41:13.968370,hand
13,344,hand1,10,cue,black,-1,-1,-1,3,3,-1,0.3213049386786224,-1,1,none,none,-1,-1,-1,1408538,19644,12:41:13.968370,hand
13,345,hand1,10,cue,black,-1,-1,-1,3,3,-1,0.27721883005142445,-1,1,none,none,-1,-1,-1,1411388,19644,12:41:13.968370,hand
13,346,hand1,10,cue,white,-1,-1,-1,4,4,-1,0.232047934892762,-1,1,none,none,-1,-1,-1,1414087,19644,12:41:13.968370,hand
13,347,hand1,10,cue,white,-1,-1,-1,4,4,-1,0.3528094435177991,-1,1,none,none,-1,-1,-1,1416754,19644,12:41:13.968370,hand
13,348,hand1,10,gabor,0,0.01845325970164672,4,4,-1,3,0.5974101825549951,-1,1,-1,incongruent,hit,3,3,1.0844505354625653,1419638,19644,12:41:13.968370,hand
13,349,hand1,10,cue,white,-1,-1,-1,4,4,-1,0.23433654647669755,-1,1,none,none,-1,-1,-1,1424771,19644,12:41:13.968370,hand
13,350,hand1,10,gabor,0,0.01845325970164672,4,4,-1,4,0.7110996509873075,-1,1,-1,congruent,hit,3,2,2.0270374883029945,1427336,19644,12:41:13.968370,hand
13,351,hand1,10,cue,white,-1,-1,-1,4,4,-1,0.24883812642656267,-1,1,none,none,-1,-1,-1,1433302,19644,12:41:13.968370,hand
13,352,hand1,10,cue,black,-1,-1,-1,3,3,-1,0.5346296500383687,-1,1,none,none,-1,-1,-1,1436088,19644,12:41:13.968370,hand
13,353,hand1,10,cue,white,-1,-1,-1,4,4,-1,0.1974230847954459,-1,1,none,none,-1,-1,-1,1439053,19644,12:41:13.968370,hand
13,354,hand1,10,cue,black,-1,-1,-1,3,3,-1,0.3092613122116745,-1,1,none,none,-1,-1,-1,1441787,19644,12:41:13.968370,hand
13,355,hand1,10,cue,white,-1,-1,-1,3,4,-1,0.47025592130285077,-1,0,none,none,-1,-1,-1,1444519,19644,12:41:13.968370,hand
13,356,hand1,10,gabor,90,0.01845325970164672,3,3,-1,4,0.5770096678479604,-1,1,-1,incongruent,CR,q,4,1.8949066488385142,1447419,19644,12:41:13.968370,hand
13,357,hand1,10,cue,black,-1,-1,-1,3,3,-1,0.34162366240070696,-1,1,none,none,-1,-1,-1,1453321,19644,12:41:13.968370,hand
13,358,hand1,10,gabor,90,0.01845325970164672,3,3,-1,4,0.5425130721578171,-1,1,-1,incongruent,CR,4,4,0.6464264059704874,1455986,19644,12:41:13.968370,hand
13,359,hand1,10,gabor,90,0.01845325970164672,3,3,-1,3,0.39928592246542394,-1,1,-1,congruent,CR,4,4,0.7902015168574508,1460502,19644,12:41:13.968370,hand
13,360,hand1,10,cue,black,-1,-1,-1,3,3,-1,0.48896839296867256,-1,1,none,none,-1,-1,-1,1465119,19644,12:41:13.968370,hand
13,361,hand1,11,gabor,0,0.01845325970164672,3,4,-1,3,0.57261023447154,-1,0,-1,congruent,miss,c,2,2.2515848443226787,1470536,19644,12:41:13.968370,hand
13,362,hand1,11,cue,white,-1,-1,-1,4,4,-1,0.21229291617146373,-1,1,none,none,-1,-1,-1,1476602,19644,12:41:13.968370,hand
13,363,hand1,11,gabor,0,0.01845325970164672,3,4,-1,4,0.37722270840276906,-1,0,-1,incongruent,miss,3,4,3.9100518047962396,1479152,19644,12:41:13.968370,hand
13,364,hand1,11,cue,black,-1,-1,-1,3,3,-1,0.585770135077837,-1,1,none,none,-1,-1,-1,1486668,19644,12:41:13.968370,hand
13,365,hand1,11,gabor,0,0.01845325970164672,4,4,-1,3,0.5184864904713322,-1,1,-1,incongruent,hit,3,2,1.4614631984732114,1489685,19644,12:41:13.968370,hand
13,366,hand1,11,cue,white,-1,-1,-1,4,4,-1,0.6492172833186487,-1,1,none,none,-1,-1,-1,1495001,19644,12:41:13.968370,hand
13,367,hand1,11,cue,black,-1,-1,-1,3,3,-1,0.21214699798292713,-1,1,none,none,-1,-1,-1,1497984,19644,12:41:13.968370,hand
13,368,hand1,11,cue,white,-1,-1,-1,4,4,-1,0.4027810470706754,-1,1,none,none,-1,-1,-1,1503367,19644,12:41:13.968370,hand
13,369,hand1,11,cue,black,-1,-1,-1,3,3,-1,0.3426185940479627,-1,1,none,none,-1,-1,-1,1506302,19644,12:41:13.968370,hand
13,370,hand1,11,cue,white,-1,-1,-1,4,4,-1,0.26855436162895785,-1,1,none,none,-1,-1,-1,1509067,19644,12:41:13.968370,hand
13,371,hand1,11,cue,white,-1,-1,-1,4,4,-1,0.30935078309994424,-1,1,none,none,-1,-1,-1,1511667,19644,12:41:13.968370,hand
13,372,hand1,11,gabor,90,0.01845325970164672,3,3,-1,3,0.5432265352992545,-1,1,-1,congruent,CR,3,3,1.1601382997223482,1514400,19644,12:41:13.968370,hand
13,373,hand1,11,cue,white,-1,-1,-1,4,4,-1,0.3947797384153091,-1,1,none,none,-1,-1,-1,1522284,19644,12:41:13.968370,hand
13,374,hand1,11,cue,white,-1,-1,-1,4,4,-1,0.3413444978659754,-1,1,none,none,-1,-1,-1,1525000,19644,12:41:13.968370,hand
13,375,hand1,11,cue,black,-1,-1,-1,3,3,-1,0.4713752674042553,-1,1,none,none,-1,-1,-1,1527868,19644,12:41:13.968370,hand
13,376,hand1,11,cue,black,-1,-1,-1,3,3,-1,0.5882806959070876,-1,1,none,none,-1,-1,-1,1530666,19644,12:41:13.968370,hand
13,377,hand1,11,cue,white,-1,-1,-1,4,4,-1,0.29606954000064434,-1,1,none,none,-1,-1,-1,1533683,19644,12:41:13.968370,hand
13,378,hand1,11,cue,black,-1,-1,-1,3,3,-1,0.3299125758057926,-1,1,none,none,-1,-1,-1,1536518,19644,12:41:13.968370,hand
13,379,hand1,11,gabor,90,0.01845325970164672,3,3,-1,4,0.43669512199357996,-1,1,-1,incongruent,CR,c,4,1.2966566687109662,1539385,19644,12:41:13.968370,hand
13,380,hand1,11,cue,white,-1,-1,-1,4,4,-1,0.1964542648238421,-1,1,none,none,-1,-1,-1,1544466,19644,12:41:13.968370,hand
13,381,hand1,11,gabor,0,0.01845325970164672,3,4,-1,4,0.4402647416736727,-1,0,-1,incongruent,miss,q,3,1.6042860011857556,1547100,19644,12:41:13.968370,hand
13,382,hand1,11,gabor,90,0.01845325970164672,3,3,-1,3,0.5170822199070244,-1,1,-1,congruent,CR,c,4,2.8338840464957684,1552482,19644,12:41:13.968370,hand
13,383,hand1,11,cue,black,-1,-1,-1,3,3,-1,0.2176170100674426,-1,1,none,none,-1,-1,-1,1559284,19644,12:41:13.968370,hand
13,384,hand1,11,cue,white,-1,-1,-1,4,4,-1,0.39840119745076663,-1,1,none,none,-1,-1,-1,1561832,19644,12:41:13.968370,hand
13,385,hand1,11,cue,black,-1,-1,-1,3,3,-1,0.4912608445056321,-1,1,none,none,-1,-1,-1,1564665,19644,12:41:13.968370,hand
13,386,hand1,11,cue,white,-1,-1,-1,4,4,-1,0.45921605837338575,-1,1,none,none,-1,-1,-1,1567582,19644,12:41:13.968370,hand
13,387,hand1,11,gabor,90,0.01845325970164672,3,3,-1,4,0.4166885863951393,-1,1,-1,incongruent,CR,4,3,1.2566497414363766,1574132,19644,12:41:13.968370,hand
13,388,hand1,11,gabor,90,0.01845325970164672,3,3,-1,4,0.4023667162155107,-1,1,-1,incongruent,CR,3,4,0.8024167891935576,1579233,19644,12:41:13.968370,hand
13,389,hand1,11,cue,black,-1,-1,-1,3,3,-1,0.22517326824890915,-1,1,none,none,-1,-1,-1,1583781,19644,12:41:13.968370,hand
13,390,hand1,11,gabor,90,0.01845325970164672,3,3,-1,3,0.6601404116963749,-1,1,-1,congruent,CR,4,4,0.9070397461946413,1586331,19644,12:41:13.968370,hand
13,391,hand1,11,cue,white,-1,-1,-1,4,4,-1,0.6277753735403167,-1,1,none,none,-1,-1,-1,1591132,19644,12:41:13.968370,hand
13,392,hand1,11,gabor,0,0.01845325970164672,4,4,-1,3,0.5193996311345472,-1,1,-1,incongruent,hit,3,2,1.0805606637586607,1594098,19644,12:41:13.968370,hand
13,393,hand1,11,cue,black,-1,-1,-1,3,3,-1,0.4121182751387096,-1,1,none,none,-1,-1,-1,1599132,19644,12:41:13.968370,hand
13,394,hand1,11,cue,black,-1,-1,-1,3,3,-1,0.319101190038964,-1,1,none,none,-1,-1,-1,1601981,19644,12:41:13.968370,hand
13,395,hand1,11,cue,black,-1,-1,-1,4,3,-1,0.46701653752279526,-1,0,none,none,-1,-1,-1,1604731,19644,12:41:13.968370,hand
13,396,hand1,11,gabor,0,0.01845325970164672,4,4,-1,4,0.580926419217576,-1,1,-1,congruent,hit,4,3,0.9117809353283519,1607630,19644,12:41:13.968370,hand
