13,1,feet2,1,gabor,90,0.01845325970164672,3,3,-1,q,0.7715117009111054,-1,1,-1,congruent,CR,3,1,3.1474027138483507,0,39696,13:18:50.275530,feet
13,2,feet2,1,cue,yellow,-1,-1,-1,q,q,-1,0.30424748646328226,-1,1,none,none,-1,-1,-1,7348,39696,13:18:50.275530,feet
13,3,feet2,1,cue,yellow,-1,-1,-1,q,q,-1,0.3110403621230944,-1,1,none,none,-1,-1,-1,10183,39696,13:18:50.275530,feet
13,4,feet2,1,cue,blue,-1,-1,-1,c,c,-1,0.28473054478581616,-1,1,none,none,-1,-1,-1,13034,39696,13:18:50.275530,feet
13,5,feet2,1,gabor,90,0.01845325970164672,4,3,-1,c,0.24056072519761074,-1,0,-1,congruent,FA,c,1,1.571486664422082,15749,39696,13:18:50.275530,feet
13,6,feet2,1,gabor,0,0.01845325970164672,4,4,-1,q,0.6542307250720114,-1,1,-1,incongruent,hit,4,2,1.1694321363302151,20798,39696,13:18:50.275530,feet
13,7,feet2,1,cue,yellow,-1,-1,-1,c,q,-1,0.35611487447749823,-1,0,none,none,-1,-1,-1,26049,39696,13:18:50.275530,feet
13,8,feet2,1,cue,yellow,-1,-1,-1,q,q,-1,0.2889487324118818,-1,1,none,none,-1,-1,-1,28949,39696,13:18:50.275530,feet
13,9,feet2,1,cue,blue,-1,-1,-1,c,c,-1,0.3087774782188717,-1,1,none,none,-1,-1,-1,31665,39696,13:18:50.275530,feet
13,10,feet2,1,cue,blue,-1,-1,-1,c,c,-1,0.44151503014927584,-1,1,none,none,-1,-1,-1,34315,39696,13:18:50.275530,feet
13,11,feet2,1,gabor,90,0.01845325970164672,3,3,-1,q,0.4924615975960478,-1,1,-1,congruent,CR,4,4,1.1192305196336747,37098,39696,13:18:50.275530,feet
13,12,feet2,1,cue,blue,-1,-1,-1,c,c,-1,0.32123466755001573,-1,1,none,none,-1,-1,-1,42149,39696,13:18:50.275530,feet
13,13,feet2,1,cue,yellow,-1,-1,-1,q,q,-1,0.5509145038458882,-1,1,none,none,-1,-1,-1,44998,39696,13:18:50.275530,feet
13,14,feet2,1,cue,blue,-1,-1,-1,c,c,-1,0.4997471391397994,-1,1,none,none,-1,-1,-1,48082,39696,13:18:50.275530,feet
13,15,feet2,1,cue,blue,-1,-1,-1,c,c,-1,0.4106195417480194,-1,1,none,none,-1,-1,-1,50915,39696,13:18:50.275530,feet
13,16,feet2,1,cue,blue,-1,-1,-1,c,c,-1,0.33028658716193604,-1,1,none,none,-1,-1,-1,57331,39696,13:18:50.275530,feet
13,17,feet2,1,cue,yellow,-1,-1,-1,q,q,-1,0.4951587801087953,-1,1,none,none,-1,-1,-1,59997,39696,13:18:50.275530,feet
13,18,feet2,1,gabor,0,0.01845325970164672,4,4,-1,q,0.5577999223560255,-1,1,-1,incongruent,hit,q,1,1.3088596531988514,63031,39696,13:18:50.275530,feet
13,19,feet2,1,cue,yellow,-1,-1,-1,q,q,-1,0.47867348079034855,-1,1,none,none,-1,-1,-1,68230,39696,13:18:50.275530,feet
13,20,feet2,1,cue,blue,-1,-1,-1,c,c,-1,0.4414366951214106,-1,1,none,none,-1,-1,-1,71147,39696,13:18:50.275530,feet
13,21,feet2,1,cue,blue,-1,-1,-1,c,c,-1,0.4422427011140826,-1,1,none,none,-1,-1,-1,73930,39696,13:18:50.275530,feet
13,22,feet2,1,cue,blue,-1,-1,-1,c,c,-1,0.3870840899635368,-1,1,none,none,-1,-1,-1,76914,39696,13:18:50.275530,feet
13,23,feet2,1,cue,blue,-1,-1,-1,c,c,-1,0.3630486763877343,-1,1,none,none,-1,-1,-1,79729,39696,13:18:50.275530,feet
13,24,feet2,1,gabor,0,0.01845325970164672,3,4,-1,c,0.7148267087113709,-1,0,-1,incongruent,miss,c,1,2.466624094395229,82531,39696,13:18:50.275530,feet
13,25,feet2,1,gabor,0,0.01845325970164672,3,4,-1,c,0.47740514453835203,-1,0,-1,incongruent,miss,3,1,1.6503612051146774,89063,39696,13:18:50.275530,feet
13,26,feet2,1,cue,yellow,-1,-1,-1,q,q,-1,0.40724307167056395,-1,1,none,none,-1,-1,-1,94429,39696,13:18:50.275530,feet
13,27,feet2,1,gabor,0,0.01845325970164672,4,4,-1,c,0.5140298418054954,-1,1,-1,congruent,hit,3,3,1.7129044285784403,97179,39696,13:18:50.275530,feet
13,28,feet2,1,cue,yellow,-1,-1,-1,q,q,-1,0.2706275518876282,-1,1,none,none,-1,-1,-1,102847,39696,13:18:50.275530,feet
13,29,feet2,1,cue,yellow,-1,-1,-1,q,q,-1,0.2835816310507653,-1,1,none,none,-1,-1,-1,105546,39696,13:18:50.275530,feet
13,30,feet2,1,cue,yellow,-1,-1,-1,q,q,-1,0.34636715550550434,-1,1,none,none,-1,-1,-1,108162,39696,13:18:50.275530,feet
13,31,feet2,1,gabor,90,0.01845325970164672,4,3,-1,c,0.629424633063536,-1,0,-1,congruent,FA,3,1,1.412099075378137,110846,39696,13:18:50.275530,feet
13,32,feet2,1,gabor,90,0.01845325970164672,3,3,-1,c,0.6038747422917368,-1,1,-1,incongruent,CR,4,4,0.8388195372162954,116313,39696,13:18:50.275530,feet
13,33,feet2,1,cue,yellow,-1,-1,-1,q,q,-1,0.3136242660411881,-1,1,none,none,-1,-1,-1,120995,39696,13:18:50.275530,feet
13,34,feet2,1,gabor,90,0.01845325970164672,3,3,-1,q,0.6115031915760483,-1,1,-1,congruent,CR,c,4,0.9483933447481832,123646,39696,13:18:50.275530,feet
13,35,feet2,1,cue,blue,-1,-1,-1,c,c,-1,0.7522654758713543,-1,1,none,none,-1,-1,-1,128645,39696,13:18:50.275530,feet
13,36,feet2,1,gabor,0,0.01845325970164672,4,4,-1,q,0.5348193436830115,-1,1,-1,incongruent,hit,c,3,1.2417211587899146,135595,39696,13:18:50.275530,feet
13,37,feet2,2,cue,blue,-1,-1,-1,c,c,-1,0.6282841672236827,-1,1,none,none,-1,-1,-1,144544,39696,13:18:50.275530,feet
13,38,feet2,2,gabor,90,0.01845325970164672,3,3,-1,q,0.6070595987484921,-1,1,-1,congruent,CR,q,3,3.6259560041298755,147728,39696,13:18:50.275530,feet
13,39,feet2,2,cue,blue,-1,-1,-1,c,c,-1,0.5586274320821758,-1,1,none,none,-1,-1,-1,155294,39696,13:18:50.275530,feet
13,40,feet2,2,cue,yellow,-1,-1,-1,q,q,-1,0.3664140106038758,-1,1,none,none,-1,-1,-1,158294,39696,13:18:50.275530,feet
13,41,feet2,2,cue,blue,-1,-1,-1,c,c,-1,0.3194229780447131,-1,1,none,none,-1,-1,-1,161094,39696,13:18:50.275530,feet
13,42,feet2,2,cue,yellow,-1,-1,-1,q,q,-1,0.317137822416953,-1,1,none,none,-1,-1,-1,163944,39696,13:18:50.275530,feet
13,43,feet2,2,cue,blue,-1,-1,-1,c,c,-1,0.6848266971919656,-1,1,none,none,-1,-1,-1,170360,39696,13:18:50.275530,feet
13,44,feet2,2,cue,yellow,-1,-1,-1,q,q,-1,0.4477223130797938,-1,1,none,none,-1,-1,-1,173477,39696,13:18:50.275530,feet
13,45,feet2,2,cue,blue,-1,-1,-1,c,c,-1,0.35245309594210994,-1,1,none,none,-1,-1,-1,176461,39696,13:18:50.275530,feet
13,46,feet2,2,cue,yellow,-1,-1,-1,q,q,-1,0.38121779480025,-1,1,none,none,-1,-1,-1,179344,39696,13:18:50.275530,feet
13,47,feet2,2,cue,blue,-1,-1,-1,c,c,-1,0.7338448405826057,-1,1,none,none,-1,-1,-1,185726,39696,13:18:50.275530,feet
13,48,feet2,2,gabor,0,0.01845325970164672,4,4,-1,q,0.4046979512704638,-1,1,-1,incongruent,hit,4,4,1.2367203888788936,188793,39696,13:18:50.275530,feet
13,49,feet2,2,cue,yellow,-1,-1,-1,q,q,-1,0.16845333248329553,-1,1,none,none,-1,-1,-1,193877,39696,13:18:50.275530,feet
13,50,feet2,2,cue,yellow,-1,-1,-1,q,q,-1,0.3322468828228011,-1,1,none,none,-1,-1,-1,196577,39696,13:18:50.275530,feet
13,51,feet2,2,cue,yellow,-1,-1,-1,q,q,-1,0.3902140351019625,-1,1,none,none,-1,-1,-1,199342,39696,13:18:50.275530,feet
13,52,feet2,2,gabor,0,0.01845325970164672,3,4,-1,q,0.4601242070975786,-1,0,-1,congruent,miss,4,1,1.2449229110370652,202059,39696,13:18:50.275530,feet
13,53,feet2,2,cue,yellow,-1,-1,-1,q,q,-1,0.25270150245887635,-1,1,none,none,-1,-1,-1,207194,39696,13:18:50.275530,feet
13,54,feet2,2,cue,yellow,-1,-1,-1,q,q,-1,0.5325261241559929,-1,1,none,none,-1,-1,-1,209977,39696,13:18:50.275530,feet
13,55,feet2,2,cue,yellow,-1,-1,-1,q,q,-1,0.3029261588681038,-1,1,none,none,-1,-1,-1,219541,39696,13:18:50.275530,feet
13,56,feet2,2,cue,blue,-1,-1,-1,c,c,-1,0.46979051908056135,-1,1,none,none,-1,-1,-1,222175,39696,13:18:50.275530,feet
13,57,feet2,2,cue,blue,-1,-1,-1,c,c,-1,0.3456813400207466,-1,1,none,none,-1,-1,-1,225075,39696,13:18:50.275530,feet
13,58,feet2,2,cue,yellow,-1,-1,-1,q,q,-1,0.3745170779957334,-1,1,none,none,-1,-1,-1,227960,39696,13:18:50.275530,feet
13,59,feet2,2,gabor,90,0.01845325970164672,4,3,-1,c,0.5142947985159481,-1,0,-1,congruent,FA,4,1,2.851320118008516,230658,39696,13:18:50.275530,feet
13,60,feet2,2,cue,blue,-1,-1,-1,c,c,-1,0.6034488915784095,-1,1,none,none,-1,-1,-1,247441,39696,13:18:50.275530,feet
13,61,feet2,2,gabor,0,0.01845325970164672,3,4,-1,c,0.47228418411941675,-1,0,-1,incongruent,miss,q,2,2.5922492866329776,250374,39696,13:18:50.275530,feet
13,62,feet2,2,gabor,0,0.01845325970164672,4,4,-1,c,0.552647090334176,-1,1,-1,congruent,hit,3,4,0.7927858047714835,256875,39696,13:18:50.275530,feet
13,63,feet2,2,cue,blue,-1,-1,-1,c,c,-1,0.33156721126124467,-1,1,none,none,-1,-1,-1,261457,39696,13:18:50.275530,feet
13,64,feet2,2,cue,blue,-1,-1,-1,c,c,-1,0.3214850324420695,-1,1,none,none,-1,-1,-1,264325,39696,13:18:50.275530,feet
13,65,feet2,2,gabor,0,0.01845325970164672,4,4,-1,c,0.5409256358670973,-1,1,-1,congruent,hit,q,4,0.7881087428422688,270841,39696,13:18:50.275530,feet
13,66,feet2,2,gabor,90,0.01845325970164672,4,3,-1,c,0.4059017763229349,-1,0,-1,congruent,FA,3,4,1.00272329418749,275608,39696,13:18:50.275530,feet
13,67,feet2,2,cue,yellow,-1,-1,-1,q,q,-1,0.3692398315179162,-1,1,none,none,-1,-1,-1,284124,39696,13:18:50.275530,feet
13,68,feet2,2,gabor,0,0.01845325970164672,4,4,-1,q,0.4581497036133442,-1,1,-1,incongruent,hit,4,4,0.9711853817616429,286823,39696,13:18:50.275530,feet
13,69,feet2,2,gabor,90,0.01845325970164672,3,3,-1,c,0.47591178707989457,-1,1,-1,incongruent,CR,c,4,1.1967718288815377,291690,39696,13:18:50.275530,feet
13,70,feet2,2,cue,blue,-1,-1,-1,c,c,-1,0.31563256110621296,-1,1,none,none,-1,-1,-1,296690,39696,13:18:50.275530,feet
13,71,feet2,2,gabor,90,0.01845325970164672,3,3,-1,q,0.4684158161489904,-1,1,-1,congruent,CR,q,2,0.08338418070161424,299339,39696,13:18:50.275530,feet
13,72,feet2,2,gabor,90,0.01845325970164672,3,3,-1,q,0.4413238005236053,-1,1,-1,congruent,CR,q,4,1.2611156059883797,303340,39696,13:18:50.275530,feet
13,73,feet2,3,cue,blue,-1,-1,-1,c,c,-1,0.259536617593767,-1,1,none,none,-1,-1,-1,314289,39696,13:18:50.275530,feet
13,74,feet2,3,cue,yellow,-1,-1,-1,q,q,-1,0.25541980470825365,-1,1,none,none,-1,-1,-1,317005,39696,13:18:50.275530,feet
13,75,feet2,3,cue,yellow,-1,-1,-1,q,q,-1,0.31226876287109917,-1,1,none,none,-1,-1,-1,319789,39696,13:18:50.275530,feet
13,76,feet2,3,cue,blue,-1,-1,-1,q,c,-1,0.44205223947938066,-1,0,none,none,-1,-1,-1,322539,39696,13:18:50.275530,feet
13,77,feet2,3,cue,blue,-1,-1,-1,c,c,-1,0.2800803625223125,-1,1,none,none,-1,-1,-1,325404,39696,13:18:50.275530,feet
13,78,feet2,3,cue,yellow,-1,-1,-1,q,q,-1,0.362763751924831,-1,1,none,none,-1,-1,-1,328122,39696,13:18:50.275530,feet
13,79,feet2,3,cue,yellow,-1,-1,-1,q,q,-1,0.4106567892858948,-1,1,none,none,-1,-1,-1,330922,39696,13:18:50.275530,feet
13,80,feet2,3,cue,blue,-1,-1,-1,c,c,-1,0.3734380513924407,-1,1,none,none,-1,-1,-1,333856,39696,13:18:50.275530,feet
13,81,feet2,3,cue,yellow,-1,-1,-1,q,q,-1,0.45027357740309526,-1,1,none,none,-1,-1,-1,336555,39696,13:18:50.275530,feet
13,82,feet2,3,cue,blue,-1,-1,-1,c,c,-1,0.30730101655080944,-1,1,none,none,-1,-1,-1,339338,39696,13:18:50.275530,feet
13,83,feet2,3,cue,yellow,-1,-1,-1,q,q,-1,0.4878432869372773,-1,1,none,none,-1,-1,-1,345005,39696,13:18:50.275530,feet
13,84,feet2,3,cue,yellow,-1,-1,-1,q,q,-1,0.3454501748910843,-1,1,none,none,-1,-1,-1,351587,39696,13:18:50.275530,feet
13,85,feet2,3,gabor,0,0.01845325970164672,4,4,-1,c,0.36328368147042056,-1,1,-1,congruent,hit,c,4,1.4513061405823464,354472,39696,13:18:50.275530,feet
13,86,feet2,3,gabor,0,0.01845325970164672,4,4,-1,q,0.537672812254641,-1,1,-1,incongruent,hit,3,2,1.1787010132484284,363404,39696,13:18:50.275530,feet
13,87,feet2,3,gabor,0,0.01845325970164672,4,4,-1,q,0.4635118130372575,-1,1,-1,incongruent,hit,3,4,0.732368762909573,368354,39696,13:18:50.275530,feet
13,88,feet2,3,cue,yellow,-1,-1,-1,q,q,-1,0.6902321980769557,-1,1,none,none,-1,-1,-1,372786,39696,13:18:50.275530,feet
13,89,feet2,3,cue,blue,-1,-1,-1,c,c,-1,0.4651334249028878,-1,1,none,none,-1,-1,-1,376004,39696,13:18:50.275530,feet
13,90,feet2,3,cue,yellow,-1,-1,-1,q,q,-1,0.3449352372836074,-1,1,none,none,-1,-1,-1,379004,39696,13:18:50.275530,feet
13,91,feet2,3,gabor,90,0.01845325970164672,4,3,-1,q,0.4524811659939587,-1,0,-1,incongruent,FA,3,1,1.8257299077376956,381888,39696,13:18:50.275530,feet
13,92,feet2,3,gabor,90,0.01845325970164672,4,3,-1,q,0.47830446137140825,-1,0,-1,incongruent,FA,3,1,1.1042723693544758,387487,39696,13:18:50.275530,feet
13,93,feet2,3,gabor,90,0.01845325970164672,3,3,-1,q,0.508167002598384,-1,1,-1,congruent,CR,3,4,0.7610808544204701,392504,39696,13:18:50.275530,feet
13,94,feet2,3,gabor,90,0.01845325970164672,3,3,-1,c,0.6588674675022048,-1,1,-1,incongruent,CR,q,4,0.827749722659064,397020,39696,13:18:50.275530,feet
13,95,feet2,3,cue,yellow,-1,-1,-1,q,q,-1,0.2492647451290395,-1,1,none,none,-1,-1,-1,408235,39696,13:18:50.275530,feet
13,96,feet2,3,cue,blue,-1,-1,-1,c,c,-1,0.5501822249379984,-1,1,none,none,-1,-1,-1,410919,39696,13:18:50.275530,feet
13,97,feet2,3,gabor,90,0.01845325970164672,3,3,-1,c,0.7707901738695,-1,1,-1,incongruent,CR,4,4,1.710817030495491,413802,39696,13:18:50.275530,feet
13,98,feet2,3,cue,blue,-1,-1,-1,c,c,-1,0.3415710550534641,-1,1,none,none,-1,-1,-1,419720,39696,13:18:50.275530,feet
13,99,feet2,3,cue,blue,-1,-1,-1,c,c,-1,0.5474028674461806,-1,1,none,none,-1,-1,-1,422385,39696,13:18:50.275530,feet
13,100,feet2,3,cue,blue,-1,-1,-1,c,c,-1,0.6140536879092906,-1,1,none,none,-1,-1,-1,428934,39696,13:18:50.275530,feet
13,101,feet2,3,cue,blue,-1,-1,-1,c,c,-1,0.5838893264299259,-1,1,none,none,-1,-1,-1,431885,39696,13:18:50.275530,feet
13,102,feet2,3,cue,blue,-1,-1,-1,c,c,-1,0.3626865688838734,-1,1,none,none,-1,-1,-1,434802,39696,13:18:50.275530,feet
13,103,feet2,3,cue,yellow,-1,-1,-1,q,q,-1,0.47163408019150665,-1,1,none,none,-1,-1,-1,437502,39696,13:18:50.275530,feet
13,104,feet2,3,gabor,0,0.01845325970164672,4,4,-1,c,0.6083786223716743,-1,1,-1,congruent,hit,c,2,1.6442779526450977,440301,39696,13:18:50.275530,feet
13,105,feet2,3,gabor,0,0.01845325970164672,4,4,-1,q,0.5739246501516391,-1,1,-1,incongruent,hit,3,4,2.823915146269428,445985,39696,13:18:50.275530,feet
13,106,feet2,3,gabor,0,0.01845325970164672,4,4,-1,c,0.570604627373541,-1,1,-1,congruent,hit,4,4,0.6075956560925988,452718,39696,13:18:50.275530,feet
13,107,feet2,3,cue,yellow,-1,-1,-1,q,q,-1,0.2703860188867111,-1,1,none,none,-1,-1,-1,457335,39696,13:18:50.275530,feet
13,108,feet2,3,gabor,90,0.01845325970164672,3,3,-1,c,0.5953930555997431,-1,1,-1,incongruent,CR,q,4,0.8752184452878282,460135,39696,13:18:50.275530,feet
13,109,feet2,4,cue,yellow,-1,-1,-1,q,q,-1,0.23477929298042,-1,1,none,none,-1,-1,-1,468034,39696,13:18:50.275530,feet
13,110,feet2,4,cue,blue,-1,-1,-1,c,c,-1,0.33560108117671916,-1,1,none,none,-1,-1,-1,470718,39696,13:18:50.275530,feet
13,111,feet2,4,cue,yellow,-1,-1,-1,q,q,-1,0.34153111954947235,-1,1,none,none,-1,-1,-1,473585,39696,13:18:50.275530,feet
13,112,feet2,4,gabor,90,0.01845325970164672,3,3,-1,q,0.5763576439430835,-1,1,-1,congruent,CR,c,4,0.7842618786044113,476451,39696,13:18:50.275530,feet
13,113,feet2,4,cue,blue,-1,-1,-1,c,c,-1,0.25922519746018224,-1,1,none,none,-1,-1,-1,481050,39696,13:18:50.275530,feet
13,114,feet2,4,cue,blue,-1,-1,-1,c,c,-1,0.5439204146841803,-1,1,none,none,-1,-1,-1,483733,39696,13:18:50.275530,feet
13,115,feet2,4,cue,blue,-1,-1,-1,c,c,-1,0.40588372854745103,-1,1,none,none,-1,-1,-1,486600,39696,13:18:50.275530,feet
13,116,feet2,4,cue,yellow,-1,-1,-1,q,q,-1,0.3315629873131911,-1,1,none,none,-1,-1,-1,489433,39696,13:18:50.275530,feet
13,117,feet2,4,cue,blue,-1,-1,-1,c,c,-1,0.4734611295070863,-1,1,none,none,-1,-1,-1,492100,39696,13:18:50.275530,feet
13,118,feet2,4,cue,blue,-1,-1,-1,c,c,-1,0.41328331667500606,-1,1,none,none,-1,-1,-1,494999,39696,13:18:50.275530,feet
13,119,feet2,4,gabor,90,0.01845325970164672,3,3,-1,q,0.4130917030533965,-1,1,-1,congruent,CR,q,4,0.8150517683170619,497850,39696,13:18:50.275530,feet
13,120,feet2,4,cue,yellow,-1,-1,-1,q,q,-1,0.32785781731763564,-1,1,none,none,-1,-1,-1,502333,39696,13:18:50.275530,feet
13,121,feet2,4,gabor,0,0.01845325970164672,4,4,-1,q,0.4746100432412277,-1,1,-1,incongruent,hit,q,4,0.8275600290144212,505083,39696,13:18:50.275530,feet
13,122,feet2,4,cue,blue,-1,-1,-1,c,c,-1,0.3822476700124753,-1,1,none,none,-1,-1,-1,513382,39696,13:18:50.275530,feet
13,123,feet2,4,cue,yellow,-1,-1,-1,q,q,-1,0.3181830574394553,-1,1,none,none,-1,-1,-1,516199,39696,13:18:50.275530,feet
13,124,feet2,4,gabor,90,0.01845325970164672,3,3,-1,q,0.46873069223966013,-1,1,-1,congruent,CR,c,4,0.9178415320793647,518848,39696,13:18:50.275530,feet
13,125,feet2,4,cue,blue,-1,-1,-1,c,c,-1,0.2825152762898142,-1,1,none,none,-1,-1,-1,523683,39696,13:18:50.275530,feet
13,126,feet2,4,gabor,0,0.01845325970164672,4,4,-1,c,0.5454325879090902,-1,1,-1,congruent,hit,3,4,0.8933027007542478,526499,39696,13:18:50.275530,feet
13,127,feet2,4,gabor,0,0.01845325970164672,4,4,-1,c,0.373176934635012,-1,1,-1,congruent,hit,c,2,1.9251504973308329,531366,39696,13:18:50.275530,feet
13,128,feet2,4,gabor,90,0.01845325970164672,3,3,-1,c,0.4258107771329378,-1,1,-1,incongruent,CR,c,1,1.5428893874859568,536899,39696,13:18:50.275530,feet
13,129,feet2,4,gabor,90,0.01845325970164672,3,3,-1,c,0.5786527834470689,-1,1,-1,incongruent,CR,q,4,1.6724697306162852,542098,39696,13:18:50.275530,feet
13,130,feet2,4,gabor,90,0.01845325970164672,3,3,-1,c,0.4602447816005224,-1,1,-1,incongruent,CR,4,4,1.3792490512441873,547581,39696,13:18:50.275530,feet
13,131,feet2,4,gabor,0,0.01845325970164672,3,4,-1,q,0.523011874284748,-1,0,-1,congruent,miss,q,1,1.352880866630585,552747,39696,13:18:50.275530,feet
13,132,feet2,4,cue,blue,-1,-1,-1,c,c,-1,0.35664901184554765,-1,1,none,none,-1,-1,-1,557865,39696,13:18:50.275530,feet
13,133,feet2,4,cue,blue,-1,-1,-1,c,c,-1,0.2814961529438733,-1,1,none,none,-1,-1,-1,560749,39696,13:18:50.275530,feet
13,134,feet2,4,cue,yellow,-1,-1,-1,q,q,-1,0.3683270748515497,-1,1,none,none,-1,-1,-1,563364,39696,13:18:50.275530,feet
13,135,feet2,4,cue,yellow,-1,-1,-1,q,q,-1,0.37725534799756133,-1,1,none,none,-1,-1,-1,566164,39696,13:18:50.275530,feet
13,136,feet2,4,cue,blue,-1,-1,-1,c,c,-1,0.31303790532092535,-1,1,none,none,-1,-1,-1,568963,39696,13:18:50.275530,feet
13,137,feet2,4,cue,yellow,-1,-1,-1,q,q,-1,0.3469711800062214,-1,1,none,none,-1,-1,-1,571715,39696,13:18:50.275530,feet
13,138,feet2,4,gabor,0,0.01845325970164672,4,4,-1,c,0.48165904372126533,-1,1,-1,congruent,hit,3,4,1.2846618096391467,574398,39696,13:18:50.275530,feet
13,139,feet2,4,cue,yellow,-1,-1,-1,q,q,-1,0.4114727791538826,-1,1,none,none,-1,-1,-1,579514,39696,13:18:50.275530,feet
13,140,feet2,4,cue,blue,-1,-1,-1,c,c,-1,0.36635794729954796,-1,1,none,none,-1,-1,-1,582448,39696,13:18:50.275530,feet
13,141,feet2,4,cue,yellow,-1,-1,-1,q,q,-1,0.3461582620993795,-1,1,none,none,-1,-1,-1,585347,39696,13:18:50.275530,feet
13,142,feet2,4,cue,yellow,-1,-1,-1,q,q,-1,0.51094060016203,-1,1,none,none,-1,-1,-1,588030,39696,13:18:50.275530,feet
13,143,feet2,4,cue,yellow,-1,-1,-1,q,q,-1,0.35675537852512207,-1,1,none,none,-1,-1,-1,590880,39696,13:18:50.275530,feet
13,144,feet2,4,gabor,0,0.01845325970164672,4,4,-1,q,0.3365672131812971,-1,1,-1,incongruent,hit,c,4,1.1644133186446197,593663,39696,13:18:50.275530,feet
13,145,feet2,5,gabor,90,0.01845325970164672,4,3,-1,c,0.6491919396330559,-1,0,-1,congruent,FA,q,1,2.2730567057278677,602262,39696,13:18:50.275530,feet
13,146,feet2,5,gabor,90,0.01845325970164672,3,3,-1,q,0.5385298896126187,-1,1,-1,congruent,CR,c,1,1.1484936443030165,612096,39696,13:18:50.275530,feet
13,147,feet2,5,cue,yellow,-1,-1,-1,q,q,-1,0.31926899595600844,-1,1,none,none,-1,-1,-1,617230,39696,13:18:50.275530,feet
13,148,feet2,5,cue,yellow,-1,-1,-1,q,q,-1,0.29021438069867145,-1,1,none,none,-1,-1,-1,619979,39696,13:18:50.275530,feet
13,149,feet2,5,cue,yellow,-1,-1,-1,q,q,-1,0.3818321871713124,-1,1,none,none,-1,-1,-1,622695,39696,13:18:50.275530,feet
13,150,feet2,5,cue,yellow,-1,-1,-1,q,q,-1,0.30482347931138065,-1,1,none,none,-1,-1,-1,625412,39696,13:18:50.275530,feet
13,151,feet2,5,gabor,0,0.01845325970164672,3,4,-1,c,0.2936215703948619,-1,0,-1,incongruent,miss,q,1,0.8165908212076829,628046,39696,13:18:50.275530,feet
13,152,feet2,5,cue,blue,-1,-1,-1,c,c,-1,0.6733183600790653,-1,1,none,none,-1,-1,-1,632395,39696,13:18:50.275530,feet
13,153,feet2,5,cue,yellow,-1,-1,-1,q,q,-1,0.33724880471891083,-1,1,none,none,-1,-1,-1,635395,39696,13:18:50.275530,feet
13,154,feet2,5,gabor,0,0.01845325970164672,3,4,-1,q,0.4558015727679958,-1,0,-1,congruent,miss,4,1,1.407720761739256,641928,39696,13:18:50.275530,feet
13,155,feet2,5,cue,yellow,-1,-1,-1,q,q,-1,0.36054080352550955,-1,1,none,none,-1,-1,-1,647028,39696,13:18:50.275530,feet
13,156,feet2,5,cue,blue,-1,-1,-1,c,c,-1,0.6653865545604276,-1,1,none,none,-1,-1,-1,649811,39696,13:18:50.275530,feet
13,157,feet2,5,cue,yellow,-1,-1,-1,q,q,-1,0.49310747757772333,-1,1,none,none,-1,-1,-1,652911,39696,13:18:50.275530,feet
13,158,feet2,5,cue,blue,-1,-1,-1,c,c,-1,0.34117285199772596,-1,1,none,none,-1,-1,-1,655727,39696,13:18:50.275530,feet
13,159,feet2,5,cue,blue,-1,-1,-1,c,c,-1,0.6260374111197962,-1,1,none,none,-1,-1,-1,658595,39696,13:18:50.275530,feet
13,160,feet2,5,cue,blue,-1,-1,-1,c,c,-1,0.30073009013449337,-1,1,none,none,-1,-1,-1,661544,39696,13:18:50.275530,feet
13,161,feet2,5,cue,blue,-1,-1,-1,c,c,-1,0.3636734366300516,-1,1,none,none,-1,-1,-1,664177,39696,13:18:50.275530,feet
13,162,feet2,5,cue,yellow,-1,-1,-1,q,q,-1,0.3514612362578191,-1,1,none,none,-1,-1,-1,666878,39696,13:18:50.275530,feet
13,163,feet2,5,cue,blue,-1,-1,-1,c,c,-1,0.4283167300200148,-1,1,none,none,-1,-1,-1,669560,39696,13:18:50.275530,feet
13,164,feet2,5,cue,blue,-1,-1,-1,c,c,-1,0.3412769147062136,-1,1,none,none,-1,-1,-1,672327,39696,13:18:50.275530,feet
13,165,feet2,5,cue,blue,-1,-1,-1,c,c,-1,0.35904130214385077,-1,1,none,none,-1,-1,-1,675093,39696,13:18:50.275530,feet
13,166,feet2,5,cue,yellow,-1,-1,-1,q,q,-1,0.2677944350643884,-1,1,none,none,-1,-1,-1,677777,39696,13:18:50.275530,feet
13,167,feet2,5,gabor,90,0.01845325970164672,3,3,-1,c,0.6805992936788243,-1,1,-1,incongruent,CR,4,4,0.9405218264810173,680578,39696,13:18:50.275530,feet
13,168,feet2,5,cue,yellow,-1,-1,-1,q,q,-1,0.5213476389471907,-1,1,none,none,-1,-1,-1,685644,39696,13:18:50.275530,feet
13,169,feet2,5,cue,blue,-1,-1,-1,c,c,-1,0.4392394744027115,-1,1,none,none,-1,-1,-1,688694,39696,13:18:50.275530,feet
13,170,feet2,5,cue,blue,-1,-1,-1,c,c,-1,0.40104692460135993,-1,1,none,none,-1,-1,-1,691661,39696,13:18:50.275530,feet
13,171,feet2,5,cue,blue,-1,-1,-1,c,c,-1,0.3358648859011737,-1,1,none,none,-1,-1,-1,694493,39696,13:18:50.275530,feet
13,172,feet2,5,cue,yellow,-1,-1,-1,q,q,-1,0.26646581156092,-1,1,none,none,-1,-1,-1,701026,39696,13:18:50.275530,feet
13,173,feet2,5,gabor,0,0.01845325970164672,4,4,-1,c,0.6104168690644656,-1,1,-1,congruent,hit,q,1,0.827299296252022,703726,39696,13:18:50.275530,feet
13,174,feet2,5,cue,yellow,-1,-1,-1,q,q,-1,0.3240528085607366,-1,1,none,none,-1,-1,-1,708594,39696,13:18:50.275530,feet
13,175,feet2,5,gabor,90,0.01845325970164672,3,3,-1,q,0.4509040975744938,-1,1,-1,congruent,CR,3,3,1.1408943786555028,711242,39696,13:18:50.275530,feet
13,176,feet2,5,gabor,0,0.01845325970164672,4,4,-1,q,0.6636597280003116,-1,1,-1,incongruent,hit,q,4,0.7905670803193061,716176,39696,13:18:50.275530,feet
13,177,feet2,5,gabor,90,0.01845325970164672,4,3,-1,c,0.5222269880305248,-1,0,-1,congruent,FA,3,1,1.0312952274380223,720875,39696,13:18:50.275530,feet
13,178,feet2,5,gabor,0,0.01845325970164672,4,4,-1,c,0.7069640223344322,-1,1,-1,congruent,hit,3,3,1.5440164134924999,725876,39696,13:18:50.275530,feet
13,179,feet2,5,gabor,90,0.01845325970164672,3,3,-1,q,0.46070672786572686,-1,1,-1,congruent,CR,4,4,0.7916380430224308,731560,39696,13:18:50.275530,feet
13,180,feet2,5,gabor,0,0.01845325970164672,3,4,-1,q,0.5424462569872048,-1,0,-1,congruent,miss,3,2,1.487352541031214,736243,39696,13:18:50.275530,feet
13,181,feet2,6,gabor,0,0.01845325970164672,4,4,-1,q,0.728778023491941,-1,1,-1,incongruent,hit,q,3,3.457687757349049,747476,39696,13:18:50.275530,feet
13,182,feet2,6,gabor,0,0.01845325970164672,4,4,-1,c,0.6093267065998589,-1,1,-1,congruent,hit,3,4,1.2113421439762533,755109,39696,13:18:50.275530,feet
13,183,feet2,6,cue,yellow,-1,-1,-1,q,q,-1,0.3048549669201748,-1,1,none,none,-1,-1,-1,763924,39696,13:18:50.275530,feet
13,184,feet2,6,gabor,0,0.01845325970164672,4,4,-1,c,0.4556760063260299,-1,1,-1,congruent,hit,4,4,0.7426586831497843,766759,39696,13:18:50.275530,feet
13,185,feet2,6,cue,blue,-1,-1,-1,c,c,-1,0.6853493147027621,-1,1,none,none,-1,-1,-1,774024,39696,13:18:50.275530,feet
13,186,feet2,6,gabor,90,0.01845325970164672,3,3,-1,q,0.6510923320374786,-1,1,-1,congruent,CR,q,4,1.1511485873388665,777241,39696,13:18:50.275530,feet
13,187,feet2,6,gabor,90,0.01845325970164672,4,3,-1,q,0.7536678264596048,-1,0,-1,incongruent,FA,4,1,1.2046076355918558,785124,39696,13:18:50.275530,feet
13,188,feet2,6,cue,blue,-1,-1,-1,c,c,-1,0.46938271614453697,-1,1,none,none,-1,-1,-1,790423,39696,13:18:50.275530,feet
13,189,feet2,6,gabor,90,0.01845325970164672,3,3,-1,c,0.43033462496532593,-1,1,-1,incongruent,CR,q,3,2.4890471119915674,793424,39696,13:18:50.275530,feet
13,190,feet2,6,cue,blue,-1,-1,-1,c,c,-1,0.5326996900002996,-1,1,none,none,-1,-1,-1,803456,39696,13:18:50.275530,feet
13,191,feet2,6,cue,yellow,-1,-1,-1,q,q,-1,0.3774254578856926,-1,1,none,none,-1,-1,-1,806524,39696,13:18:50.275530,feet
13,192,feet2,6,gabor,0,0.01845325970164672,4,4,-1,q,0.6093040508812919,-1,1,-1,incongruent,hit,3,1,1.6203178021341955,809223,39696,13:18:50.275530,feet
13,193,feet2,6,cue,blue,-1,-1,-1,c,c,-1,0.2990051835513441,-1,1,none,none,-1,-1,-1,814906,39696,13:18:50.275530,feet
13,194,feet2,6,cue,yellow,-1,-1,-1,q,q,-1,0.33783785340528993,-1,1,none,none,-1,-1,-1,817740,39696,13:18:50.275530,feet
13,195,feet2,6,cue,yellow,-1,-1,-1,q,q,-1,0.5386362562921931,-1,1,none,none,-1,-1,-1,820506,39696,13:18:50.275530,feet
13,196,feet2,6,cue,yellow,-1,-1,-1,q,q,-1,0.46844115983458323,-1,1,none,none,-1,-1,-1,823472,39696,13:18:50.275530,feet
13,197,feet2,6,gabor,90,0.01845325970164672,4,3,-1,c,0.4901810499122803,-1,0,-1,congruent,FA,4,1,1.5680418431929866,830038,39696,13:18:50.275530,feet
13,198,feet2,6,cue,yellow,-1,-1,-1,q,q,-1,0.354982472537813,-1,1,none,none,-1,-1,-1,835339,39696,13:18:50.275530,feet
13,199,feet2,6,cue,yellow,-1,-1,-1,q,q,-1,0.4706276286869979,-1,1,none,none,-1,-1,-1,838022,39696,13:18:50.275530,feet
13,200,feet2,6,cue,yellow,-1,-1,-1,q,q,-1,0.48646628003461956,-1,1,none,none,-1,-1,-1,840822,39696,13:18:50.275530,feet
13,201,feet2,6,cue,yellow,-1,-1,-1,q,q,-1,0.439361968882622,-1,1,none,none,-1,-1,-1,843839,39696,13:18:50.275530,feet
13,202,feet2,6,cue,yellow,-1,-1,-1,q,q,-1,0.4362285677862019,-1,1,none,none,-1,-1,-1,846705,39696,13:18:50.275530,feet
13,203,feet2,6,cue,blue,-1,-1,-1,c,c,-1,0.45296269601567474,-1,1,none,none,-1,-1,-1,849471,39696,13:18:50.275530,feet
13,204,feet2,6,cue,blue,-1,-1,-1,c,c,-1,0.6017996320551902,-1,1,none,none,-1,-1,-1,852355,39696,13:18:50.275530,feet
13,205,feet2,6,cue,yellow,-1,-1,-1,q,q,-1,0.4126378206883601,-1,1,none,none,-1,-1,-1,855288,39696,13:18:50.275530,feet
13,206,feet2,6,cue,blue,-1,-1,-1,c,c,-1,0.7584946465303801,-1,1,none,none,-1,-1,-1,858239,39696,13:18:50.275530,feet
13,207,feet2,6,gabor,90,0.01845325970164672,3,3,-1,q,0.5182653092178953,-1,1,-1,congruent,CR,3,2,1.2913740463000067,861321,39696,13:18:50.275530,feet
13,208,feet2,6,cue,blue,-1,-1,-1,c,c,-1,0.3700865410055485,-1,1,none,none,-1,-1,-1,866354,39696,13:18:50.275530,feet
13,209,feet2,6,gabor,0,0.01845325970164672,4,4,-1,q,0.4742725114329005,-1,1,-1,incongruent,hit,4,4,0.5693401310727495,877754,39696,13:18:50.275530,feet
13,210,feet2,6,cue,yellow,-1,-1,-1,q,q,-1,0.2801959450871436,-1,1,none,none,-1,-1,-1,882037,39696,13:18:50.275530,feet
13,211,feet2,6,cue,blue,-1,-1,-1,c,c,-1,0.3230924364843304,-1,1,none,none,-1,-1,-1,884754,39696,13:18:50.275530,feet
13,212,feet2,6,gabor,0,0.01845325970164672,4,4,-1,c,0.4187752164871199,-1,1,-1,congruent,hit,c,3,1.2687536551547964,887605,39696,13:18:50.275530,feet
13,213,feet2,6,gabor,90,0.01845325970164672,4,3,-1,c,0.7325212090163404,-1,0,-1,congruent,FA,4,1,0.6904003879881202,892738,39696,13:18:50.275530,feet
13,214,feet2,6,cue,blue,-1,-1,-1,c,c,-1,0.7143294348861673,-1,1,none,none,-1,-1,-1,897587,39696,13:18:50.275530,feet
13,215,feet2,6,cue,blue,-1,-1,-1,c,c,-1,0.48814241922354995,-1,1,none,none,-1,-1,-1,900837,39696,13:18:50.275530,feet
13,216,feet2,6,cue,blue,-1,-1,-1,c,c,-1,0.50272348618455,-1,1,none,none,-1,-1,-1,906486,39696,13:18:50.275530,feet
13,217,feet2,7,gabor,0,0.01845325970164672,4,4,-1,c,0.5347801761690789,-1,1,-1,congruent,hit,q,3,3.2846502897818937,924336,39696,13:18:50.275530,feet
13,218,feet2,7,cue,yellow,-1,-1,-1,q,q,-1,0.33629380857655633,-1,1,none,none,-1,-1,-1,931452,39696,13:18:50.275530,feet
13,219,feet2,7,gabor,90,0.01845325970164672,3,3,-1,c,0.6151734180066342,-1,1,-1,incongruent,CR,3,4,1.148015954233415,934118,39696,13:18:50.275530,feet
13,220,feet2,7,cue,blue,-1,-1,-1,c,c,-1,0.33384007904169266,-1,1,none,none,-1,-1,-1,939135,39696,13:18:50.275530,feet
13,221,feet2,7,cue,yellow,-1,-1,-1,q,q,-1,0.3786807382994084,-1,1,none,none,-1,-1,-1,942003,39696,13:18:50.275530,feet
13,222,feet2,7,gabor,90,0.01845325970164672,3,3,-1,q,0.5494495620341695,-1,1,-1,congruent,CR,3,4,0.5284523187356172,944819,39696,13:18:50.275530,feet
13,223,feet2,7,gabor,0,0.01845325970164672,4,4,-1,q,0.48137565524029924,-1,1,-1,incongruent,hit,4,4,0.5502194724749643,949118,39696,13:18:50.275530,feet
13,224,feet2,7,cue,blue,-1,-1,-1,c,c,-1,0.3040255372188767,-1,1,none,none,-1,-1,-1,953484,39696,13:18:50.275530,feet
13,225,feet2,7,cue,yellow,-1,-1,-1,q,q,-1,0.4828713166698435,-1,1,none,none,-1,-1,-1,956218,39696,13:18:50.275530,feet
13,226,feet2,7,gabor,0,0.01845325970164672,4,4,-1,c,0.41566139914812084,-1,1,-1,congruent,hit,4,2,2.058656807716943,959135,39696,13:18:50.275530,feet
13,227,feet2,7,gabor,0,0.01845325970164672,4,4,-1,q,0.6273372349805868,-1,1,-1,incongruent,hit,c,1,0.6463315591472565,964834,39696,13:18:50.275530,feet
13,228,feet2,7,cue,yellow,-1,-1,-1,q,q,-1,0.4822004769985142,-1,1,none,none,-1,-1,-1,969434,39696,13:18:50.275530,feet
13,229,feet2,7,cue,blue,-1,-1,-1,c,c,-1,0.337953051974182,-1,1,none,none,-1,-1,-1,972451,39696,13:18:50.275530,feet
13,230,feet2,7,cue,yellow,-1,-1,-1,q,q,-1,0.40782136848974915,-1,1,none,none,-1,-1,-1,975319,39696,13:18:50.275530,feet
13,231,feet2,7,cue,blue,-1,-1,-1,c,c,-1,0.3256586766219698,-1,1,none,none,-1,-1,-1,978151,39696,13:18:50.275530,feet
13,232,feet2,7,cue,yellow,-1,-1,-1,q,q,-1,0.4685744061798687,-1,1,none,none,-1,-1,-1,981001,39696,13:18:50.275530,feet
13,233,feet2,7,cue,yellow,-1,-1,-1,q,q,-1,0.4522814884730906,-1,1,none,none,-1,-1,-1,984001,39696,13:18:50.275530,feet
13,234,feet2,7,gabor,0,0.01845325970164672,4,4,-1,c,0.5031332090975411,-1,1,-1,congruent,hit,3,2,3.300095346015951,986984,39696,13:18:50.275530,feet
13,235,feet2,7,cue,yellow,-1,-1,-1,q,q,-1,0.34775222630833014,-1,1,none,none,-1,-1,-1,994234,39696,13:18:50.275530,feet
13,236,feet2,7,cue,blue,-1,-1,-1,c,c,-1,0.3594418091706757,-1,1,none,none,-1,-1,-1,997118,39696,13:18:50.275530,feet
13,237,feet2,7,gabor,90,0.01845325970164672,3,3,-1,q,0.7273234495523866,-1,1,-1,congruent,CR,c,2,1.2573447728073006,999900,39696,13:18:50.275530,feet
13,238,feet2,7,cue,blue,-1,-1,-1,c,c,-1,0.3002055526485492,-1,1,none,none,-1,-1,-1,1005216,39696,13:18:50.275530,feet
13,239,feet2,7,gabor,0,0.01845325970164672,3,4,-1,q,0.41495177595879795,-1,0,-1,congruent,miss,q,1,1.1718405544279449,1007949,39696,13:18:50.275530,feet
13,240,feet2,7,cue,blue,-1,-1,-1,c,c,-1,0.6025388228781594,-1,1,none,none,-1,-1,-1,1012867,39696,13:18:50.275530,feet
13,241,feet2,7,gabor,90,0.01845325970164672,4,3,-1,c,0.4324331589095891,-1,0,-1,congruent,FA,3,1,2.302355157958118,1015799,39696,13:18:50.275530,feet
13,242,feet2,7,cue,yellow,-1,-1,-1,q,q,-1,0.33824143239417026,-1,1,none,none,-1,-1,-1,1021882,39696,13:18:50.275530,feet
13,243,feet2,7,cue,yellow,-1,-1,-1,q,q,-1,0.466804572154615,-1,1,none,none,-1,-1,-1,1027483,39696,13:18:50.275530,feet
13,244,feet2,7,cue,yellow,-1,-1,-1,q,q,-1,0.3626619931883397,-1,1,none,none,-1,-1,-1,1030282,39696,13:18:50.275530,feet
13,245,feet2,7,cue,blue,-1,-1,-1,c,c,-1,0.3905189273173164,-1,1,none,none,-1,-1,-1,1032983,39696,13:18:50.275530,feet
13,246,feet2,7,cue,blue,-1,-1,-1,c,c,-1,0.3663786830420577,-1,1,none,none,-1,-1,-1,1035799,39696,13:18:50.275530,feet
13,247,feet2,7,cue,blue,-1,-1,-1,q,c,-1,0.5342587106442807,-1,0,none,none,-1,-1,-1,1038598,39696,13:18:50.275530,feet
13,248,feet2,7,gabor,90,0.01845325970164672,3,3,-1,q,0.6039281176281293,-1,1,-1,congruent,CR,c,2,1.2329937151498598,1041666,39696,13:18:50.275530,feet
13,249,feet2,7,cue,blue,-1,-1,-1,c,c,-1,0.42181607473139593,-1,1,none,none,-1,-1,-1,1046832,39696,13:18:50.275530,feet
13,250,feet2,7,cue,blue,-1,-1,-1,c,c,-1,0.3995670069762127,-1,1,none,none,-1,-1,-1,1049582,39696,13:18:50.275530,feet
13,251,feet2,7,gabor,90,0.01845325970164672,3,3,-1,c,0.3093354232914862,-1,1,-1,incongruent,CR,q,2,1.5223176109038832,1052315,39696,13:18:50.275530,feet
13,252,feet2,7,cue,yellow,-1,-1,-1,q,q,-1,0.3071854339850688,-1,1,none,none,-1,-1,-1,1057481,39696,13:18:50.275530,feet
13,253,feet2,8,cue,blue,-1,-1,-1,c,c,-1,0.34469639224971615,-1,1,none,none,-1,-1,-1,1064765,39696,13:18:50.275530,feet
13,254,feet2,8,cue,yellow,-1,-1,-1,q,q,-1,0.3125586792721151,-1,1,none,none,-1,-1,-1,1067564,39696,13:18:50.275530,feet
13,255,feet2,8,cue,blue,-1,-1,-1,c,c,-1,0.3201948084606556,-1,1,none,none,-1,-1,-1,1073980,39696,13:18:50.275530,feet
13,256,feet2,8,cue,blue,-1,-1,-1,c,c,-1,0.30491218221050076,-1,1,none,none,-1,-1,-1,1079564,39696,13:18:50.275530,feet
13,257,feet2,8,cue,yellow,-1,-1,-1,q,q,-1,0.30370950914311834,-1,1,none,none,-1,-1,-1,1082197,39696,13:18:50.275530,feet
13,258,feet2,8,cue,blue,-1,-1,-1,c,c,-1,0.3265503135517065,-1,1,none,none,-1,-1,-1,1084830,39696,13:18:50.275530,feet
13,259,feet2,8,cue,yellow,-1,-1,-1,q,q,-1,0.2963855680764027,-1,1,none,none,-1,-1,-1,1087581,39696,13:18:50.275530,feet
13,260,feet2,8,gabor,0,0.01845325970164672,3,4,-1,c,0.6382526834549935,-1,0,-1,incongruent,miss,c,1,0.8902499386567797,1090415,39696,13:18:50.275530,feet
13,261,feet2,8,cue,yellow,-1,-1,-1,q,q,-1,0.3570253271736874,-1,1,none,none,-1,-1,-1,1095280,39696,13:18:50.275530,feet
13,262,feet2,8,gabor,90,0.01845325970164672,3,3,-1,c,0.5407720377743317,-1,1,-1,incongruent,CR,c,1,0.8847227112828477,1098064,39696,13:18:50.275530,feet
13,263,feet2,8,cue,yellow,-1,-1,-1,q,q,-1,0.7556404099686915,-1,1,none,none,-1,-1,-1,1102730,39696,13:18:50.275530,feet
13,264,feet2,8,cue,yellow,-1,-1,-1,q,q,-1,0.6313330893690363,-1,1,none,none,-1,-1,-1,1105813,39696,13:18:50.275530,feet
13,265,feet2,8,cue,blue,-1,-1,-1,c,c,-1,0.4732326523435404,-1,1,none,none,-1,-1,-1,1108980,39696,13:18:50.275530,feet
13,266,feet2,8,cue,yellow,-1,-1,-1,q,q,-1,0.3330121853205128,-1,1,none,none,-1,-1,-1,1111879,39696,13:18:50.275530,feet
13,267,feet2,8,gabor,90,0.01845325970164672,3,3,-1,q,0.4486058861093625,-1,1,-1,congruent,CR,4,2,2.192546729339483,1118213,39696,13:18:50.275530,feet
13,268,feet2,8,gabor,90,0.01845325970164672,3,3,-1,q,0.5292852043949097,-1,1,-1,congruent,CR,3,1,0.9513059485852864,1124196,39696,13:18:50.275530,feet
13,269,feet2,8,cue,yellow,-1,-1,-1,q,q,-1,0.3148442188939953,-1,1,none,none,-1,-1,-1,1131946,39696,13:18:50.275530,feet
13,270,feet2,8,gabor,0,0.01845325970164672,4,4,-1,c,0.6947122704523281,-1,1,-1,congruent,hit,3,2,1.7835895029529638,1134596,39696,13:18:50.275530,feet
13,271,feet2,8,gabor,0,0.01845325970164672,4,4,-1,q,0.6232887732467134,-1,1,-1,incongruent,hit,3,2,1.0383012204520128,1140412,39696,13:18:50.275530,feet
13,272,feet2,8,cue,blue,-1,-1,-1,c,c,-1,0.3451299228672724,-1,1,none,none,-1,-1,-1,1145411,39696,13:18:50.275530,feet
13,273,feet2,8,cue,blue,-1,-1,-1,c,c,-1,0.3717346485427697,-1,1,none,none,-1,-1,-1,1151762,39696,13:18:50.275530,feet
13,274,feet2,8,cue,yellow,-1,-1,-1,q,q,-1,0.4154425218657707,-1,1,none,none,-1,-1,-1,1154663,39696,13:18:50.275530,feet
13,275,feet2,8,cue,blue,-1,-1,-1,c,c,-1,0.3392225402130862,-1,1,none,none,-1,-1,-1,1161177,39696,13:18:50.275530,feet
13,276,feet2,8,cue,blue,-1,-1,-1,c,c,-1,0.5579078250166276,-1,1,none,none,-1,-1,-1,1167711,39696,13:18:50.275530,feet
13,277,feet2,8,gabor,90,0.01845325970164672,3,3,-1,q,0.5206783352577986,-1,1,-1,congruent,CR,3,4,0.8935649694976746,1170594,39696,13:18:50.275530,feet
13,278,feet2,8,cue,blue,-1,-1,-1,c,c,-1,0.2843884050334964,-1,1,none,none,-1,-1,-1,1175344,39696,13:18:50.275530,feet
13,279,feet2,8,cue,blue,-1,-1,-1,c,c,-1,0.5122154643331669,-1,1,none,none,-1,-1,-1,1178060,39696,13:18:50.275530,feet
13,280,feet2,8,cue,yellow,-1,-1,-1,q,q,-1,0.27817920212692115,-1,1,none,none,-1,-1,-1,1180911,39696,13:18:50.275530,feet
13,281,feet2,8,cue,yellow,-1,-1,-1,q,q,-1,0.30993445585318113,-1,1,none,none,-1,-1,-1,1183729,39696,13:18:50.275530,feet
13,282,feet2,8,gabor,90,0.01845325970164672,3,3,-1,c,0.5026762547713588,-1,1,-1,incongruent,CR,q,3,1.5046699580179848,1186461,39696,13:18:50.275530,feet
13,283,feet2,8,cue,yellow,-1,-1,-1,q,q,-1,0.3023781976726241,-1,1,none,none,-1,-1,-1,1191911,39696,13:18:50.275530,feet
13,284,feet2,8,gabor,0,0.01845325970164672,3,4,-1,q,0.3332713821027937,-1,0,-1,congruent,miss,4,4,0.06325246265805617,1194744,39696,13:18:50.275530,feet
13,285,feet2,8,gabor,90,0.01845325970164672,3,3,-1,c,0.476942814278118,-1,1,-1,incongruent,CR,q,4,0.9638030734213316,1201227,39696,13:18:50.275530,feet
13,286,feet2,8,gabor,0,0.01845325970164672,4,4,-1,c,0.6666018994710612,-1,1,-1,congruent,hit,3,4,0.606573460783693,1206010,39696,13:18:50.275530,feet
13,287,feet2,8,gabor,0,0.01845325970164672,4,4,-1,q,0.5682764642797338,-1,1,-1,incongruent,hit,3,4,0.6092568194671912,1210526,39696,13:18:50.275530,feet
13,288,feet2,8,cue,blue,-1,-1,-1,c,c,-1,0.29010724602812843,-1,1,none,none,-1,-1,-1,1215043,39696,13:18:50.275530,feet
13,289,feet2,9,cue,yellow,-1,-1,-1,q,q,-1,0.42853099935837236,-1,1,none,none,-1,-1,-1,1224194,39696,13:18:50.275530,feet
13,290,feet2,9,cue,yellow,-1,-1,-1,q,q,-1,0.3324004809164762,-1,1,none,none,-1,-1,-1,1226976,39696,13:18:50.275530,feet
13,291,feet2,9,cue,yellow,-1,-1,-1,q,q,-1,0.2942440266660924,-1,1,none,none,-1,-1,-1,1229742,39696,13:18:50.275530,feet
13,292,feet2,9,cue,yellow,-1,-1,-1,q,q,-1,0.2783040005779185,-1,1,none,none,-1,-1,-1,1232560,39696,13:18:50.275530,feet
13,293,feet2,9,gabor,90,0.01845325970164672,3,3,-1,c,0.4509056335555215,-1,1,-1,incongruent,CR,3,4,0.5198358497182198,1235275,39696,13:18:50.275530,feet
13,294,feet2,9,gabor,0,0.01845325970164672,4,4,-1,q,0.44865004556140775,-1,1,-1,incongruent,hit,q,4,1.026690356612562,1239492,39696,13:18:50.275530,feet
13,295,feet2,9,gabor,0,0.01845325970164672,4,4,-1,q,0.5973760069791751,-1,1,-1,incongruent,hit,4,3,1.0382516850677348,1244309,39696,13:18:50.275530,feet
13,296,feet2,9,gabor,0,0.01845325970164672,4,4,-1,c,0.41005622074226267,-1,1,-1,congruent,hit,3,3,1.1988918665592792,1252124,39696,13:18:50.275530,feet
13,297,feet2,9,gabor,0,0.01845325970164672,4,4,-1,c,0.4566509702217445,-1,1,-1,congruent,hit,4,4,0.6476336869809529,1257176,39696,13:18:50.275530,feet
13,298,feet2,9,gabor,90,0.01845325970164672,4,3,-1,c,0.4724197344366985,-1,0,-1,congruent,FA,4,3,0.7953735486416917,1261726,39696,13:18:50.275530,feet
13,299,feet2,9,cue,yellow,-1,-1,-1,q,q,-1,0.35900098264392,-1,1,none,none,-1,-1,-1,1269157,39696,13:18:50.275530,feet
13,300,feet2,9,cue,yellow,-1,-1,-1,q,q,-1,0.407438141248349,-1,1,none,none,-1,-1,-1,1278341,39696,13:18:50.275530,feet
13,301,feet2,9,cue,yellow,-1,-1,-1,q,q,-1,0.4822335005892455,-1,1,none,none,-1,-1,-1,1281275,39696,13:18:50.275530,feet
13,302,feet2,9,cue,yellow,-1,-1,-1,q,q,-1,0.6410189851085306,-1,1,none,none,-1,-1,-1,1287123,39696,13:18:50.275530,feet
13,303,feet2,9,gabor,90,0.01845325970164672,4,3,-1,q,0.5637833360660807,-1,0,-1,incongruent,FA,3,1,1.2847620323946103,1290091,39696,13:18:50.275530,feet
13,304,feet2,9,cue,blue,-1,-1,-1,c,c,-1,0.3065122903435622,-1,1,none,none,-1,-1,-1,1295290,39696,13:18:50.275530,feet
13,305,feet2,9,cue,blue,-1,-1,-1,c,c,-1,0.5232695350850918,-1,1,none,none,-1,-1,-1,1301690,39696,13:18:50.275530,feet
13,306,feet2,9,cue,blue,-1,-1,-1,c,c,-1,0.33584683812568983,-1,1,none,none,-1,-1,-1,1307373,39696,13:18:50.275530,feet
13,307,feet2,9,cue,blue,-1,-1,-1,c,c,-1,0.5166452333323832,-1,1,none,none,-1,-1,-1,1310241,39696,13:18:50.275530,feet
13,308,feet2,9,gabor,0,0.01845325970164672,3,4,-1,q,0.30639209983564797,-1,0,-1,congruent,miss,q,1,1.9532831400365467,1316756,39696,13:18:50.275530,feet
13,309,feet2,9,cue,blue,-1,-1,-1,c,c,-1,0.4771098522041939,-1,1,none,none,-1,-1,-1,1322456,39696,13:18:50.275530,feet
13,310,feet2,9,gabor,90,0.01845325970164672,4,3,-1,c,0.436714321755062,-1,0,-1,congruent,FA,q,2,1.0637347606689218,1325457,39696,13:18:50.275530,feet
13,311,feet2,9,cue,yellow,-1,-1,-1,q,q,-1,0.3105096807121299,-1,1,none,none,-1,-1,-1,1330206,39696,13:18:50.275530,feet
13,312,feet2,9,cue,yellow,-1,-1,-1,q,q,-1,0.3214650646896189,-1,1,none,none,-1,-1,-1,1332939,39696,13:18:50.275530,feet
13,313,feet2,9,cue,blue,-1,-1,-1,q,c,-1,0.3603326781094438,-1,0,none,none,-1,-1,-1,1335589,39696,13:18:50.275530,feet
13,314,feet2,9,cue,yellow,-1,-1,-1,q,q,-1,0.2481538469219231,-1,1,none,none,-1,-1,-1,1338372,39696,13:18:50.275530,feet
13,315,feet2,9,cue,blue,-1,-1,-1,c,c,-1,0.5689680396926633,-1,1,none,none,-1,-1,-1,1340955,39696,13:18:50.275530,feet
13,316,feet2,9,cue,blue,-1,-1,-1,c,c,-1,0.4897171836710186,-1,1,none,none,-1,-1,-1,1343956,39696,13:18:50.275530,feet
13,317,feet2,9,cue,blue,-1,-1,-1,c,c,-1,0.33654148550067475,-1,1,none,none,-1,-1,-1,1346772,39696,13:18:50.275530,feet
13,318,feet2,9,cue,blue,-1,-1,-1,c,c,-1,0.25437917762792495,-1,1,none,none,-1,-1,-1,1349639,39696,13:18:50.275530,feet
13,319,feet2,9,cue,blue,-1,-1,-1,c,c,-1,0.6549545560837942,-1,1,none,none,-1,-1,-1,1358822,39696,13:18:50.275530,feet
13,320,feet2,9,gabor,90,0.01845325970164672,4,3,-1,q,0.21364534737949725,-1,0,-1,incongruent,FA,q,1,1.4126397406653268,1362006,39696,13:18:50.275530,feet
13,321,feet2,9,cue,blue,-1,-1,-1,c,c,-1,0.3824876670332742,-1,1,none,none,-1,-1,-1,1367056,39696,13:18:50.275530,feet
13,322,feet2,9,gabor,90,0.01845325970164672,3,3,-1,q,0.3893669416202101,-1,1,-1,congruent,CR,4,4,0.7842726304706957,1369871,39696,13:18:50.275530,feet
13,323,feet2,9,cue,yellow,-1,-1,-1,q,q,-1,0.2988258577779561,-1,1,none,none,-1,-1,-1,1378154,39696,13:18:50.275530,feet
13,324,feet2,9,gabor,0,0.01845325970164672,4,4,-1,c,0.5953734718432315,-1,1,-1,congruent,hit,3,2,1.3322553307179987,1384654,39696,13:18:50.275530,feet
13,325,feet2,10,cue,yellow,-1,-1,-1,q,q,-1,0.3089356842547204,-1,1,none,none,-1,-1,-1,1393905,39696,13:18:50.275530,feet
13,326,feet2,10,cue,yellow,-1,-1,-1,q,q,-1,0.37074394084265805,-1,1,none,none,-1,-1,-1,1396554,39696,13:18:50.275530,feet
13,327,feet2,10,cue,yellow,-1,-1,-1,q,q,-1,0.3395251284555343,-1,1,none,none,-1,-1,-1,1399353,39696,13:18:50.275530,feet
13,328,feet2,10,cue,blue,-1,-1,-1,c,c,-1,0.3454017914909855,-1,1,none,none,-1,-1,-1,1402221,39696,13:18:50.275530,feet
13,329,feet2,10,cue,yellow,-1,-1,-1,q,q,-1,0.2691879537624118,-1,1,none,none,-1,-1,-1,1407719,39696,13:18:50.275530,feet
13,330,feet2,10,cue,blue,-1,-1,-1,q,c,-1,0.3169715524809362,-1,0,none,none,-1,-1,-1,1410520,39696,13:18:50.275530,feet
13,331,feet2,10,cue,blue,-1,-1,-1,c,c,-1,0.2667419041317771,-1,1,none,none,-1,-1,-1,1413371,39696,13:18:50.275530,feet
13,332,feet2,10,cue,blue,-1,-1,-1,c,c,-1,0.32662864857866225,-1,1,none,none,-1,-1,-1,1416070,39696,13:18:50.275530,feet
13,333,feet2,10,cue,yellow,-1,-1,-1,q,q,-1,0.27753677810324007,-1,1,none,none,-1,-1,-1,1418920,39696,13:18:50.275530,feet
13,334,feet2,10,gabor,0,0.01845325970164672,4,4,-1,c,0.35435156837047543,-1,1,-1,congruent,hit,c,3,0.9392185466622323,1421536,39696,13:18:50.275530,feet
13,335,feet2,10,cue,yellow,-1,-1,-1,q,q,-1,0.27915339803166717,-1,1,none,none,-1,-1,-1,1426069,39696,13:18:50.275530,feet
13,336,feet2,10,gabor,0,0.01845325970164672,4,4,-1,c,0.5138293962936586,-1,1,-1,congruent,hit,c,3,1.7108166465004615,1428888,39696,13:18:50.275530,feet
13,337,feet2,10,gabor,90,0.01845325970164672,4,3,-1,c,0.46957663373632386,-1,0,-1,congruent,FA,c,1,0.8705171916581094,1434554,39696,13:18:50.275530,feet
13,338,feet2,10,cue,blue,-1,-1,-1,c,c,-1,0.5612766151898541,-1,1,none,none,-1,-1,-1,1439235,39696,13:18:50.275530,feet
13,339,feet2,10,gabor,0,0.01845325970164672,3,4,-1,q,0.4252574400034064,-1,0,-1,congruent,miss,3,1,0.8290814181245878,1442336,39696,13:18:50.275530,feet
13,340,feet2,10,cue,yellow,-1,-1,-1,c,q,-1,0.7378621987027145,-1,0,none,none,-1,-1,-1,1446819,39696,13:18:50.275530,feet
13,341,feet2,10,cue,blue,-1,-1,-1,c,c,-1,0.3997417248074271,-1,1,none,none,-1,-1,-1,1450087,39696,13:18:50.275530,feet
13,342,feet2,10,cue,yellow,-1,-1,-1,q,q,-1,0.31452857481326646,-1,1,none,none,-1,-1,-1,1452818,39696,13:18:50.275530,feet
13,343,feet2,10,gabor,90,0.01845325970164672,3,3,-1,c,0.5462470417960503,-1,1,-1,incongruent,CR,4,1,0.957346577584758,1455669,39696,13:18:50.275530,feet
13,344,feet2,10,cue,blue,-1,-1,-1,c,c,-1,0.426114133367264,-1,1,none,none,-1,-1,-1,1460418,39696,13:18:50.275530,feet
13,345,feet2,10,gabor,0,0.01845325970164672,4,4,-1,c,0.36091673485861975,-1,1,-1,congruent,hit,q,3,1.5268287868939296,1463267,39696,13:18:50.275530,feet
13,346,feet2,10,cue,blue,-1,-1,-1,c,c,-1,0.5316179754318,-1,1,none,none,-1,-1,-1,1468586,39696,13:18:50.275530,feet
13,347,feet2,10,cue,yellow,-1,-1,-1,q,q,-1,0.3892429111592719,-1,1,none,none,-1,-1,-1,1471551,39696,13:18:50.275530,feet
13,348,feet2,10,cue,blue,-1,-1,-1,c,c,-1,0.3772469001023637,-1,1,none,none,-1,-1,-1,1474268,39696,13:18:50.275530,feet
13,349,feet2,10,cue,yellow,-1,-1,-1,q,q,-1,0.3172249893350454,-1,1,none,none,-1,-1,-1,1476967,39696,13:18:50.275530,feet
13,350,feet2,10,gabor,90,0.01845325970164672,4,3,-1,c,0.34954702002505655,-1,0,-1,congruent,FA,4,1,0.7395778894006071,1486117,39696,13:18:50.275530,feet
13,351,feet2,10,cue,blue,-1,-1,-1,c,c,-1,0.4263790900768072,-1,1,none,none,-1,-1,-1,1490450,39696,13:18:50.275530,feet
13,352,feet2,10,cue,blue,-1,-1,-1,c,c,-1,0.4019258896878455,-1,1,none,none,-1,-1,-1,1497066,39696,13:18:50.275530,feet
13,353,feet2,10,cue,blue,-1,-1,-1,c,c,-1,0.3888381801853029,-1,1,none,none,-1,-1,-1,1499801,39696,13:18:50.275530,feet
13,354,feet2,10,gabor,90,0.01845325970164672,4,3,-1,q,0.453297155862856,-1,0,-1,incongruent,FA,q,1,2.4692556137215433,1510049,39696,13:18:50.275530,feet
13,355,feet2,10,cue,yellow,-1,-1,-1,q,q,-1,0.6758431287316853,-1,1,none,none,-1,-1,-1,1516217,39696,13:18:50.275530,feet
13,356,feet2,10,cue,yellow,-1,-1,-1,q,q,-1,0.6066318280591076,-1,1,none,none,-1,-1,-1,1522984,39696,13:18:50.275530,feet
13,357,feet2,10,gabor,0,0.01845325970164672,4,4,-1,q,0.2058575400724294,-1,1,-1,incongruent,hit,c,4,1.1598456953561254,1533449,39696,13:18:50.275530,feet
13,358,feet2,10,gabor,0,0.01845325970164672,4,4,-1,q,0.4265695517124186,-1,1,-1,incongruent,hit,q,4,0.7595848089949868,1538250,39696,13:18:50.275530,feet
13,359,feet2,10,gabor,90,0.01845325970164672,3,3,-1,q,0.5773399037470881,-1,1,-1,congruent,CR,4,2,1.1612887494384267,1542866,39696,13:18:50.275530,feet
13,360,feet2,10,gabor,90,0.01845325970164672,4,3,-1,q,0.5290156397413739,-1,0,-1,incongruent,FA,4,4,2.5940440803487945,1548033,39696,13:18:50.275530,feet
13,361,feet2,11,cue,yellow,-1,-1,-1,q,q,-1,0.5503565587723642,-1,1,none,none,-1,-1,-1,1561016,39696,13:18:50.275530,feet
13,362,feet2,11,cue,blue,-1,-1,-1,c,c,-1,0.32903821866148064,-1,1,none,none,-1,-1,-1,1564132,39696,13:18:50.275530,feet
13,363,feet2,11,cue,blue,-1,-1,-1,c,c,-1,0.38546478206990287,-1,1,none,none,-1,-1,-1,1576131,39696,13:18:50.275530,feet
13,364,feet2,11,cue,blue,-1,-1,-1,c,c,-1,0.28926245651746285,-1,1,none,none,-1,-1,-1,1578948,39696,13:18:50.275530,feet
13,365,feet2,11,cue,yellow,-1,-1,-1,q,q,-1,0.296231201993578,-1,1,none,none,-1,-1,-1,1581564,39696,13:18:50.275530,feet
13,366,feet2,11,cue,blue,-1,-1,-1,c,c,-1,0.28588176249195385,-1,1,none,none,-1,-1,-1,1587231,39696,13:18:50.275530,feet
13,367,feet2,11,gabor,0,0.01845325970164672,3,4,-1,q,0.4624976816294293,-1,0,-1,congruent,miss,q,2,0.9515682173287132,1590049,39696,13:18:50.275530,feet
13,368,feet2,11,gabor,90,0.01845325970164672,4,3,-1,q,0.5003235159829273,-1,0,-1,incongruent,FA,q,2,0.8963101514127629,1594797,39696,13:18:50.275530,feet
13,369,feet2,11,gabor,90,0.01845325970164672,3,3,-1,c,0.5310880620099852,-1,1,-1,incongruent,CR,q,1,0.9740542101435494,1599631,39696,13:18:50.275530,feet
13,370,feet2,11,cue,blue,-1,-1,-1,q,c,-1,0.6049284252085272,-1,0,none,none,-1,-1,-1,1604481,39696,13:18:50.275530,feet
13,371,feet2,11,gabor,90,0.01845325970164672,4,3,-1,c,0.43152654616642394,-1,0,-1,congruent,FA,q,1,1.114629488760329,1607615,39696,13:18:50.275530,feet
13,372,feet2,11,gabor,90,0.01845325970164672,4,3,-1,q,0.4734288739064141,-1,0,-1,incongruent,FA,3,1,1.157287135122715,1612413,39696,13:18:50.275530,feet
13,373,feet2,11,gabor,0,0.01845325970164672,3,4,-1,q,0.44018717463586654,-1,0,-1,congruent,miss,3,1,1.1560038230563805,1617279,39696,13:18:50.275530,feet
13,374,feet2,11,cue,blue,-1,-1,-1,c,c,-1,0.43182452646669844,-1,1,none,none,-1,-1,-1,1622213,39696,13:18:50.275530,feet
13,375,feet2,11,cue,yellow,-1,-1,-1,c,q,-1,0.46574282533674705,-1,0,none,none,-1,-1,-1,1625181,39696,13:18:50.275530,feet
13,376,feet2,11,cue,yellow,-1,-1,-1,q,q,-1,0.32950592485485686,-1,1,none,none,-1,-1,-1,1627980,39696,13:18:50.275530,feet
13,377,feet2,11,gabor,90,0.01845325970164672,3,3,-1,c,0.5113057796270368,-1,1,-1,incongruent,CR,4,4,0.7502875164300349,1630646,39696,13:18:50.275530,feet
13,378,feet2,11,cue,yellow,-1,-1,-1,q,q,-1,0.39516258166077023,-1,1,none,none,-1,-1,-1,1635347,39696,13:18:50.275530,feet
13,379,feet2,11,cue,yellow,-1,-1,-1,q,q,-1,0.342013417562157,-1,1,none,none,-1,-1,-1,1638079,39696,13:18:50.275530,feet
13,380,feet2,11,cue,blue,-1,-1,-1,c,c,-1,0.6587395970891521,-1,1,none,none,-1,-1,-1,1640947,39696,13:18:50.275530,feet
13,381,feet2,11,cue,yellow,-1,-1,-1,q,q,-1,0.40354596557335753,-1,1,none,none,-1,-1,-1,1644130,39696,13:18:50.275530,feet
13,382,feet2,11,cue,blue,-1,-1,-1,c,c,-1,0.3104094579557568,-1,1,none,none,-1,-1,-1,1646862,39696,13:18:50.275530,feet
13,383,feet2,11,cue,blue,-1,-1,-1,c,c,-1,0.34124926704953396,-1,1,none,none,-1,-1,-1,1649696,39696,13:18:50.275530,feet
13,384,feet2,11,cue,blue,-1,-1,-1,c,c,-1,0.2911040976514414,-1,1,none,none,-1,-1,-1,1652361,39696,13:18:50.275530,feet
13,385,feet2,11,cue,blue,-1,-1,-1,c,c,-1,0.446031582071555,-1,1,none,none,-1,-1,-1,1655078,39696,13:18:50.275530,feet
13,386,feet2,11,cue,yellow,-1,-1,-1,q,q,-1,0.29880781000247225,-1,1,none,none,-1,-1,-1,1657962,39696,13:18:50.275530,feet
13,387,feet2,11,gabor,90,0.01845325970164672,3,3,-1,q,0.661619561331463,-1,1,-1,congruent,CR,c,2,1.5194391826435094,1660695,39696,13:18:50.275530,feet
13,388,feet2,11,gabor,0,0.01845325970164672,4,4,-1,c,0.4772619143159318,-1,1,-1,congruent,hit,4,2,1.3553138604229389,1666128,39696,13:18:50.275530,feet
13,389,feet2,11,cue,yellow,-1,-1,-1,q,q,-1,0.3421831434543492,-1,1,none,none,-1,-1,-1,1671311,39696,13:18:50.275530,feet
13,390,feet2,11,cue,yellow,-1,-1,-1,q,q,-1,0.6109824940413091,-1,1,none,none,-1,-1,-1,1674179,39696,13:18:50.275530,feet
13,391,feet2,11,gabor,0,0.01845325970164672,4,4,-1,q,0.3417407809465658,-1,1,-1,incongruent,hit,3,2,1.084693220448571,1677128,39696,13:18:50.275530,feet
13,392,feet2,11,gabor,0,0.01845325970164672,4,4,-1,c,0.4332771804301956,-1,1,-1,congruent,hit,3,2,0.9051086341705741,1685561,39696,13:18:50.275530,feet
13,393,feet2,11,cue,blue,-1,-1,-1,q,c,-1,0.391806847326734,-1,0,none,none,-1,-1,-1,1693077,39696,13:18:50.275530,feet
13,394,feet2,11,cue,yellow,-1,-1,-1,q,q,-1,0.26661825766768743,-1,1,none,none,-1,-1,-1,1695995,39696,13:18:50.275530,feet
13,395,feet2,11,gabor,0,0.01845325970164672,4,4,-1,c,0.440427555651695,-1,1,-1,congruent,hit,c,2,1.0384110430886722,1698795,39696,13:18:50.275530,feet
13,396,feet2,11,cue,yellow,-1,-1,-1,q,q,-1,0.48734409313601645,-1,1,none,none,-1,-1,-1,1703510,39696,13:18:50.275530,feet
