3,1,hand1,1,cue,yellow,-1,-1,-1,4,4,-1,0.19560918329261767,-1,1,none,none,-1,-1,-1,3666,16930,14:49:14.998079,hand
3,2,hand1,1,gabor,90,0.016429803904374287,3,4,-1,4,0.18648510410821473,-1,0,-1,incongruent,FA,q,1,1.3474319255601586,6248,16930,14:49:14.998079,hand
3,3,hand1,1,cue,blue,-1,-1,-1,3,3,-1,0.15728044764364313,-1,1,none,none,-1,-1,-1,11250,16930,14:49:14.998079,hand
3,4,hand1,1,cue,blue,-1,-1,-1,3,3,-1,0.2371980271927896,-1,1,none,none,-1,-1,-1,13849,16930,14:49:14.998079,hand
3,5,hand1,1,cue,yellow,-1,-1,-1,4,4,-1,0.18584345029375982,-1,1,none,none,-1,-1,-1,19448,16930,14:49:14.998079,hand
3,6,hand1,1,cue,yellow,-1,-1,-1,4,4,-1,0.16069453745694773,-1,1,none,none,-1,-1,-1,22166,16930,14:49:14.998079,hand
3,7,hand1,1,cue,yellow,-1,-1,-1,4,4,-1,0.2574836572202912,-1,1,none,none,-1,-1,-1,24765,16930,14:49:14.998079,hand
3,8,hand1,1,gabor,0,0.016429803904374287,4,3,-1,3,0.32429053286068665,-1,0,-1,incongruent,miss,4,2,1.5252629590268043,27366,16930,14:49:14.998079,hand
3,9,hand1,1,cue,yellow,-1,-1,-1,4,4,-1,0.17701043849046982,-1,1,none,none,-1,-1,-1,32448,16930,14:49:14.998079,hand
3,10,hand1,1,cue,blue,-1,-1,-1,3,3,-1,0.23171382623877435,-1,1,none,none,-1,-1,-1,38632,16930,14:49:14.998079,hand
3,11,hand1,1,gabor,90,0.016429803904374287,4,4,-1,3,0.27155856982244586,-1,1,-1,incongruent,CR,q,2,2.3884843299765635,41398,16930,14:49:14.998079,hand
3,12,hand1,1,gabor,0,0.016429803904374287,4,3,-1,3,0.5492840817623801,-1,0,-1,incongruent,miss,4,2,5.670064756732245,47499,16930,14:49:14.998079,hand
3,13,hand1,1,gabor,90,0.016429803904374287,4,4,-1,4,0.41158924325645785,-1,1,-1,congruent,CR,q,3,1.9365323353595159,57165,16930,14:49:14.998079,hand
3,14,hand1,1,cue,yellow,-1,-1,-1,4,4,-1,0.19521021362379543,-1,1,none,none,-1,-1,-1,62949,16930,14:49:14.998079,hand
3,15,hand1,1,cue,yellow,-1,-1,-1,4,4,-1,0.16123827282717684,-1,1,none,none,-1,-1,-1,65682,16930,14:49:14.998079,hand
3,16,hand1,1,gabor,0,0.016429803904374287,4,3,-1,4,0.4177719291237736,-1,0,-1,congruent,miss,c,2,1.9050993622622627,68382,16930,14:49:14.998079,hand
3,17,hand1,1,cue,blue,-1,-1,-1,3,3,-1,0.19876292523440497,-1,1,none,none,-1,-1,-1,73930,16930,14:49:14.998079,hand
3,18,hand1,1,cue,blue,-1,-1,-1,3,3,-1,0.23448895019100746,-1,1,none,none,-1,-1,-1,76664,16930,14:49:14.998079,hand
3,19,hand1,1,cue,yellow,-1,-1,-1,4,4,-1,0.17733222538299742,-1,1,none,none,-1,-1,-1,79431,16930,14:49:14.998079,hand
3,20,hand1,1,cue,blue,-1,-1,-1,3,3,-1,0.24224255512672244,-1,1,none,none,-1,-1,-1,82148,16930,14:49:14.998079,hand
3,21,hand1,1,cue,yellow,-1,-1,-1,4,4,-1,0.17106045292894123,-1,1,none,none,-1,-1,-1,84931,16930,14:49:14.998079,hand
3,22,hand1,1,cue,yellow,-1,-1,-1,4,4,-1,0.2039337871628959,-1,1,none,none,-1,-1,-1,87430,16930,14:49:14.998079,hand
3,23,hand1,1,cue,blue,-1,-1,-1,3,3,-1,0.1728130011124449,-1,1,none,none,-1,-1,-1,90164,16930,14:49:14.998079,hand
3,24,hand1,1,cue,yellow,-1,-1,-1,4,4,-1,0.2886082832101238,-1,1,none,none,-1,-1,-1,92880,16930,14:49:14.998079,hand
3,25,hand1,1,gabor,0,0.016429803904374287,4,3,-1,4,0.4003474376841041,-1,0,-1,congruent,miss,4,2,3.4363987054784957,95714,16930,14:49:14.998079,hand
3,26,hand1,1,gabor,90,0.016429803904374287,4,4,-1,3,0.09177223939150281,-1,1,-1,incongruent,CR,c,2,2.2107573588582454,106462,16930,14:49:14.998079,hand
3,27,hand1,1,cue,blue,-1,-1,-1,3,3,-1,0.20034190817204944,-1,1,none,none,-1,-1,-1,112196,16930,14:49:14.998079,hand
3,28,hand1,1,gabor,90,0.016429803904374287,4,4,-1,4,0.3443618942874309,-1,1,-1,congruent,CR,q,2,2.3423455422926054,114729,16930,14:49:14.998079,hand
3,29,hand1,1,cue,blue,-1,-1,-1,3,3,-1,0.24106330984432134,-1,1,none,none,-1,-1,-1,120645,16930,14:49:14.998079,hand
3,30,hand1,1,cue,blue,-1,-1,-1,3,3,-1,0.20088218759701704,-1,1,none,none,-1,-1,-1,123229,16930,14:49:14.998079,hand
3,31,hand1,1,cue,blue,-1,-1,-1,3,3,-1,0.32879708533255325,-1,1,none,none,-1,-1,-1,125861,16930,14:49:14.998079,hand
3,32,hand1,1,cue,yellow,-1,-1,-1,4,4,-1,0.19352064043960127,-1,1,none,none,-1,-1,-1,128628,16930,14:49:14.998079,hand
3,33,hand1,1,gabor,90,0.016429803904374287,3,4,-1,3,0.3993517414892267,-1,0,-1,congruent,FA,q,1,3.60733436038754,131262,16930,14:49:14.998079,hand
3,34,hand1,1,cue,blue,-1,-1,-1,3,3,-1,0.23004959665195202,-1,1,none,none,-1,-1,-1,138512,16930,14:49:14.998079,hand
3,35,hand1,1,gabor,0,0.016429803904374287,4,3,-1,4,0.1138918243086664,-1,0,-1,congruent,miss,4,2,1.5317313363593712,141279,16930,14:49:14.998079,hand
3,36,hand1,1,gabor,0,0.016429803904374287,4,3,-1,3,0.45957043369890016,-1,0,-1,incongruent,miss,3,2,1.5414559820110298,146261,16930,14:49:14.998079,hand
3,37,hand1,2,gabor,0,0.016429803904374287,4,3,-1,4,0.4176713227207074,-1,0,-1,congruent,miss,3,2,1.5486716114846786,159760,16930,14:49:14.998079,hand
3,38,hand1,2,cue,blue,-1,-1,-1,3,3,-1,0.16045492525881855,-1,1,none,none,-1,-1,-1,164993,16930,14:49:14.998079,hand
3,39,hand1,2,gabor,90,0.016429803904374287,4,4,-1,3,0.4972429237604956,-1,1,-1,incongruent,CR,3,2,1.799105140604297,167695,16930,14:49:14.998079,hand
3,40,hand1,2,cue,blue,-1,-1,-1,3,3,-1,0.32180033238546457,-1,1,none,none,-1,-1,-1,176993,16930,14:49:14.998079,hand
3,41,hand1,2,cue,yellow,-1,-1,-1,4,4,-1,0.18864122988634335,-1,1,none,none,-1,-1,-1,179643,16930,14:49:14.998079,hand
3,42,hand1,2,cue,blue,-1,-1,-1,3,3,-1,0.44146512106453883,-1,1,none,none,-1,-1,-1,182259,16930,14:49:14.998079,hand
3,43,hand1,2,gabor,0,0.016429803904374287,4,3,-1,3,0.3243412200572493,-1,0,-1,incongruent,miss,q,2,3.2930038614431396,185027,16930,14:49:14.998079,hand
3,44,hand1,2,gabor,90,0.016429803904374287,4,4,-1,4,0.3498530071319692,-1,1,-1,congruent,CR,q,2,2.306791546605382,191876,16930,14:49:14.998079,hand
3,45,hand1,2,cue,blue,-1,-1,-1,3,3,-1,0.16663914710261452,-1,1,none,none,-1,-1,-1,197876,16930,14:49:14.998079,hand
3,46,hand1,2,cue,blue,-1,-1,-1,3,3,-1,0.18545292849194084,-1,1,none,none,-1,-1,-1,200476,16930,14:49:14.998079,hand
3,47,hand1,2,cue,blue,-1,-1,-1,3,3,-1,0.1942698125494644,-1,1,none,none,-1,-1,-1,202993,16930,14:49:14.998079,hand
3,48,hand1,2,gabor,90,0.016429803904374287,4,4,-1,3,0.4801805385741318,-1,1,-1,incongruent,CR,3,3,2.8479879487349535,205626,16930,14:49:14.998079,hand
3,49,hand1,2,gabor,0,0.016429803904374287,4,3,-1,4,0.4556897912916611,-1,0,-1,congruent,miss,c,2,2.67465309990439,212393,16930,14:49:14.998079,hand
3,50,hand1,2,cue,yellow,-1,-1,-1,4,4,-1,0.20232370071789774,-1,1,none,none,-1,-1,-1,218859,16930,14:49:14.998079,hand
3,51,hand1,2,gabor,90,0.016429803904374287,4,4,-1,4,0.2772213279422431,-1,1,-1,congruent,CR,q,2,1.0331244662484096,221593,16930,14:49:14.998079,hand
3,52,hand1,2,gabor,0,0.016429803904374287,4,3,-1,3,0.16984972014506639,-1,0,-1,incongruent,miss,c,1,1.7187540319355321,228975,16930,14:49:14.998079,hand
3,53,hand1,2,cue,blue,-1,-1,-1,3,3,-1,0.2105373303511442,-1,1,none,none,-1,-1,-1,234309,16930,14:49:14.998079,hand
3,54,hand1,2,cue,yellow,-1,-1,-1,4,4,-1,0.1993312362155848,-1,1,none,none,-1,-1,-1,237043,16930,14:49:14.998079,hand
3,55,hand1,2,cue,yellow,-1,-1,-1,4,4,-1,0.1782200192919845,-1,1,none,none,-1,-1,-1,239776,16930,14:49:14.998079,hand
3,56,hand1,2,cue,yellow,-1,-1,-1,4,4,-1,0.21709018634464883,-1,1,none,none,-1,-1,-1,242493,16930,14:49:14.998079,hand
3,57,hand1,2,gabor,0,0.016429803904374287,4,3,-1,3,0.4549129716215248,-1,0,-1,incongruent,miss,3,1,1.7218229112277186,245141,16930,14:49:14.998079,hand
3,58,hand1,2,cue,yellow,-1,-1,-1,4,4,-1,0.22067131350377167,-1,1,none,none,-1,-1,-1,250657,16930,14:49:14.998079,hand
3,59,hand1,2,cue,yellow,-1,-1,-1,4,4,-1,0.17639604824216804,-1,1,none,none,-1,-1,-1,253308,16930,14:49:14.998079,hand
3,60,hand1,2,cue,blue,-1,-1,-1,3,3,-1,0.17824613087577745,-1,1,none,none,-1,-1,-1,255908,16930,14:49:14.998079,hand
3,61,hand1,2,cue,yellow,-1,-1,-1,4,4,-1,0.3581914347851125,-1,1,none,none,-1,-1,-1,258524,16930,14:49:14.998079,hand
3,62,hand1,2,cue,blue,-1,-1,-1,3,3,-1,0.20978201433899812,-1,1,none,none,-1,-1,-1,264240,16930,14:49:14.998079,hand
3,63,hand1,2,cue,blue,-1,-1,-1,3,3,-1,0.17067338707238378,-1,1,none,none,-1,-1,-1,266774,16930,14:49:14.998079,hand
3,64,hand1,2,gabor,0,0.016429803904374287,4,3,-1,4,0.41245015759159287,-1,0,-1,congruent,miss,c,1,1.5463557442417368,269273,16930,14:49:14.998079,hand
3,65,hand1,2,cue,blue,-1,-1,-1,3,3,-1,0.4572107911499188,-1,1,none,none,-1,-1,-1,274675,16930,14:49:14.998079,hand
3,66,hand1,2,cue,yellow,-1,-1,-1,4,4,-1,0.20418799112849229,-1,1,none,none,-1,-1,-1,277457,16930,14:49:14.998079,hand
3,67,hand1,2,cue,blue,-1,-1,-1,3,3,-1,0.17279495339971618,-1,1,none,none,-1,-1,-1,280090,16930,14:49:14.998079,hand
3,68,hand1,2,gabor,90,0.016429803904374287,4,4,-1,4,0.32369995023509546,-1,1,-1,congruent,CR,3,2,1.2087171992407093,282791,16930,14:49:14.998079,hand
3,69,hand1,2,cue,yellow,-1,-1,-1,4,4,-1,0.18044603196176467,-1,1,none,none,-1,-1,-1,287657,16930,14:49:14.998079,hand
3,70,hand1,2,gabor,90,0.016429803904374287,3,4,-1,3,0.2680853449492133,-1,0,-1,congruent,FA,c,1,1.069300916056818,290374,16930,14:49:14.998079,hand
3,71,hand1,2,cue,yellow,-1,-1,-1,4,4,-1,0.18211755742959213,-1,1,none,none,-1,-1,-1,295157,16930,14:49:14.998079,hand
3,72,hand1,2,cue,yellow,-1,-1,-1,4,4,-1,0.1607433046810911,-1,1,none,none,-1,-1,-1,300606,16930,14:49:14.998079,hand
3,73,hand1,3,gabor,90,0.016429803904374287,4,4,-1,3,0.057258483193436405,-1,1,-1,incongruent,CR,c,1,1.5760964561977744,306323,16930,14:49:14.998079,hand
3,74,hand1,3,cue,blue,-1,-1,-1,3,3,-1,0.20118400680621562,-1,1,none,none,-1,-1,-1,311407,16930,14:49:14.998079,hand
3,75,hand1,3,gabor,0,0.016429803904374287,4,3,-1,4,0.31380404330229794,-1,0,-1,congruent,miss,3,2,1.1007335051581322,316972,16930,14:49:14.998079,hand
3,76,hand1,3,cue,blue,-1,-1,-1,3,3,-1,0.1935156485196785,-1,1,none,none,-1,-1,-1,321622,16930,14:49:14.998079,hand
3,77,hand1,3,cue,yellow,-1,-1,-1,4,4,-1,0.1854149130940641,-1,1,none,none,-1,-1,-1,324139,16930,14:49:14.998079,hand
3,78,hand1,3,cue,blue,-1,-1,-1,3,3,-1,0.1702498417944298,-1,1,none,none,-1,-1,-1,326856,16930,14:49:14.998079,hand
3,79,hand1,3,cue,blue,-1,-1,-1,3,3,-1,0.18292164066770056,-1,1,none,none,-1,-1,-1,329455,16930,14:49:14.998079,hand
3,80,hand1,3,cue,yellow,-1,-1,-1,4,4,-1,0.10101420470164157,-1,1,none,none,-1,-1,-1,332071,16930,14:49:14.998079,hand
3,81,hand1,3,gabor,0,0.016429803904374287,4,3,-1,3,0.2878038159778953,-1,0,-1,incongruent,miss,4,2,1.14061357618084,334505,16930,14:49:14.998079,hand
3,82,hand1,3,cue,yellow,-1,-1,-1,4,4,-1,0.20153766519433702,-1,1,none,none,-1,-1,-1,339171,16930,14:49:14.998079,hand
3,83,hand1,3,cue,yellow,-1,-1,-1,4,4,-1,0.1713534402770165,-1,1,none,none,-1,-1,-1,341705,16930,14:49:14.998079,hand
3,84,hand1,3,cue,blue,-1,-1,-1,3,3,-1,0.1731340200167324,-1,1,none,none,-1,-1,-1,344305,16930,14:49:14.998079,hand
3,85,hand1,3,cue,blue,-1,-1,-1,3,3,-1,0.25925847705002525,-1,1,none,none,-1,-1,-1,346805,16930,14:49:14.998079,hand
3,86,hand1,3,cue,yellow,-1,-1,-1,4,4,-1,0.3209444099720713,-1,1,none,none,-1,-1,-1,349388,16930,14:49:14.998079,hand
3,87,hand1,3,cue,yellow,-1,-1,-1,4,4,-1,0.12876928417426825,-1,1,none,none,-1,-1,-1,352137,16930,14:49:14.998079,hand
3,88,hand1,3,gabor,90,0.016429803904374287,4,4,-1,4,0.3236281433728436,-1,1,-1,congruent,CR,4,3,1.617557046134607,354805,16930,14:49:14.998079,hand
3,89,hand1,3,cue,blue,-1,-1,-1,3,3,-1,0.349361878928903,-1,1,none,none,-1,-1,-1,359988,16930,14:49:14.998079,hand
3,90,hand1,3,gabor,90,0.016429803904374287,4,4,-1,4,0.08627191069172113,-1,1,-1,congruent,CR,4,2,1.2851212345558451,362671,16930,14:49:14.998079,hand
3,91,hand1,3,cue,blue,-1,-1,-1,3,3,-1,0.1496524087160651,-1,1,none,none,-1,-1,-1,370120,16930,14:49:14.998079,hand
3,92,hand1,3,gabor,90,0.016429803904374287,4,4,-1,4,0.2976532596476318,-1,1,-1,congruent,CR,q,2,1.897480539189928,372703,16930,14:49:14.998079,hand
3,93,hand1,3,cue,yellow,-1,-1,-1,4,4,-1,0.26815638382140605,-1,1,none,none,-1,-1,-1,378237,16930,14:49:14.998079,hand
3,94,hand1,3,gabor,0,0.016429803904374287,4,3,-1,4,0.2900951076098863,-1,0,-1,congruent,miss,4,1,5.955952059130141,380937,16930,14:49:14.998079,hand
3,95,hand1,3,cue,yellow,-1,-1,-1,4,4,-1,0.20150118577294052,-1,1,none,none,-1,-1,-1,390419,16930,14:49:14.998079,hand
3,96,hand1,3,cue,yellow,-1,-1,-1,4,4,-1,0.15035050963706453,-1,1,none,none,-1,-1,-1,392953,16930,14:49:14.998079,hand
3,97,hand1,3,cue,yellow,-1,-1,-1,4,4,-1,0.30225158666326024,-1,1,none,none,-1,-1,-1,395537,16930,14:49:14.998079,hand
3,98,hand1,3,gabor,0,0.016429803904374287,4,3,-1,3,0.36015709958701336,-1,0,-1,incongruent,miss,4,2,1.3050808537554985,398170,16930,14:49:14.998079,hand
3,99,hand1,3,gabor,90,0.016429803904374287,4,4,-1,3,0.16462049114306865,-1,1,-1,incongruent,CR,4,1,1.9595973132709332,406002,16930,14:49:14.998079,hand
3,100,hand1,3,gabor,0,0.016429803904374287,4,3,-1,4,0.7452968426478037,-1,0,-1,congruent,miss,3,1,1.0572085639851139,411369,16930,14:49:14.998079,hand
3,101,hand1,3,cue,blue,-1,-1,-1,3,3,-1,0.3651824278240383,-1,1,none,none,-1,-1,-1,416402,16930,14:49:14.998079,hand
3,102,hand1,3,gabor,90,0.016429803904374287,3,4,-1,3,0.48368909088640066,-1,0,-1,congruent,FA,q,1,1.0827180470987514,422135,16930,14:49:14.998079,hand
3,103,hand1,3,cue,blue,-1,-1,-1,3,3,-1,0.19948060984461335,-1,1,none,none,-1,-1,-1,427035,16930,14:49:14.998079,hand
3,104,hand1,3,gabor,0,0.016429803904374287,4,3,-1,3,0.5493324649960414,-1,0,-1,incongruent,miss,4,1,1.3053189299771475,429669,16930,14:49:14.998079,hand
3,105,hand1,3,cue,blue,-1,-1,-1,4,3,-1,0.40710726639372297,-1,0,none,none,-1,-1,-1,434969,16930,14:49:14.998079,hand
3,106,hand1,3,cue,yellow,-1,-1,-1,4,4,-1,0.22088635009276913,-1,1,none,none,-1,-1,-1,437902,16930,14:49:14.998079,hand
3,107,hand1,3,cue,yellow,-1,-1,-1,4,4,-1,0.2197074888026691,-1,1,none,none,-1,-1,-1,440652,16930,14:49:14.998079,hand
3,108,hand1,3,cue,blue,-1,-1,-1,3,3,-1,0.261527881029906,-1,1,none,none,-1,-1,-1,443301,16930,14:49:14.998079,hand
3,109,hand1,4,cue,yellow,-1,-1,-1,4,4,-1,0.1830683263397077,-1,1,none,none,-1,-1,-1,450801,16930,14:49:14.998079,hand
3,110,hand1,4,gabor,90,0.016429803904374287,4,4,-1,4,0.4786292031985795,-1,1,-1,congruent,CR,c,2,2.196757709061785,457101,16930,14:49:14.998079,hand
3,111,hand1,4,cue,blue,-1,-1,-1,3,3,-1,0.33940069303207565,-1,1,none,none,-1,-1,-1,463018,16930,14:49:14.998079,hand
3,112,hand1,4,cue,blue,-1,-1,-1,3,3,-1,0.24626988320414966,-1,1,none,none,-1,-1,-1,465684,16930,14:49:14.998079,hand
3,113,hand1,4,cue,yellow,-1,-1,-1,4,4,-1,0.21616476103372406,-1,1,none,none,-1,-1,-1,468469,16930,14:49:14.998079,hand
3,114,hand1,4,gabor,0,0.016429803904374287,4,3,-1,4,0.1937725404422963,-1,0,-1,congruent,miss,c,1,1.716714256312116,474784,16930,14:49:14.998079,hand
3,115,hand1,4,cue,yellow,-1,-1,-1,4,4,-1,0.4394652808077808,-1,1,none,none,-1,-1,-1,479950,16930,14:49:14.998079,hand
3,116,hand1,4,cue,yellow,-1,-1,-1,4,4,-1,0.2822159366678534,-1,1,none,none,-1,-1,-1,482717,16930,14:49:14.998079,hand
3,117,hand1,4,gabor,0,0.016429803904374287,4,3,-1,3,0.18009314156188339,-1,0,-1,incongruent,miss,3,2,3.995955392196265,485433,16930,14:49:14.998079,hand
3,118,hand1,4,gabor,90,0.016429803904374287,4,4,-1,3,0.5577826348726376,-1,1,-1,incongruent,CR,c,2,2.1656269391696696,492833,16930,14:49:14.998079,hand
3,119,hand1,4,cue,yellow,-1,-1,-1,4,4,-1,0.4283770727997762,-1,1,none,none,-1,-1,-1,499001,16930,14:49:14.998079,hand
3,120,hand1,4,gabor,0,0.016429803904374287,4,3,-1,3,0.41028827190530137,-1,0,-1,incongruent,miss,c,1,1.2391091648587462,501767,16930,14:49:14.998079,hand
3,121,hand1,4,cue,blue,-1,-1,-1,4,3,-1,0.4406940613043844,-1,0,none,none,-1,-1,-1,509482,16930,14:49:14.998079,hand
3,122,hand1,4,cue,yellow,-1,-1,-1,4,4,-1,0.1726805232137849,-1,1,none,none,-1,-1,-1,512450,16930,14:49:14.998079,hand
3,123,hand1,4,cue,blue,-1,-1,-1,3,3,-1,0.18653963124415895,-1,1,none,none,-1,-1,-1,515150,16930,14:49:14.998079,hand
3,124,hand1,4,gabor,0,0.016429803904374287,4,3,-1,4,0.2490849425230408,-1,0,-1,congruent,miss,q,1,1.3052156356188789,517867,16930,14:49:14.998079,hand
3,125,hand1,4,cue,yellow,-1,-1,-1,4,4,-1,0.232823952619583,-1,1,none,none,-1,-1,-1,526538,16930,14:49:14.998079,hand
3,126,hand1,4,cue,yellow,-1,-1,-1,4,4,-1,0.17266631544043776,-1,1,none,none,-1,-1,-1,529198,16930,14:49:14.998079,hand
3,127,hand1,4,cue,yellow,-1,-1,-1,4,4,-1,0.27856876255827956,-1,1,none,none,-1,-1,-1,531798,16930,14:49:14.998079,hand
3,128,hand1,4,cue,yellow,-1,-1,-1,4,4,-1,0.24235660131671466,-1,1,none,none,-1,-1,-1,534516,16930,14:49:14.998079,hand
3,129,hand1,4,cue,blue,-1,-1,-1,3,3,-1,0.1922158291508822,-1,1,none,none,-1,-1,-1,537082,16930,14:49:14.998079,hand
3,130,hand1,4,cue,blue,-1,-1,-1,3,3,-1,0.2071220885572984,-1,1,none,none,-1,-1,-1,539598,16930,14:49:14.998079,hand
3,131,hand1,4,cue,blue,-1,-1,-1,3,3,-1,0.20791158002793964,-1,1,none,none,-1,-1,-1,542232,16930,14:49:14.998079,hand
3,132,hand1,4,cue,blue,-1,-1,-1,3,3,-1,0.2857605844073987,-1,1,none,none,-1,-1,-1,544966,16930,14:49:14.998079,hand
3,133,hand1,4,cue,blue,-1,-1,-1,3,3,-1,0.19371378937466943,-1,1,none,none,-1,-1,-1,547581,16930,14:49:14.998079,hand
3,134,hand1,4,gabor,0,0.016429803904374287,4,3,-1,3,0.4362980990772485,-1,0,-1,incongruent,miss,3,1,1.2063464208695223,550299,16930,14:49:14.998079,hand
3,135,hand1,4,gabor,90,0.016429803904374287,4,4,-1,4,0.46807628269380075,-1,1,-1,congruent,CR,q,1,3.380951521538009,555382,16930,14:49:14.998079,hand
3,136,hand1,4,cue,blue,-1,-1,-1,3,3,-1,0.28171712858602405,-1,1,none,none,-1,-1,-1,562564,16930,14:49:14.998079,hand
3,137,hand1,4,cue,yellow,-1,-1,-1,4,4,-1,0.1945942873990134,-1,1,none,none,-1,-1,-1,565180,16930,14:49:14.998079,hand
3,138,hand1,4,cue,blue,-1,-1,-1,3,3,-1,0.1935029767209926,-1,1,none,none,-1,-1,-1,567698,16930,14:49:14.998079,hand
3,139,hand1,4,cue,yellow,-1,-1,-1,4,4,-1,0.20225112586922478,-1,1,none,none,-1,-1,-1,570214,16930,14:49:14.998079,hand
3,140,hand1,4,gabor,90,0.016429803904374287,4,4,-1,3,0.2781644169735955,-1,1,-1,incongruent,CR,4,1,1.151114657506696,572948,16930,14:49:14.998079,hand
3,141,hand1,4,gabor,0,0.016429803904374287,4,3,-1,4,0.19464267063085572,-1,0,-1,congruent,miss,4,1,1.2406789319447853,581296,16930,14:49:14.998079,hand
3,142,hand1,4,cue,blue,-1,-1,-1,3,3,-1,0.20348873822695168,-1,1,none,none,-1,-1,-1,586165,16930,14:49:14.998079,hand
3,143,hand1,4,gabor,90,0.016429803904374287,4,4,-1,3,0.44608034381235484,-1,1,-1,incongruent,CR,3,1,1.0690478640717629,588697,16930,14:49:14.998079,hand
3,144,hand1,4,gabor,90,0.016429803904374287,4,4,-1,4,0.3169597052165045,-1,1,-1,congruent,CR,3,1,2.494820690206325,593647,16930,14:49:14.998079,hand
3,145,hand1,5,gabor,90,0.016429803904374287,4,4,-1,4,0.18045716778397036,-1,1,-1,congruent,CR,4,1,0.8074669918842119,602480,16930,14:49:14.998079,hand
3,146,hand1,5,gabor,0,0.016429803904374287,4,3,-1,3,0.268228958670079,-1,0,-1,incongruent,miss,3,1,0.7612279817894887,606730,16930,14:49:14.998079,hand
3,147,hand1,5,cue,blue,-1,-1,-1,3,3,-1,0.21583030234251055,-1,1,none,none,-1,-1,-1,613829,16930,14:49:14.998079,hand
3,148,hand1,5,cue,yellow,-1,-1,-1,4,4,-1,0.1956875180476345,-1,1,none,none,-1,-1,-1,616379,16930,14:49:14.998079,hand
3,149,hand1,5,cue,yellow,-1,-1,-1,4,4,-1,0.16555820426037826,-1,1,none,none,-1,-1,-1,619012,16930,14:49:14.998079,hand
3,150,hand1,5,cue,yellow,-1,-1,-1,4,4,-1,0.21538909334412892,-1,1,none,none,-1,-1,-1,621513,16930,14:49:14.998079,hand
3,151,hand1,5,cue,blue,-1,-1,-1,3,3,-1,0.2862497926435026,-1,1,none,none,-1,-1,-1,624062,16930,14:49:14.998079,hand
3,152,hand1,5,cue,yellow,-1,-1,-1,4,4,-1,0.19019218126959458,-1,1,none,none,-1,-1,-1,626679,16930,14:49:14.998079,hand
3,153,hand1,5,gabor,90,0.016429803904374287,4,4,-1,3,0.7488034749912913,-1,1,-1,incongruent,CR,3,1,0.6889557208942279,629195,16930,14:49:14.998079,hand
3,154,hand1,5,cue,blue,-1,-1,-1,3,3,-1,0.2157485116385942,-1,1,none,none,-1,-1,-1,634062,16930,14:49:14.998079,hand
3,155,hand1,5,cue,blue,-1,-1,-1,3,3,-1,0.1865173595961096,-1,1,none,none,-1,-1,-1,636711,16930,14:49:14.998079,hand
3,156,hand1,5,cue,yellow,-1,-1,-1,4,4,-1,0.2403817206613894,-1,1,none,none,-1,-1,-1,639229,16930,14:49:14.998079,hand
3,157,hand1,5,cue,blue,-1,-1,-1,3,3,-1,0.20325834188406589,-1,1,none,none,-1,-1,-1,641895,16930,14:49:14.998079,hand
3,158,hand1,5,cue,blue,-1,-1,-1,3,3,-1,0.18414504525026132,-1,1,none,none,-1,-1,-1,644428,16930,14:49:14.998079,hand
3,159,hand1,5,gabor,90,0.016429803904374287,4,4,-1,3,0.27193718781381904,-1,1,-1,incongruent,CR,4,2,1.5128553479607945,647045,16930,14:49:14.998079,hand
3,160,hand1,5,cue,blue,-1,-1,-1,3,3,-1,0.23664238801211468,-1,1,none,none,-1,-1,-1,652262,16930,14:49:14.998079,hand
3,161,hand1,5,gabor,0,0.016429803904374287,3,3,-1,3,0.7794158531105495,-1,1,-1,congruent,hit,3,1,0.9793864391776879,655029,16930,14:49:14.998079,hand
3,162,hand1,5,cue,blue,-1,-1,-1,3,3,-1,0.35623767379547644,-1,1,none,none,-1,-1,-1,660111,16930,14:49:14.998079,hand
3,163,hand1,5,cue,blue,-1,-1,-1,3,3,-1,0.2240888592623378,-1,1,none,none,-1,-1,-1,662995,16930,14:49:14.998079,hand
3,164,hand1,5,cue,yellow,-1,-1,-1,4,4,-1,0.22676644876264618,-1,1,none,none,-1,-1,-1,665745,16930,14:49:14.998079,hand
3,165,hand1,5,cue,yellow,-1,-1,-1,4,4,-1,0.23669000325571687,-1,1,none,none,-1,-1,-1,668394,16930,14:49:14.998079,hand
3,166,hand1,5,cue,yellow,-1,-1,-1,4,4,-1,0.22357392343474203,-1,1,none,none,-1,-1,-1,671060,16930,14:49:14.998079,hand
3,167,hand1,5,gabor,0,0.016429803904374287,4,3,-1,4,0.7814483328511415,-1,0,-1,congruent,miss,c,2,3.70333206871328,673711,16930,14:49:14.998079,hand
3,168,hand1,5,gabor,90,0.016429803904374287,4,4,-1,4,0.5029356334052864,-1,1,-1,congruent,CR,c,1,1.1420347376242717,681628,16930,14:49:14.998079,hand
3,169,hand1,5,gabor,0,0.016429803904374287,4,3,-1,4,0.5696081111800595,-1,0,-1,congruent,miss,q,1,1.2235689315130003,686711,16930,14:49:14.998079,hand
3,170,hand1,5,gabor,90,0.016429803904374287,4,4,-1,4,0.35912991589066223,-1,1,-1,congruent,CR,q,1,0.7631011040593876,691844,16930,14:49:14.998079,hand
3,171,hand1,5,gabor,0,0.016429803904374287,4,3,-1,4,0.4152068498369772,-1,0,-1,congruent,miss,4,1,2.5240184347803734,696310,16930,14:49:14.998079,hand
3,172,hand1,5,gabor,90,0.016429803904374287,4,4,-1,3,0.4976680050131108,-1,1,-1,incongruent,CR,4,1,0.8686176373012131,702677,16930,14:49:14.998079,hand
3,173,hand1,5,gabor,0,0.016429803904374287,4,3,-1,3,0.5465005099431437,-1,0,-1,incongruent,miss,c,1,1.0513776165353192,707277,16930,14:49:14.998079,hand
3,174,hand1,5,cue,blue,-1,-1,-1,4,3,-1,0.38122722916159546,-1,0,none,none,-1,-1,-1,712310,16930,14:49:14.998079,hand
3,175,hand1,5,cue,yellow,-1,-1,-1,4,4,-1,0.22705444419261767,-1,1,none,none,-1,-1,-1,715227,16930,14:49:14.998079,hand
3,176,hand1,5,cue,yellow,-1,-1,-1,4,4,-1,0.3188931145286915,-1,1,none,none,-1,-1,-1,717876,16930,14:49:14.998079,hand
3,177,hand1,5,cue,blue,-1,-1,-1,3,3,-1,0.18368962847853254,-1,1,none,none,-1,-1,-1,720525,16930,14:49:14.998079,hand
3,178,hand1,5,cue,yellow,-1,-1,-1,4,4,-1,0.19150966435699956,-1,1,none,none,-1,-1,-1,723042,16930,14:49:14.998079,hand
3,179,hand1,5,cue,blue,-1,-1,-1,3,3,-1,0.23437874394039682,-1,1,none,none,-1,-1,-1,725659,16930,14:49:14.998079,hand
3,180,hand1,5,cue,yellow,-1,-1,-1,4,4,-1,0.1813699212962092,-1,1,none,none,-1,-1,-1,728426,16930,14:49:14.998079,hand
3,181,hand1,6,gabor,0,0.016429803904374287,4,3,-1,4,0.7146982883095916,-1,0,-1,congruent,miss,4,1,0.6405851606323267,738891,16930,14:49:14.998079,hand
3,182,hand1,6,gabor,0,0.016429803904374287,4,3,-1,4,0.5003824579307548,-1,0,-1,congruent,miss,c,1,0.9322984185582754,743710,16930,14:49:14.998079,hand
3,183,hand1,6,cue,blue,-1,-1,-1,3,3,-1,0.3212569810093555,-1,1,none,none,-1,-1,-1,748492,16930,14:49:14.998079,hand
3,184,hand1,6,cue,yellow,-1,-1,-1,4,4,-1,0.18190367282477382,-1,1,none,none,-1,-1,-1,754174,16930,14:49:14.998079,hand
3,185,hand1,6,gabor,90,0.016429803904374287,4,4,-1,4,0.5666133427130262,-1,1,-1,congruent,CR,q,1,0.9464505139385437,756892,16930,14:49:14.998079,hand
3,186,hand1,6,cue,yellow,-1,-1,-1,4,4,-1,0.1593236792141397,-1,1,none,none,-1,-1,-1,761758,16930,14:49:14.998079,hand
3,187,hand1,6,cue,yellow,-1,-1,-1,4,4,-1,0.15236110172554618,-1,1,none,none,-1,-1,-1,764341,16930,14:49:14.998079,hand
3,188,hand1,6,gabor,0,0.016429803904374287,4,3,-1,3,0.6101640114757174,-1,0,-1,incongruent,miss,q,3,0.9570153382537683,767025,16930,14:49:14.998079,hand
3,189,hand1,6,gabor,90,0.016429803904374287,4,4,-1,3,0.4727694562043325,-1,1,-1,incongruent,CR,c,1,1.6216550290919258,771924,16930,14:49:14.998079,hand
3,190,hand1,6,cue,blue,-1,-1,-1,4,3,-1,0.34657715512730647,-1,0,none,none,-1,-1,-1,777458,16930,14:49:14.998079,hand
3,191,hand1,6,gabor,90,0.016429803904374287,4,4,-1,4,0.5873628373774409,-1,1,-1,congruent,CR,4,1,1.306249347211633,780141,16930,14:49:14.998079,hand
3,192,hand1,6,cue,blue,-1,-1,-1,3,3,-1,0.23109482806285087,-1,1,none,none,-1,-1,-1,785273,16930,14:49:14.998079,hand
3,193,hand1,6,gabor,90,0.016429803904374287,4,4,-1,3,0.2879885170459602,-1,1,-1,incongruent,CR,q,1,1.7419061764649086,787940,16930,14:49:14.998079,hand
3,194,hand1,6,cue,yellow,-1,-1,-1,4,4,-1,0.32453897691812017,-1,1,none,none,-1,-1,-1,793206,16930,14:49:14.998079,hand
3,195,hand1,6,cue,blue,-1,-1,-1,3,3,-1,0.2383864883286151,-1,1,none,none,-1,-1,-1,796058,16930,14:49:14.998079,hand
3,196,hand1,6,cue,blue,-1,-1,-1,3,3,-1,0.22418869767716387,-1,1,none,none,-1,-1,-1,798824,16930,14:49:14.998079,hand
3,197,hand1,6,cue,yellow,-1,-1,-1,4,4,-1,0.21222498356473807,-1,1,none,none,-1,-1,-1,801473,16930,14:49:14.998079,hand
3,198,hand1,6,cue,yellow,-1,-1,-1,4,4,-1,0.23577724974347802,-1,1,none,none,-1,-1,-1,807889,16930,14:49:14.998079,hand
3,199,hand1,6,cue,blue,-1,-1,-1,3,3,-1,0.17437240036088042,-1,1,none,none,-1,-1,-1,810657,16930,14:49:14.998079,hand
3,200,hand1,6,gabor,90,0.016429803904374287,4,4,-1,3,0.2114358760900359,-1,1,-1,incongruent,CR,q,1,1.0174517550058226,813156,16930,14:49:14.998079,hand
3,201,hand1,6,cue,blue,-1,-1,-1,3,3,-1,0.20507693701802054,-1,1,none,none,-1,-1,-1,817623,16930,14:49:14.998079,hand
3,202,hand1,6,cue,yellow,-1,-1,-1,4,4,-1,0.17999867906110012,-1,1,none,none,-1,-1,-1,820256,16930,14:49:14.998079,hand
3,203,hand1,6,cue,yellow,-1,-1,-1,4,4,-1,0.19180802762275562,-1,1,none,none,-1,-1,-1,825805,16930,14:49:14.998079,hand
3,204,hand1,6,cue,blue,-1,-1,-1,3,3,-1,0.15669946486559638,-1,1,none,none,-1,-1,-1,828322,16930,14:49:14.998079,hand
3,205,hand1,6,cue,blue,-1,-1,-1,3,3,-1,0.16350767680705758,-1,1,none,none,-1,-1,-1,830906,16930,14:49:14.998079,hand
3,206,hand1,6,gabor,0,0.016429803904374287,4,3,-1,3,0.19123280475287174,-1,0,-1,incongruent,miss,q,1,0.8842388933608163,833506,16930,14:49:14.998079,hand
3,207,hand1,6,cue,yellow,-1,-1,-1,4,4,-1,0.1411273600278946,-1,1,none,none,-1,-1,-1,837822,16930,14:49:14.998079,hand
3,208,hand1,6,cue,blue,-1,-1,-1,3,3,-1,0.1978831951983011,-1,1,none,none,-1,-1,-1,840489,16930,14:49:14.998079,hand
3,209,hand1,6,gabor,0,0.016429803904374287,3,3,-1,3,0.48061061174848874,-1,1,-1,congruent,hit,4,1,1.4106081388272287,843222,16930,14:49:14.998079,hand
3,210,hand1,6,cue,blue,-1,-1,-1,3,3,-1,0.171495902017341,-1,1,none,none,-1,-1,-1,848439,16930,14:49:14.998079,hand
3,211,hand1,6,cue,yellow,-1,-1,-1,4,4,-1,0.21034494940613513,-1,1,none,none,-1,-1,-1,851139,16930,14:49:14.998079,hand
3,212,hand1,6,gabor,0,0.016429803904374287,4,3,-1,4,0.18519872452634445,-1,0,-1,congruent,miss,c,1,5.3900007219090185,853672,16930,14:49:14.998079,hand
3,213,hand1,6,cue,yellow,-1,-1,-1,4,4,-1,0.288715801503713,-1,1,none,none,-1,-1,-1,862587,16930,14:49:14.998079,hand
3,214,hand1,6,cue,blue,-1,-1,-1,3,3,-1,0.17354873343356303,-1,1,none,none,-1,-1,-1,865406,16930,14:49:14.998079,hand
3,215,hand1,6,gabor,90,0.016429803904374287,4,4,-1,4,0.41813173141235893,-1,1,-1,congruent,CR,3,1,1.0152798854778666,868005,16930,14:49:14.998079,hand
3,216,hand1,6,cue,yellow,-1,-1,-1,4,4,-1,0.15411364990723087,-1,1,none,none,-1,-1,-1,872888,16930,14:49:14.998079,hand
3,217,hand1,7,cue,yellow,-1,-1,-1,4,4,-1,0.22771184175871895,-1,1,none,none,-1,-1,-1,878787,16930,14:49:14.998079,hand
3,218,hand1,7,cue,blue,-1,-1,-1,3,3,-1,0.18650238383270334,-1,1,none,none,-1,-1,-1,881453,16930,14:49:14.998079,hand
3,219,hand1,7,gabor,0,0.016429803904374287,4,3,-1,4,0.38935177220810147,-1,0,-1,congruent,miss,c,1,0.9472979884867527,884172,16930,14:49:14.998079,hand
3,220,hand1,7,cue,yellow,-1,-1,-1,4,4,-1,0.21022015138623829,-1,1,none,none,-1,-1,-1,888955,16930,14:49:14.998079,hand
3,221,hand1,7,cue,yellow,-1,-1,-1,4,4,-1,0.23154947684633953,-1,1,none,none,-1,-1,-1,897986,16930,14:49:14.998079,hand
3,222,hand1,7,gabor,90,0.016429803904374287,3,4,-1,3,0.20924826281043352,-1,0,-1,congruent,FA,3,1,1.5324029417006386,900554,16930,14:49:14.998079,hand
3,223,hand1,7,gabor,90,0.016429803904374287,4,4,-1,4,0.6539796360357286,-1,1,-1,congruent,CR,3,1,5.487019470027008,905636,16930,14:49:14.998079,hand
3,224,hand1,7,gabor,90,0.016429803904374287,4,4,-1,3,0.29258953201861004,-1,1,-1,incongruent,CR,4,1,1.1365693523712252,915220,16930,14:49:14.998079,hand
3,225,hand1,7,gabor,90,0.016429803904374287,4,4,-1,4,0.6601492661120574,-1,1,-1,congruent,CR,q,1,1.1643417115683405,920087,16930,14:49:14.998079,hand
3,226,hand1,7,cue,yellow,-1,-1,-1,4,4,-1,0.420125427768653,-1,1,none,none,-1,-1,-1,925169,16930,14:49:14.998079,hand
3,227,hand1,7,gabor,0,0.016429803904374287,3,3,-1,3,0.11248986256032367,-1,1,-1,congruent,hit,4,1,1.3086834845762496,930752,16930,14:49:14.998079,hand
3,228,hand1,7,gabor,0,0.016429803904374287,3,3,-1,3,0.047370256139402045,-1,1,-1,congruent,hit,4,1,1.208417300002111,935620,16930,14:49:14.998079,hand
3,229,hand1,7,gabor,0,0.016429803904374287,4,3,-1,3,0.47221727296710014,-1,0,-1,incongruent,miss,4,1,2.2102739105321234,940119,16930,14:49:14.998079,hand
3,230,hand1,7,cue,yellow,-1,-1,-1,4,4,-1,0.25985251562087797,-1,1,none,none,-1,-1,-1,946035,16930,14:49:14.998079,hand
3,231,hand1,7,cue,yellow,-1,-1,-1,4,4,-1,0.17771122736849065,-1,1,none,none,-1,-1,-1,948618,16930,14:49:14.998079,hand
3,232,hand1,7,cue,yellow,-1,-1,-1,4,4,-1,0.16763637927579111,-1,1,none,none,-1,-1,-1,951319,16930,14:49:14.998079,hand
3,233,hand1,7,cue,yellow,-1,-1,-1,4,4,-1,0.26630246124841506,-1,1,none,none,-1,-1,-1,954019,16930,14:49:14.998079,hand
3,234,hand1,7,cue,blue,-1,-1,-1,4,3,-1,0.2552357568984007,-1,0,none,none,-1,-1,-1,956618,16930,14:49:14.998079,hand
3,235,hand1,7,cue,yellow,-1,-1,-1,4,4,-1,0.2752445273199555,-1,1,none,none,-1,-1,-1,959201,16930,14:49:14.998079,hand
3,236,hand1,7,cue,yellow,-1,-1,-1,4,4,-1,0.2078324772828637,-1,1,none,none,-1,-1,-1,964634,16930,14:49:14.998079,hand
3,237,hand1,7,cue,yellow,-1,-1,-1,4,4,-1,0.3466190104645648,-1,1,none,none,-1,-1,-1,967368,16930,14:49:14.998079,hand
3,238,hand1,7,cue,blue,-1,-1,-1,3,3,-1,0.18629579511252814,-1,1,none,none,-1,-1,-1,970253,16930,14:49:14.998079,hand
3,239,hand1,7,gabor,0,0.016429803904374287,4,3,-1,4,0.24624914753258054,-1,0,-1,congruent,miss,q,1,1.1233161867257877,972969,16930,14:49:14.998079,hand
3,240,hand1,7,cue,blue,-1,-1,-1,3,3,-1,0.1691400994095602,-1,1,none,none,-1,-1,-1,977684,16930,14:49:14.998079,hand
3,241,hand1,7,cue,blue,-1,-1,-1,3,3,-1,0.3166674858530314,-1,1,none,none,-1,-1,-1,983851,16930,14:49:14.998079,hand
3,242,hand1,7,cue,yellow,-1,-1,-1,4,4,-1,0.26252933713476523,-1,1,none,none,-1,-1,-1,986500,16930,14:49:14.998079,hand
3,243,hand1,7,cue,blue,-1,-1,-1,3,3,-1,0.4333728335059277,-1,1,none,none,-1,-1,-1,989101,16930,14:49:14.998079,hand
3,244,hand1,7,gabor,0,0.016429803904374287,4,3,-1,4,0.5482449942555832,-1,0,-1,congruent,miss,4,1,0.8142064689145627,991967,16930,14:49:14.998079,hand
3,245,hand1,7,cue,blue,-1,-1,-1,3,3,-1,0.1957854364918603,-1,1,none,none,-1,-1,-1,999516,16930,14:49:14.998079,hand
3,246,hand1,7,cue,blue,-1,-1,-1,3,3,-1,0.18768777302102535,-1,1,none,none,-1,-1,-1,1002050,16930,14:49:14.998079,hand
3,247,hand1,7,cue,blue,-1,-1,-1,3,3,-1,0.20746998703543795,-1,1,none,none,-1,-1,-1,1004667,16930,14:49:14.998079,hand
3,248,hand1,7,gabor,90,0.016429803904374287,4,4,-1,4,0.1692783372145641,-1,1,-1,congruent,CR,q,1,1.1583095513105945,1007200,16930,14:49:14.998079,hand
3,249,hand1,7,cue,blue,-1,-1,-1,3,3,-1,0.1732254105663742,-1,1,none,none,-1,-1,-1,1011866,16930,14:49:14.998079,hand
3,250,hand1,7,gabor,90,0.016429803904374287,4,4,-1,3,0.058726491894049104,-1,1,-1,incongruent,CR,q,1,1.0797309585104813,1017299,16930,14:49:14.998079,hand
3,251,hand1,7,cue,blue,-1,-1,-1,3,3,-1,0.21634216621714586,-1,1,none,none,-1,-1,-1,1024599,16930,14:49:14.998079,hand
3,252,hand1,7,cue,blue,-1,-1,-1,3,3,-1,0.22427125636750134,-1,1,none,none,-1,-1,-1,1027249,16930,14:49:14.998079,hand
3,253,hand1,8,cue,yellow,-1,-1,-1,4,4,-1,0.20861467286704283,-1,1,none,none,-1,-1,-1,1033915,16930,14:49:14.998079,hand
3,254,hand1,8,cue,blue,-1,-1,-1,3,3,-1,0.1955888316133496,-1,1,none,none,-1,-1,-1,1036465,16930,14:49:14.998079,hand
3,255,hand1,8,gabor,0,0.016429803904374287,4,3,-1,4,0.2124212044509477,-1,0,-1,congruent,miss,3,1,1.2324418786829483,1038998,16930,14:49:14.998079,hand
3,256,hand1,8,cue,yellow,-1,-1,-1,4,4,-1,0.20925363872629532,-1,1,none,none,-1,-1,-1,1043883,16930,14:49:14.998079,hand
3,257,hand1,8,gabor,0,0.016429803904374287,4,3,-1,3,0.12218801263225032,-1,0,-1,incongruent,miss,q,1,1.8371155453023675,1046515,16930,14:49:14.998079,hand
3,258,hand1,8,gabor,90,0.016429803904374287,4,4,-1,4,0.16272394524457923,-1,1,-1,congruent,CR,4,2,1.2557518447065377,1051916,16930,14:49:14.998079,hand
3,259,hand1,8,cue,blue,-1,-1,-1,3,3,-1,0.2445054312083812,-1,1,none,none,-1,-1,-1,1056765,16930,14:49:14.998079,hand
3,260,hand1,8,gabor,90,0.016429803904374287,4,4,-1,4,0.2652418700818089,-1,1,-1,congruent,CR,q,2,1.5112264458130085,1059332,16930,14:49:14.998079,hand
3,261,hand1,8,gabor,0,0.016429803904374287,3,3,-1,4,0.2771103537033923,-1,1,-1,incongruent,hit,c,1,2.3100078795541776,1064549,16930,14:49:14.998079,hand
3,262,hand1,8,cue,blue,-1,-1,-1,3,3,-1,0.19971907005856337,-1,1,none,none,-1,-1,-1,1070565,16930,14:49:14.998079,hand
3,263,hand1,8,gabor,90,0.016429803904374287,4,4,-1,3,0.4305527822671138,-1,1,-1,incongruent,CR,c,2,3.210484339193499,1073097,16930,14:49:14.998079,hand
3,264,hand1,8,cue,blue,-1,-1,-1,3,3,-1,0.18423144387816137,-1,1,none,none,-1,-1,-1,1080165,16930,14:49:14.998079,hand
3,265,hand1,8,cue,yellow,-1,-1,-1,4,4,-1,0.222123578454557,-1,1,none,none,-1,-1,-1,1082680,16930,14:49:14.998079,hand
3,266,hand1,8,gabor,90,0.016429803904374287,4,4,-1,3,0.33986494166310877,-1,1,-1,incongruent,CR,q,2,3.048635516057402,1085230,16930,14:49:14.998079,hand
3,267,hand1,8,gabor,0,0.016429803904374287,4,3,-1,3,0.22049160435744852,-1,0,-1,incongruent,miss,3,1,1.1894238094664615,1091964,16930,14:49:14.998079,hand
3,268,hand1,8,gabor,90,0.016429803904374287,4,4,-1,3,0.1942486928855942,-1,1,-1,incongruent,CR,c,1,1.224228633043822,1096814,16930,14:49:14.998079,hand
3,269,hand1,8,cue,blue,-1,-1,-1,3,3,-1,0.20883470137596305,-1,1,none,none,-1,-1,-1,1104396,16930,14:49:14.998079,hand
3,270,hand1,8,cue,yellow,-1,-1,-1,4,4,-1,0.1796350368313142,-1,1,none,none,-1,-1,-1,1107130,16930,14:49:14.998079,hand
3,271,hand1,8,gabor,0,0.016429803904374287,4,3,-1,4,0.3243968991719157,-1,0,-1,congruent,miss,c,1,1.0574059368536837,1109848,16930,14:49:14.998079,hand
3,272,hand1,8,cue,blue,-1,-1,-1,3,3,-1,0.27522071969542594,-1,1,none,none,-1,-1,-1,1114664,16930,14:49:14.998079,hand
3,273,hand1,8,cue,blue,-1,-1,-1,3,3,-1,0.2000973040558165,-1,1,none,none,-1,-1,-1,1117263,16930,14:49:14.998079,hand
3,274,hand1,8,cue,blue,-1,-1,-1,3,3,-1,0.26076411715075665,-1,1,none,none,-1,-1,-1,1122729,16930,14:49:14.998079,hand
3,275,hand1,8,cue,yellow,-1,-1,-1,4,4,-1,0.21557264243165264,-1,1,none,none,-1,-1,-1,1125513,16930,14:49:14.998079,hand
3,276,hand1,8,gabor,0,0.016429803904374287,4,3,-1,3,0.3633887922933354,-1,0,-1,incongruent,miss,4,1,0.83938955720987,1128163,16930,14:49:14.998079,hand
3,277,hand1,8,cue,blue,-1,-1,-1,3,3,-1,0.1872166124976502,-1,1,none,none,-1,-1,-1,1132814,16930,14:49:14.998079,hand
3,278,hand1,8,cue,yellow,-1,-1,-1,4,4,-1,0.21820760861010058,-1,1,none,none,-1,-1,-1,1135429,16930,14:49:14.998079,hand
3,279,hand1,8,cue,yellow,-1,-1,-1,4,4,-1,0.19799992934531474,-1,1,none,none,-1,-1,-1,1138180,16930,14:49:14.998079,hand
3,280,hand1,8,cue,yellow,-1,-1,-1,4,4,-1,0.27973072811437305,-1,1,none,none,-1,-1,-1,1140812,16930,14:49:14.998079,hand
3,281,hand1,8,cue,blue,-1,-1,-1,3,3,-1,0.1615377880716551,-1,1,none,none,-1,-1,-1,1143428,16930,14:49:14.998079,hand
3,282,hand1,8,cue,yellow,-1,-1,-1,4,4,-1,0.2315295091648295,-1,1,none,none,-1,-1,-1,1146130,16930,14:49:14.998079,hand
3,283,hand1,8,cue,yellow,-1,-1,-1,4,4,-1,0.17624974656246195,-1,1,none,none,-1,-1,-1,1148896,16930,14:49:14.998079,hand
3,284,hand1,8,cue,blue,-1,-1,-1,3,3,-1,0.1750013823784684,-1,1,none,none,-1,-1,-1,1151395,16930,14:49:14.998079,hand
3,285,hand1,8,gabor,90,0.016429803904374287,4,4,-1,4,0.36979995453475567,-1,1,-1,congruent,CR,q,1,1.3577206582576764,1156728,16930,14:49:14.998079,hand
3,286,hand1,8,cue,blue,-1,-1,-1,3,3,-1,0.2445227109365078,-1,1,none,none,-1,-1,-1,1161896,16930,14:49:14.998079,hand
3,287,hand1,8,cue,yellow,-1,-1,-1,4,4,-1,0.20834280518283776,-1,1,none,none,-1,-1,-1,1164663,16930,14:49:14.998079,hand
3,288,hand1,8,cue,yellow,-1,-1,-1,4,4,-1,0.32625965360603004,-1,1,none,none,-1,-1,-1,1167396,16930,14:49:14.998079,hand
3,289,hand1,9,cue,blue,-1,-1,-1,3,3,-1,0.16866356297214224,-1,1,none,none,-1,-1,-1,1176227,16930,14:49:14.998079,hand
3,290,hand1,9,cue,yellow,-1,-1,-1,4,4,-1,0.18753148750147375,-1,1,none,none,-1,-1,-1,1178860,16930,14:49:14.998079,hand
3,291,hand1,9,cue,yellow,-1,-1,-1,4,4,-1,0.234379895922757,-1,1,none,none,-1,-1,-1,1181378,16930,14:49:14.998079,hand
3,292,hand1,9,cue,blue,-1,-1,-1,3,3,-1,0.14113542389895883,-1,1,none,none,-1,-1,-1,1183944,16930,14:49:14.998079,hand
3,293,hand1,9,cue,yellow,-1,-1,-1,4,4,-1,0.21114212075372052,-1,1,none,none,-1,-1,-1,1186511,16930,14:49:14.998079,hand
3,294,hand1,9,gabor,0,0.016429803904374287,4,3,-1,4,0.20095322646920977,-1,0,-1,congruent,miss,4,1,0.8298891639988142,1189245,16930,14:49:14.998079,hand
3,295,hand1,9,cue,blue,-1,-1,-1,3,3,-1,0.18671550045110052,-1,1,none,none,-1,-1,-1,1193510,16930,14:49:14.998079,hand
3,296,hand1,9,cue,blue,-1,-1,-1,3,3,-1,0.23653333374204522,-1,1,none,none,-1,-1,-1,1196227,16930,14:49:14.998079,hand
3,297,hand1,9,gabor,0,0.016429803904374287,4,3,-1,3,0.28147406044263334,-1,0,-1,incongruent,miss,c,2,2.3203154279526643,1198995,16930,14:49:14.998079,hand
3,298,hand1,9,cue,blue,-1,-1,-1,3,3,-1,0.31226845167475403,-1,1,none,none,-1,-1,-1,1205044,16930,14:49:14.998079,hand
3,299,hand1,9,cue,blue,-1,-1,-1,3,3,-1,0.17604469381876697,-1,1,none,none,-1,-1,-1,1207894,16930,14:49:14.998079,hand
3,300,hand1,9,cue,yellow,-1,-1,-1,4,4,-1,0.19890385099824925,-1,1,none,none,-1,-1,-1,1210393,16930,14:49:14.998079,hand
3,301,hand1,9,cue,yellow,-1,-1,-1,4,4,-1,0.2705709374968137,-1,1,none,none,-1,-1,-1,1213026,16930,14:49:14.998079,hand
3,302,hand1,9,cue,yellow,-1,-1,-1,4,4,-1,0.17827339444374957,-1,1,none,none,-1,-1,-1,1215626,16930,14:49:14.998079,hand
3,303,hand1,9,cue,yellow,-1,-1,-1,4,4,-1,0.19728109275456518,-1,1,none,none,-1,-1,-1,1218344,16930,14:49:14.998079,hand
3,304,hand1,9,gabor,90,0.016429803904374287,4,4,-1,4,0.6180443344001105,-1,1,-1,congruent,CR,4,1,0.7919782137214497,1220976,16930,14:49:14.998079,hand
3,305,hand1,9,cue,yellow,-1,-1,-1,4,4,-1,0.22195462113631947,-1,1,none,none,-1,-1,-1,1225827,16930,14:49:14.998079,hand
3,306,hand1,9,cue,blue,-1,-1,-1,3,3,-1,0.2005012656427425,-1,1,none,none,-1,-1,-1,1228375,16930,14:49:14.998079,hand
3,307,hand1,9,cue,yellow,-1,-1,-1,4,4,-1,0.27564503296162,-1,1,none,none,-1,-1,-1,1230908,16930,14:49:14.998079,hand
3,308,hand1,9,cue,blue,-1,-1,-1,3,3,-1,0.18146822373637406,-1,1,none,none,-1,-1,-1,1233710,16930,14:49:14.998079,hand
3,309,hand1,9,cue,blue,-1,-1,-1,3,3,-1,0.19522941331888433,-1,1,none,none,-1,-1,-1,1236326,16930,14:49:14.998079,hand
3,310,hand1,9,cue,blue,-1,-1,-1,3,3,-1,0.2952836332569859,-1,1,none,none,-1,-1,-1,1238859,16930,14:49:14.998079,hand
3,311,hand1,9,cue,yellow,-1,-1,-1,4,4,-1,0.22977964893652825,-1,1,none,none,-1,-1,-1,1244525,16930,14:49:14.998079,hand
3,312,hand1,9,gabor,90,0.016429803904374287,4,4,-1,3,0.4257014032682491,-1,1,-1,incongruent,CR,c,1,2.5645685751678684,1247192,16930,14:49:14.998079,hand
3,313,hand1,9,gabor,0,0.016429803904374287,4,3,-1,3,0.4193605119089625,-1,0,-1,incongruent,miss,3,1,1.208277910212928,1253626,16930,14:49:14.998079,hand
3,314,hand1,9,cue,yellow,-1,-1,-1,4,4,-1,0.3569887658741209,-1,1,none,none,-1,-1,-1,1258693,16930,14:49:14.998079,hand
3,315,hand1,9,cue,blue,-1,-1,-1,3,3,-1,0.19479012429110298,-1,1,none,none,-1,-1,-1,1261375,16930,14:49:14.998079,hand
3,316,hand1,9,gabor,90,0.016429803904374287,4,4,-1,4,0.5833040217985399,-1,1,-1,congruent,CR,q,1,1.2402695944401785,1267558,16930,14:49:14.998079,hand
3,317,hand1,9,gabor,90,0.016429803904374287,4,4,-1,3,0.14922694347114884,-1,1,-1,incongruent,CR,q,1,1.5311968168443855,1272708,16930,14:49:14.998079,hand
3,318,hand1,9,gabor,90,0.016429803904374287,4,4,-1,4,0.07263820708612911,-1,1,-1,congruent,CR,3,1,1.4116245706936752,1281507,16930,14:49:14.998079,hand
3,319,hand1,9,gabor,0,0.016429803904374287,4,3,-1,3,0.20832475746829004,-1,0,-1,incongruent,miss,c,1,1.2053192371731711,1286225,16930,14:49:14.998079,hand
3,320,hand1,9,gabor,0,0.016429803904374287,4,3,-1,4,0.4272446747727372,-1,0,-1,congruent,miss,c,1,1.4940262068157608,1290974,16930,14:49:14.998079,hand
3,321,hand1,9,cue,blue,-1,-1,-1,3,3,-1,0.2828345508496568,-1,1,none,none,-1,-1,-1,1296124,16930,14:49:14.998079,hand
3,322,hand1,9,cue,yellow,-1,-1,-1,4,4,-1,0.18170322800506256,-1,1,none,none,-1,-1,-1,1298740,16930,14:49:14.998079,hand
3,323,hand1,9,gabor,90,0.016429803904374287,4,4,-1,3,0.022469403365903418,-1,1,-1,incongruent,CR,3,1,2.2535734472821787,1301356,16930,14:49:14.998079,hand
3,324,hand1,9,gabor,0,0.016429803904374287,4,3,-1,4,0.38927612540828704,-1,0,-1,congruent,miss,q,1,1.3961461603685166,1307075,16930,14:49:14.998079,hand
3,325,hand1,10,gabor,0,0.016429803904374287,4,3,-1,3,0.09124847170460271,-1,0,-1,incongruent,miss,4,2,0.9972068283332192,1325274,16930,14:49:14.998079,hand
3,326,hand1,10,cue,blue,-1,-1,-1,3,3,-1,0.2517575401052454,-1,1,none,none,-1,-1,-1,1329755,16930,14:49:14.998079,hand
3,327,hand1,10,gabor,90,0.016429803904374287,4,4,-1,4,0.28279384749657765,-1,1,-1,congruent,CR,c,2,1.934712204249081,1332339,16930,14:49:14.998079,hand
3,328,hand1,10,cue,yellow,-1,-1,-1,4,4,-1,0.3993098861537874,-1,1,none,none,-1,-1,-1,1337906,16930,14:49:14.998079,hand
3,329,hand1,10,gabor,90,0.016429803904374287,4,4,-1,4,0.36026768983174406,-1,1,-1,congruent,CR,4,1,2.076181318849194,1340639,16930,14:49:14.998079,hand
3,330,hand1,10,gabor,90,0.016429803904374287,4,4,-1,4,0.5009407850684511,-1,1,-1,congruent,CR,c,1,1.031875334074357,1346506,16930,14:49:14.998079,hand
3,331,hand1,10,cue,blue,-1,-1,-1,4,3,-1,0.4126840098797402,-1,0,none,none,-1,-1,-1,1351388,16930,14:49:14.998079,hand
3,332,hand1,10,cue,yellow,-1,-1,-1,4,4,-1,0.2425389984218782,-1,1,none,none,-1,-1,-1,1354340,16930,14:49:14.998079,hand
3,333,hand1,10,cue,blue,-1,-1,-1,3,3,-1,0.17641524793725694,-1,1,none,none,-1,-1,-1,1356905,16930,14:49:14.998079,hand
3,334,hand1,10,gabor,0,0.016429803904374287,4,3,-1,4,0.23825708238291554,-1,0,-1,congruent,miss,3,1,1.219177577213486,1359606,16930,14:49:14.998079,hand
3,335,hand1,10,cue,blue,-1,-1,-1,3,3,-1,0.19494909776949498,-1,1,none,none,-1,-1,-1,1364404,16930,14:49:14.998079,hand
3,336,hand1,10,cue,blue,-1,-1,-1,3,3,-1,0.2917800728664588,-1,1,none,none,-1,-1,-1,1366921,16930,14:49:14.998079,hand
3,337,hand1,10,cue,blue,-1,-1,-1,3,3,-1,0.1927388288495422,-1,1,none,none,-1,-1,-1,1369638,16930,14:49:14.998079,hand
3,338,hand1,10,cue,yellow,-1,-1,-1,4,4,-1,0.17444804716069484,-1,1,none,none,-1,-1,-1,1372356,16930,14:49:14.998079,hand
3,339,hand1,10,gabor,90,0.016429803904374287,4,4,-1,3,0.005302187844790751,-1,1,-1,incongruent,CR,q,1,1.654293743049493,1375056,16930,14:49:14.998079,hand
3,340,hand1,10,cue,yellow,-1,-1,-1,4,4,-1,0.3171133027772157,-1,1,none,none,-1,-1,-1,1379954,16930,14:49:14.998079,hand
3,341,hand1,10,cue,blue,-1,-1,-1,3,3,-1,0.17080125704342208,-1,1,none,none,-1,-1,-1,1385537,16930,14:49:14.998079,hand
3,342,hand1,10,cue,blue,-1,-1,-1,3,3,-1,0.18059732555957453,-1,1,none,none,-1,-1,-1,1388238,16930,14:49:14.998079,hand
3,343,hand1,10,gabor,0,0.016429803904374287,3,3,-1,3,0.10643005474230449,-1,1,-1,congruent,hit,3,1,1.0433586718099832,1390955,16930,14:49:14.998079,hand
3,344,hand1,10,gabor,90,0.016429803904374287,4,4,-1,3,0.5790823928036843,-1,1,-1,incongruent,CR,c,1,1.109180603085406,1395337,16930,14:49:14.998079,hand
3,345,hand1,10,cue,yellow,-1,-1,-1,4,4,-1,0.19697120967430237,-1,1,none,none,-1,-1,-1,1400270,16930,14:49:14.998079,hand
3,346,hand1,10,cue,blue,-1,-1,-1,3,3,-1,0.1898035794365569,-1,1,none,none,-1,-1,-1,1402803,16930,14:49:14.998079,hand
3,347,hand1,10,cue,yellow,-1,-1,-1,4,4,-1,0.1795993253999768,-1,1,none,none,-1,-1,-1,1405320,16930,14:49:14.998079,hand
3,348,hand1,10,cue,yellow,-1,-1,-1,4,4,-1,0.20655416157205764,-1,1,none,none,-1,-1,-1,1407837,16930,14:49:14.998079,hand
3,349,hand1,10,cue,blue,-1,-1,-1,3,3,-1,0.17726233849316486,-1,1,none,none,-1,-1,-1,1410571,16930,14:49:14.998079,hand
3,350,hand1,10,cue,yellow,-1,-1,-1,4,4,-1,0.15531401485532115,-1,1,none,none,-1,-1,-1,1413170,16930,14:49:14.998079,hand
3,351,hand1,10,cue,yellow,-1,-1,-1,4,4,-1,0.17609154107594804,-1,1,none,none,-1,-1,-1,1415653,16930,14:49:14.998079,hand
3,352,hand1,10,cue,yellow,-1,-1,-1,4,4,-1,0.2868876065185759,-1,1,none,none,-1,-1,-1,1418153,16930,14:49:14.998079,hand
3,353,hand1,10,gabor,0,0.016429803904374287,4,3,-1,3,0.5135384731165686,-1,0,-1,incongruent,miss,4,1,0.9756367386944476,1420869,16930,14:49:14.998079,hand
3,354,hand1,10,gabor,0,0.016429803904374287,4,3,-1,4,0.30647283166217676,-1,0,-1,congruent,miss,4,1,1.290271744806887,1425586,16930,14:49:14.998079,hand
3,355,hand1,10,gabor,0,0.016429803904374287,4,3,-1,4,0.1612113932515058,-1,0,-1,congruent,miss,q,1,1.0361415063634922,1430419,16930,14:49:14.998079,hand
3,356,hand1,10,cue,blue,-1,-1,-1,3,3,-1,0.277750471543186,-1,1,none,none,-1,-1,-1,1437785,16930,14:49:14.998079,hand
3,357,hand1,10,gabor,90,0.016429803904374287,3,4,-1,3,0.5775045618484,-1,0,-1,congruent,FA,c,1,1.49249752707874,1440586,16930,14:49:14.998079,hand
3,358,hand1,10,cue,yellow,-1,-1,-1,4,4,-1,0.3093178425078804,-1,1,none,none,-1,-1,-1,1445885,16930,14:49:14.998079,hand
3,359,hand1,10,cue,blue,-1,-1,-1,3,3,-1,0.18624011599604273,-1,1,none,none,-1,-1,-1,1448619,16930,14:49:14.998079,hand
3,360,hand1,10,cue,yellow,-1,-1,-1,4,4,-1,0.20673348672607972,-1,1,none,none,-1,-1,-1,1454068,16930,14:49:14.998079,hand
3,361,hand1,11,gabor,90,0.016429803904374287,3,4,-1,3,0.06505087151344924,-1,0,-1,congruent,FA,3,1,2.9880455017428176,1466835,16930,14:49:14.998079,hand
3,362,hand1,11,cue,blue,-1,-1,-1,3,3,-1,0.2248748947858985,-1,1,none,none,-1,-1,-1,1473184,16930,14:49:14.998079,hand
3,363,hand1,11,cue,blue,-1,-1,-1,3,3,-1,0.1486075613011053,-1,1,none,none,-1,-1,-1,1475734,16930,14:49:14.998079,hand
3,364,hand1,11,cue,yellow,-1,-1,-1,4,4,-1,0.22140666183440771,-1,1,none,none,-1,-1,-1,1478419,16930,14:49:14.998079,hand
3,365,hand1,11,gabor,90,0.016429803904374287,4,4,-1,4,0.4512719414105959,-1,1,-1,congruent,CR,4,2,1.5552659388195025,1481169,16930,14:49:14.998079,hand
3,366,hand1,11,cue,blue,-1,-1,-1,3,3,-1,0.2879489656734222,-1,1,none,none,-1,-1,-1,1486417,16930,14:49:14.998079,hand
3,367,hand1,11,gabor,0,0.016429803904374287,4,3,-1,4,0.1306024710775091,-1,0,-1,congruent,miss,4,2,1.1777960900199105,1489034,16930,14:49:14.998079,hand
3,368,hand1,11,cue,blue,-1,-1,-1,3,3,-1,0.23158979620529863,-1,1,none,none,-1,-1,-1,1493683,16930,14:49:14.998079,hand
3,369,hand1,11,cue,blue,-1,-1,-1,3,3,-1,0.1975203209585743,-1,1,none,none,-1,-1,-1,1496251,16930,14:49:14.998079,hand
3,370,hand1,11,cue,yellow,-1,-1,-1,4,4,-1,0.19832286821838352,-1,1,none,none,-1,-1,-1,1498985,16930,14:49:14.998079,hand
3,371,hand1,11,gabor,0,0.016429803904374287,3,3,-1,3,0.5031222544439515,-1,1,-1,congruent,hit,3,1,5.036933685789336,1501617,16930,14:49:14.998079,hand
3,372,hand1,11,gabor,0,0.016429803904374287,3,3,-1,3,0.483638403691657,-1,1,-1,congruent,hit,q,1,0.9863478646875592,1510600,16930,14:49:14.998079,hand
3,373,hand1,11,cue,yellow,-1,-1,-1,4,4,-1,0.20224459797464078,-1,1,none,none,-1,-1,-1,1515400,16930,14:49:14.998079,hand
3,374,hand1,11,cue,blue,-1,-1,-1,3,3,-1,0.22523124112922233,-1,1,none,none,-1,-1,-1,1518134,16930,14:49:14.998079,hand
3,375,hand1,11,cue,yellow,-1,-1,-1,4,4,-1,0.17619790738535812,-1,1,none,none,-1,-1,-1,1520783,16930,14:49:14.998079,hand
3,376,hand1,11,cue,blue,-1,-1,-1,3,3,-1,0.15285568587569287,-1,1,none,none,-1,-1,-1,1523483,16930,14:49:14.998079,hand
3,377,hand1,11,cue,blue,-1,-1,-1,3,3,-1,0.20473671841864416,-1,1,none,none,-1,-1,-1,1526066,16930,14:49:14.998079,hand
3,378,hand1,11,gabor,90,0.016429803904374287,4,4,-1,3,0.3735181675183412,-1,1,-1,incongruent,CR,c,2,2.2944922218193824,1528599,16930,14:49:14.998079,hand
3,379,hand1,11,gabor,90,0.016429803904374287,4,4,-1,4,0.21818226501090976,-1,1,-1,congruent,CR,c,1,1.0011892291258846,1534701,16930,14:49:14.998079,hand
3,380,hand1,11,cue,blue,-1,-1,-1,3,3,-1,0.1957616288727877,-1,1,none,none,-1,-1,-1,1542098,16930,14:49:14.998079,hand
3,381,hand1,11,gabor,90,0.016429803904374287,4,4,-1,4,0.10547122196112468,-1,1,-1,congruent,CR,3,2,3.8485159403535363,1544732,16930,14:49:14.998079,hand
3,382,hand1,11,cue,blue,-1,-1,-1,3,3,-1,0.18411317375466751,-1,1,none,none,-1,-1,-1,1551932,16930,14:49:14.998079,hand
3,383,hand1,11,cue,yellow,-1,-1,-1,4,4,-1,0.2611446551127301,-1,1,none,none,-1,-1,-1,1554449,16930,14:49:14.998079,hand
3,384,hand1,11,cue,blue,-1,-1,-1,3,3,-1,0.1797621388159314,-1,1,none,none,-1,-1,-1,1559881,16930,14:49:14.998079,hand
3,385,hand1,11,gabor,0,0.016429803904374287,3,3,-1,3,0.5725399046459643,-1,1,-1,congruent,hit,4,1,1.1285534795988497,1562498,16930,14:49:14.998079,hand
3,386,hand1,11,cue,yellow,-1,-1,-1,4,4,-1,0.17238292793808796,-1,1,none,none,-1,-1,-1,1567432,16930,14:49:14.998079,hand
3,387,hand1,11,cue,yellow,-1,-1,-1,4,4,-1,0.21411730552972585,-1,1,none,none,-1,-1,-1,1569932,16930,14:49:14.998079,hand
3,388,hand1,11,cue,yellow,-1,-1,-1,4,4,-1,0.18712406996746722,-1,1,none,none,-1,-1,-1,1572682,16930,14:49:14.998079,hand
3,389,hand1,11,gabor,0,0.016429803904374287,4,3,-1,4,0.22586252710971166,-1,0,-1,congruent,miss,4,1,1.5738723634967755,1575298,16930,14:49:14.998079,hand
3,390,hand1,11,cue,blue,-1,-1,-1,3,3,-1,0.3776142305068788,-1,1,none,none,-1,-1,-1,1580331,16930,14:49:14.998079,hand
3,391,hand1,11,gabor,90,0.016429803904374287,3,4,-1,3,0.21234555765113328,-1,0,-1,congruent,FA,c,1,2.2053664684226533,1583031,16930,14:49:14.998079,hand
3,392,hand1,11,cue,yellow,-1,-1,-1,4,4,-1,0.17423761850113806,-1,1,none,none,-1,-1,-1,1588797,16930,14:49:14.998079,hand
3,393,hand1,11,cue,yellow,-1,-1,-1,4,4,-1,0.2666914470737538,-1,1,none,none,-1,-1,-1,1597897,16930,14:49:14.998079,hand
3,394,hand1,11,cue,yellow,-1,-1,-1,4,4,-1,0.2224526612317277,-1,1,none,none,-1,-1,-1,1600597,16930,14:49:14.998079,hand
3,395,hand1,11,cue,yellow,-1,-1,-1,4,4,-1,0.20329981322538515,-1,1,none,none,-1,-1,-1,1603247,16930,14:49:14.998079,hand
3,396,hand1,11,gabor,0,0.016429803904374287,4,3,-1,4,0.1541708650001965,-1,0,-1,congruent,miss,3,1,1.095130650086503,1605780,16930,14:49:14.998079,hand
