3,1,feet2,1,cue,white,-1,-1,-1,q,c,-1,0.7405244376486735,-1,0,none,none,-1,-1,-1,0,50581,15:47:41.427673,feet
3,2,feet2,1,cue,white,-1,-1,-1,c,c,-1,0.21916758281531656,-1,1,none,none,-1,-1,-1,6032,50581,15:47:41.427673,feet
3,3,feet2,1,gabor,0,0.018278902818462617,3,3,-1,q,0.5249364583887655,-1,1,-1,congruent,hit,3,1,2.001718762659948,11615,50581,15:47:41.427673,feet
3,4,feet2,1,cue,white,-1,-1,-1,c,c,-1,0.2504374665686555,-1,1,none,none,-1,-1,-1,21049,50581,15:47:41.427673,feet
3,5,feet2,1,gabor,90,0.018278902818462617,4,4,-1,q,0.4731585412637287,-1,1,-1,incongruent,CR,3,3,1.9172071719558517,23632,50581,15:47:41.427673,feet
3,6,feet2,1,cue,white,-1,-1,-1,c,c,-1,0.33674922692171094,-1,1,none,none,-1,-1,-1,32298,50581,15:47:41.427673,feet
3,7,feet2,1,cue,white,-1,-1,-1,c,c,-1,0.30659984125668416,-1,1,none,none,-1,-1,-1,35065,50581,15:47:41.427673,feet
3,8,feet2,1,cue,black,-1,-1,-1,q,q,-1,0.2564201122877421,-1,1,none,none,-1,-1,-1,37916,50581,15:47:41.427673,feet
3,9,feet2,1,cue,white,-1,-1,-1,c,c,-1,0.23725068629573798,-1,1,none,none,-1,-1,-1,40615,50581,15:47:41.427673,feet
3,10,feet2,1,cue,black,-1,-1,-1,q,q,-1,0.2781550104273265,-1,1,none,none,-1,-1,-1,43382,50581,15:47:41.427673,feet
3,11,feet2,1,gabor,90,0.018278902818462617,4,4,-1,c,0.50481702819161,-1,1,-1,congruent,CR,c,4,1.8087450306211394,48930,50581,15:47:41.427673,feet
3,12,feet2,1,cue,white,-1,-1,-1,c,c,-1,0.6843620629606448,-1,1,none,none,-1,-1,-1,58247,50581,15:47:41.427673,feet
3,13,feet2,1,cue,black,-1,-1,-1,q,q,-1,0.31228297069446853,-1,1,none,none,-1,-1,-1,61364,50581,15:47:41.427673,feet
3,14,feet2,1,cue,white,-1,-1,-1,c,c,-1,0.2738965033013301,-1,1,none,none,-1,-1,-1,64114,50581,15:47:41.427673,feet
3,15,feet2,1,cue,black,-1,-1,-1,q,q,-1,0.2738780715299072,-1,1,none,none,-1,-1,-1,66931,50581,15:47:41.427673,feet
3,16,feet2,1,cue,black,-1,-1,-1,q,q,-1,0.24864843278101034,-1,1,none,none,-1,-1,-1,69748,50581,15:47:41.427673,feet
3,17,feet2,1,cue,white,-1,-1,-1,c,c,-1,0.2574561314240782,-1,1,none,none,-1,-1,-1,72531,50581,15:47:41.427673,feet
3,18,feet2,1,gabor,90,0.018278902818462617,4,4,-1,c,0.3721501313839326,-1,1,-1,congruent,CR,3,4,1.4382787183312757,75331,50581,15:47:41.427673,feet
3,19,feet2,1,gabor,90,0.018278902818462617,4,4,-1,q,0.6027907237503314,-1,1,-1,incongruent,CR,3,1,1.2087102406530903,84147,50581,15:47:41.427673,feet
3,20,feet2,1,cue,black,-1,-1,-1,q,q,-1,0.32241199693271483,-1,1,none,none,-1,-1,-1,92130,50581,15:47:41.427673,feet
3,21,feet2,1,cue,black,-1,-1,-1,q,q,-1,0.28718197034868354,-1,1,none,none,-1,-1,-1,94997,50581,15:47:41.427673,feet
3,22,feet2,1,gabor,90,0.018278902818462617,4,4,-1,q,0.5100243875376691,-1,1,-1,incongruent,CR,c,4,1.830843956240642,97814,50581,15:47:41.427673,feet
3,23,feet2,1,gabor,0,0.018278902818462617,3,3,-1,c,0.5475341938154088,-1,1,-1,incongruent,hit,c,3,2.7744930398939687,103395,50581,15:47:41.427673,feet
3,24,feet2,1,cue,black,-1,-1,-1,q,q,-1,0.4001940711905263,-1,1,none,none,-1,-1,-1,112779,50581,15:47:41.427673,feet
3,25,feet2,1,cue,black,-1,-1,-1,q,q,-1,0.3768164414468629,-1,1,none,none,-1,-1,-1,119178,50581,15:47:41.427673,feet
3,26,feet2,1,gabor,0,0.018278902818462617,4,3,-1,c,0.6526148731345529,-1,0,-1,congruent,miss,c,2,2.6504932994757837,121996,50581,15:47:41.427673,feet
3,27,feet2,1,cue,white,-1,-1,-1,q,c,-1,0.7702498925773398,-1,0,none,none,-1,-1,-1,128746,50581,15:47:41.427673,feet
3,28,feet2,1,cue,black,-1,-1,-1,q,q,-1,0.31812469016404066,-1,1,none,none,-1,-1,-1,131845,50581,15:47:41.427673,feet
3,29,feet2,1,gabor,90,0.018278902818462617,4,4,-1,c,0.31597316487659555,-1,1,-1,congruent,CR,c,3,1.4809528764890274,134595,50581,15:47:41.427673,feet
3,30,feet2,1,cue,white,-1,-1,-1,c,c,-1,0.29839463113239617,-1,1,none,none,-1,-1,-1,142561,50581,15:47:41.427673,feet
3,31,feet2,1,gabor,0,0.018278902818462617,3,3,-1,q,0.41321534951839567,-1,1,-1,congruent,hit,c,3,1.6173360791553932,145295,50581,15:47:41.427673,feet
3,32,feet2,1,cue,black,-1,-1,-1,q,q,-1,0.5278137346649601,-1,1,none,none,-1,-1,-1,154427,50581,15:47:41.427673,feet
3,33,feet2,1,cue,black,-1,-1,-1,q,q,-1,0.4136350563076121,-1,1,none,none,-1,-1,-1,157295,50581,15:47:41.427673,feet
3,34,feet2,1,gabor,0,0.018278902818462617,3,3,-1,c,0.2063939814124751,-1,1,-1,incongruent,hit,q,4,1.8564245666329953,160145,50581,15:47:41.427673,feet
3,35,feet2,1,cue,white,-1,-1,-1,c,c,-1,0.37126348639321805,-1,1,none,none,-1,-1,-1,165544,50581,15:47:41.427673,feet
3,36,feet2,1,gabor,0,0.018278902818462617,4,3,-1,q,0.54180613693552,-1,0,-1,incongruent,miss,c,1,3.043685217604434,172126,50581,15:47:41.427673,feet
3,37,feet2,2,cue,black,-1,-1,-1,q,q,-1,0.21476085352878727,-1,1,none,none,-1,-1,-1,207693,50581,15:47:41.427673,feet
3,38,feet2,2,gabor,0,0.018278902818462617,3,3,-1,c,0.43562761524663074,-1,1,-1,incongruent,hit,q,3,1.599497964632974,210560,50581,15:47:41.427673,feet
3,39,feet2,2,cue,black,-1,-1,-1,q,q,-1,0.26928088060867594,-1,1,none,none,-1,-1,-1,215943,50581,15:47:41.427673,feet
3,40,feet2,2,cue,white,-1,-1,-1,c,c,-1,0.3141614753712929,-1,1,none,none,-1,-1,-1,218642,50581,15:47:41.427673,feet
3,41,feet2,2,cue,white,-1,-1,-1,c,c,-1,0.27077539005222206,-1,1,none,none,-1,-1,-1,224325,50581,15:47:41.427673,feet
3,42,feet2,2,cue,black,-1,-1,-1,q,q,-1,0.28665704886589083,-1,1,none,none,-1,-1,-1,226925,50581,15:47:41.427673,feet
3,43,feet2,2,gabor,90,0.018278902818462617,4,4,-1,q,0.3314320449389925,-1,1,-1,incongruent,CR,3,4,1.7844285325354576,229642,50581,15:47:41.427673,feet
3,44,feet2,2,gabor,0,0.018278902818462617,3,3,-1,c,0.5432169354189682,-1,1,-1,incongruent,hit,q,2,0.015143619976697664,235092,50581,15:47:41.427673,feet
3,45,feet2,2,gabor,90,0.018278902818462617,4,4,-1,q,0.26463338631128863,-1,1,-1,incongruent,CR,q,2,4.494486020461409,245392,50581,15:47:41.427673,feet
3,46,feet2,2,gabor,90,0.018278902818462617,4,4,-1,q,0.5110104872937882,-1,1,-1,incongruent,CR,c,3,5.7610109672878025,253491,50581,15:47:41.427673,feet
3,47,feet2,2,cue,black,-1,-1,-1,q,q,-1,0.4045685448763834,-1,1,none,none,-1,-1,-1,262991,50581,15:47:41.427673,feet
3,48,feet2,2,gabor,90,0.018278902818462617,3,4,-1,c,0.31748188214533,-1,0,-1,incongruent,FA,4,2,2.9573496495468135,265824,50581,15:47:41.427673,feet
3,49,feet2,2,cue,black,-1,-1,-1,q,q,-1,0.3031024126803459,-1,1,none,none,-1,-1,-1,272340,50581,15:47:41.427673,feet
3,50,feet2,2,cue,black,-1,-1,-1,q,q,-1,0.29381126403859525,-1,1,none,none,-1,-1,-1,275174,50581,15:47:41.427673,feet
3,51,feet2,2,cue,black,-1,-1,-1,q,q,-1,0.3017749411628756,-1,1,none,none,-1,-1,-1,277991,50581,15:47:41.427673,feet
3,52,feet2,2,cue,white,-1,-1,-1,c,c,-1,0.320655986735801,-1,1,none,none,-1,-1,-1,280724,50581,15:47:41.427673,feet
3,53,feet2,2,cue,white,-1,-1,-1,c,c,-1,0.31436652882530325,-1,1,none,none,-1,-1,-1,283473,50581,15:47:41.427673,feet
3,54,feet2,2,cue,black,-1,-1,-1,q,q,-1,0.29617360270913196,-1,1,none,none,-1,-1,-1,286123,50581,15:47:41.427673,feet
3,55,feet2,2,cue,white,-1,-1,-1,c,c,-1,0.3032437229257994,-1,1,none,none,-1,-1,-1,288757,50581,15:47:41.427673,feet
3,56,feet2,2,gabor,0,0.018278902818462617,3,3,-1,c,0.7367125169776045,-1,1,-1,incongruent,hit,q,3,1.9997265953943497,294322,50581,15:47:41.427673,feet
3,57,feet2,2,gabor,90,0.018278902818462617,4,4,-1,c,0.340489340484055,-1,1,-1,congruent,CR,q,4,1.9044228186858163,300306,50581,15:47:41.427673,feet
3,58,feet2,2,cue,black,-1,-1,-1,q,q,-1,0.4542229683675032,-1,1,none,none,-1,-1,-1,305990,50581,15:47:41.427673,feet
3,59,feet2,2,cue,white,-1,-1,-1,c,c,-1,0.30703989979247126,-1,1,none,none,-1,-1,-1,308872,50581,15:47:41.427673,feet
3,60,feet2,2,cue,white,-1,-1,-1,c,c,-1,0.28979659388551227,-1,1,none,none,-1,-1,-1,311505,50581,15:47:41.427673,feet
3,61,feet2,2,gabor,90,0.018278902818462617,4,4,-1,c,0.3995600950620428,-1,1,-1,congruent,CR,3,4,1.4606022811622097,314223,50581,15:47:41.427673,feet
3,62,feet2,2,cue,black,-1,-1,-1,q,q,-1,0.3133685252159921,-1,1,none,none,-1,-1,-1,319322,50581,15:47:41.427673,feet
3,63,feet2,2,gabor,0,0.018278902818462617,3,3,-1,q,0.46724962262851477,-1,1,-1,congruent,hit,3,4,1.3550681034748777,322174,50581,15:47:41.427673,feet
3,64,feet2,2,gabor,0,0.018278902818462617,3,3,-1,q,0.5237022977125889,-1,1,-1,congruent,hit,c,4,1.9716457920458197,330271,50581,15:47:41.427673,feet
3,65,feet2,2,cue,white,-1,-1,-1,c,c,-1,0.3104209778130098,-1,1,none,none,-1,-1,-1,336005,50581,15:47:41.427673,feet
3,66,feet2,2,cue,white,-1,-1,-1,c,c,-1,0.2772215180175408,-1,1,none,none,-1,-1,-1,338839,50581,15:47:41.427673,feet
3,67,feet2,2,cue,black,-1,-1,-1,q,q,-1,0.3012108521661503,-1,1,none,none,-1,-1,-1,341438,50581,15:47:41.427673,feet
3,68,feet2,2,cue,white,-1,-1,-1,c,c,-1,0.33304559290627367,-1,1,none,none,-1,-1,-1,344272,50581,15:47:41.427673,feet
3,69,feet2,2,gabor,0,0.018278902818462617,3,3,-1,q,0.6676843820305294,-1,1,-1,congruent,hit,3,3,1.9076952260566031,346937,50581,15:47:41.427673,feet
3,70,feet2,2,cue,white,-1,-1,-1,c,c,-1,0.28539063258995157,-1,1,none,none,-1,-1,-1,352838,50581,15:47:41.427673,feet
3,71,feet2,2,cue,white,-1,-1,-1,c,c,-1,0.24524585102699348,-1,1,none,none,-1,-1,-1,355655,50581,15:47:41.427673,feet
3,72,feet2,2,cue,black,-1,-1,-1,q,q,-1,0.582075716948566,-1,1,none,none,-1,-1,-1,358439,50581,15:47:41.427673,feet
3,73,feet2,3,cue,white,-1,-1,-1,c,c,-1,0.23929930085978413,-1,1,none,none,-1,-1,-1,393436,50581,15:47:41.427673,feet
3,74,feet2,3,cue,white,-1,-1,-1,c,c,-1,0.24077038659470418,-1,1,none,none,-1,-1,-1,400002,50581,15:47:41.427673,feet
3,75,feet2,3,cue,black,-1,-1,-1,q,q,-1,0.2575882257851845,-1,1,none,none,-1,-1,-1,402771,50581,15:47:41.427673,feet
3,76,feet2,3,gabor,0,0.018278902818462617,3,3,-1,c,0.44949483507207333,-1,1,-1,incongruent,hit,c,4,1.5812313114320204,405353,50581,15:47:41.427673,feet
3,77,feet2,3,cue,black,-1,-1,-1,q,q,-1,0.2717703216994778,-1,1,none,none,-1,-1,-1,417235,50581,15:47:41.427673,feet
3,78,feet2,3,cue,black,-1,-1,-1,q,q,-1,0.45752225540400104,-1,1,none,none,-1,-1,-1,423602,50581,15:47:41.427673,feet
3,79,feet2,3,cue,black,-1,-1,-1,q,q,-1,0.31421446671356534,-1,1,none,none,-1,-1,-1,426587,50581,15:47:41.427673,feet
3,80,feet2,3,cue,white,-1,-1,-1,c,c,-1,0.3001683051106738,-1,1,none,none,-1,-1,-1,429335,50581,15:47:41.427673,feet
3,81,feet2,3,cue,black,-1,-1,-1,c,q,-1,0.6589734501858402,-1,0,none,none,-1,-1,-1,431968,50581,15:47:41.427673,feet
3,82,feet2,3,cue,black,-1,-1,-1,q,q,-1,0.27978507018815435,-1,1,none,none,-1,-1,-1,435051,50581,15:47:41.427673,feet
3,83,feet2,3,cue,black,-1,-1,-1,q,q,-1,0.2955826340457861,-1,1,none,none,-1,-1,-1,437669,50581,15:47:41.427673,feet
3,84,feet2,3,cue,white,-1,-1,-1,c,c,-1,0.28537988072366716,-1,1,none,none,-1,-1,-1,440302,50581,15:47:41.427673,feet
3,85,feet2,3,gabor,0,0.018278902818462617,3,3,-1,q,0.506922090055923,-1,1,-1,congruent,hit,3,3,1.6042836972137593,442918,50581,15:47:41.427673,feet
3,86,feet2,3,cue,white,-1,-1,-1,c,c,-1,0.29264852647611406,-1,1,none,none,-1,-1,-1,451935,50581,15:47:41.427673,feet
3,87,feet2,3,cue,black,-1,-1,-1,q,q,-1,0.28465412973491766,-1,1,none,none,-1,-1,-1,454552,50581,15:47:41.427673,feet
3,88,feet2,3,gabor,90,0.018278902818462617,4,4,-1,q,0.4645324723651356,-1,1,-1,incongruent,CR,q,4,1.397410105756535,457168,50581,15:47:41.427673,feet
3,89,feet2,3,cue,black,-1,-1,-1,q,q,-1,0.3271209304666627,-1,1,none,none,-1,-1,-1,462285,50581,15:47:41.427673,feet
3,90,feet2,3,gabor,0,0.018278902818462617,3,3,-1,c,0.5120361385597789,-1,1,-1,incongruent,hit,4,3,1.6897817716699137,465034,50581,15:47:41.427673,feet
3,91,feet2,3,cue,black,-1,-1,-1,q,q,-1,0.7756335057347314,-1,1,none,none,-1,-1,-1,470684,50581,15:47:41.427673,feet
3,92,feet2,3,cue,white,-1,-1,-1,c,c,-1,0.3394740570893191,-1,1,none,none,-1,-1,-1,473985,50581,15:47:41.427673,feet
3,93,feet2,3,cue,white,-1,-1,-1,c,c,-1,0.27341036533744045,-1,1,none,none,-1,-1,-1,476651,50581,15:47:41.427673,feet
3,94,feet2,3,cue,black,-1,-1,-1,q,q,-1,0.28126805977626645,-1,1,none,none,-1,-1,-1,479451,50581,15:47:41.427673,feet
3,95,feet2,3,cue,white,-1,-1,-1,c,c,-1,0.2641303525570038,-1,1,none,none,-1,-1,-1,482067,50581,15:47:41.427673,feet
3,96,feet2,3,cue,white,-1,-1,-1,c,c,-1,0.2810061750269597,-1,1,none,none,-1,-1,-1,484867,50581,15:47:41.427673,feet
3,97,feet2,3,cue,white,-1,-1,-1,c,c,-1,0.2957642637902609,-1,1,none,none,-1,-1,-1,487684,50581,15:47:41.427673,feet
3,98,feet2,3,gabor,0,0.018278902818462617,3,3,-1,c,0.40850065605536656,-1,1,-1,incongruent,hit,3,4,2.109511984299388,490417,50581,15:47:41.427673,feet
3,99,feet2,3,cue,white,-1,-1,-1,c,c,-1,0.3332368225319442,-1,1,none,none,-1,-1,-1,496166,50581,15:47:41.427673,feet
3,100,feet2,3,gabor,90,0.018278902818462617,4,4,-1,c,0.537978088464115,-1,1,-1,congruent,CR,c,4,4.554026017212891,498833,50581,15:47:41.427673,feet
3,101,feet2,3,gabor,90,0.018278902818462617,4,4,-1,c,0.362546026628479,-1,1,-1,congruent,CR,q,4,1.587550336975255,507166,50581,15:47:41.427673,feet
3,102,feet2,3,cue,white,-1,-1,-1,c,c,-1,0.430442143629989,-1,1,none,none,-1,-1,-1,512550,50581,15:47:41.427673,feet
3,103,feet2,3,gabor,0,0.018278902818462617,3,3,-1,q,0.25577807225909055,-1,1,-1,congruent,hit,4,3,1.976889630937876,518982,50581,15:47:41.427673,feet
3,104,feet2,3,cue,black,-1,-1,-1,q,q,-1,0.4725053653728537,-1,1,none,none,-1,-1,-1,528315,50581,15:47:41.427673,feet
3,105,feet2,3,gabor,90,0.018278902818462617,4,4,-1,c,0.6072623482305062,-1,1,-1,congruent,CR,c,3,2.005251134801256,531115,50581,15:47:41.427673,feet
3,106,feet2,3,gabor,90,0.018278902818462617,4,4,-1,q,0.3796656860704388,-1,1,-1,incongruent,CR,4,4,1.6766802383381219,540631,50581,15:47:41.427673,feet
3,107,feet2,3,gabor,0,0.018278902818462617,3,3,-1,q,0.3604060211991964,-1,1,-1,congruent,hit,3,4,1.35831670314019,545915,50581,15:47:41.427673,feet
3,108,feet2,3,gabor,90,0.018278902818462617,4,4,-1,q,0.5880287950340062,-1,1,-1,incongruent,CR,q,4,4.911007184935443,550881,50581,15:47:41.427673,feet
3,109,feet2,4,cue,black,-1,-1,-1,q,q,-1,0.3602547270775176,-1,1,none,none,-1,-1,-1,585347,50581,15:47:41.427673,feet
3,110,feet2,4,cue,white,-1,-1,-1,c,c,-1,0.2879365209801108,-1,1,none,none,-1,-1,-1,591179,50581,15:47:41.427673,feet
3,111,feet2,4,gabor,90,0.018278902818462617,4,4,-1,c,0.3695892671794354,-1,1,-1,congruent,CR,q,4,1.3325993904454663,593998,50581,15:47:41.427673,feet
3,112,feet2,4,cue,white,-1,-1,-1,c,c,-1,0.35730679567950574,-1,1,none,none,-1,-1,-1,599046,50581,15:47:41.427673,feet
3,113,feet2,4,cue,white,-1,-1,-1,c,c,-1,0.29517022316576913,-1,1,none,none,-1,-1,-1,601931,50581,15:47:41.427673,feet
3,114,feet2,4,cue,white,-1,-1,-1,c,c,-1,0.2852251306449034,-1,1,none,none,-1,-1,-1,604663,50581,15:47:41.427673,feet
3,115,feet2,4,gabor,0,0.018278902818462617,3,3,-1,c,0.4819497281123404,-1,1,-1,incongruent,hit,4,3,1.7848282715722235,607379,50581,15:47:41.427673,feet
3,116,feet2,4,cue,white,-1,-1,-1,c,c,-1,0.32358932631450443,-1,1,none,none,-1,-1,-1,612880,50581,15:47:41.427673,feet
3,117,feet2,4,cue,black,-1,-1,-1,q,q,-1,0.23438224191068002,-1,1,none,none,-1,-1,-1,615730,50581,15:47:41.427673,feet
3,118,feet2,4,cue,white,-1,-1,-1,c,c,-1,0.27125576808884944,-1,1,none,none,-1,-1,-1,618396,50581,15:47:41.427673,feet
3,119,feet2,4,cue,white,-1,-1,-1,c,c,-1,0.3041991030640929,-1,1,none,none,-1,-1,-1,620996,50581,15:47:41.427673,feet
3,120,feet2,4,cue,black,-1,-1,-1,q,q,-1,0.5778878649443868,-1,1,none,none,-1,-1,-1,623729,50581,15:47:41.427673,feet
3,121,feet2,4,cue,white,-1,-1,-1,c,c,-1,0.28180219714431587,-1,1,none,none,-1,-1,-1,626745,50581,15:47:41.427673,feet
3,122,feet2,4,cue,white,-1,-1,-1,c,c,-1,0.33766543954607187,-1,1,none,none,-1,-1,-1,629363,50581,15:47:41.427673,feet
3,123,feet2,4,cue,white,-1,-1,-1,c,c,-1,0.2544575126557902,-1,1,none,none,-1,-1,-1,632230,50581,15:47:41.427673,feet
3,124,feet2,4,gabor,90,0.018278902818462617,3,4,-1,c,0.343293273670497,-1,0,-1,incongruent,FA,c,4,1.9742362238830538,635013,50581,15:47:41.427673,feet
3,125,feet2,4,cue,white,-1,-1,-1,c,c,-1,0.25012604643507075,-1,1,none,none,-1,-1,-1,640763,50581,15:47:41.427673,feet
3,126,feet2,4,gabor,90,0.018278902818462617,4,4,-1,q,0.3768410171414871,-1,1,-1,incongruent,CR,4,4,1.4817005152062848,643444,50581,15:47:41.427673,feet
3,127,feet2,4,gabor,90,0.018278902818462617,4,4,-1,c,0.5311222375867146,-1,1,-1,congruent,CR,q,3,1.7952061267214958,652312,50581,15:47:41.427673,feet
3,128,feet2,4,cue,white,-1,-1,-1,c,c,-1,0.4148016338231173,-1,1,none,none,-1,-1,-1,661644,50581,15:47:41.427673,feet
3,129,feet2,4,gabor,0,0.018278902818462617,3,3,-1,q,0.6726033609566002,-1,1,-1,congruent,hit,q,3,2.8545330061187997,664495,50581,15:47:41.427673,feet
3,130,feet2,4,gabor,0,0.018278902818462617,3,3,-1,q,0.6143101967245457,-1,1,-1,congruent,hit,c,3,2.7622278481785543,671462,50581,15:47:41.427673,feet
3,131,feet2,4,gabor,0,0.018278902818462617,3,3,-1,q,0.5847978591500578,-1,1,-1,congruent,hit,3,4,2.0247588605943747,678177,50581,15:47:41.427673,feet
3,132,feet2,4,cue,black,-1,-1,-1,q,q,-1,0.3205016206520668,-1,1,none,none,-1,-1,-1,684228,50581,15:47:41.427673,feet
3,133,feet2,4,cue,black,-1,-1,-1,q,q,-1,0.7681590385373056,-1,1,none,none,-1,-1,-1,690643,50581,15:47:41.427673,feet
3,134,feet2,4,cue,black,-1,-1,-1,q,q,-1,0.2707358385441694,-1,1,none,none,-1,-1,-1,696676,50581,15:47:41.427673,feet
3,135,feet2,4,cue,black,-1,-1,-1,q,q,-1,0.2637317655062361,-1,1,none,none,-1,-1,-1,699277,50581,15:47:41.427673,feet
3,136,feet2,4,cue,black,-1,-1,-1,q,q,-1,0.2745116636624516,-1,1,none,none,-1,-1,-1,701977,50581,15:47:41.427673,feet
3,137,feet2,4,cue,black,-1,-1,-1,q,q,-1,0.3154501633707696,-1,1,none,none,-1,-1,-1,704778,50581,15:47:41.427673,feet
3,138,feet2,4,cue,black,-1,-1,-1,q,q,-1,0.36523092129300494,-1,1,none,none,-1,-1,-1,707526,50581,15:47:41.427673,feet
3,139,feet2,4,cue,black,-1,-1,-1,q,q,-1,0.2068240560729464,-1,1,none,none,-1,-1,-1,714092,50581,15:47:41.427673,feet
3,140,feet2,4,gabor,0,0.018278902818462617,3,3,-1,c,0.5486082284805889,-1,1,-1,incongruent,hit,c,2,2.8955375530049423,716827,50581,15:47:41.427673,feet
3,141,feet2,4,gabor,90,0.018278902818462617,4,4,-1,q,0.5903500462136435,-1,1,-1,incongruent,CR,q,4,1.3872722476280615,723710,50581,15:47:41.427673,feet
3,142,feet2,4,gabor,0,0.018278902818462617,3,3,-1,c,0.5810166580977238,-1,1,-1,incongruent,hit,3,4,1.7309076610508782,729126,50581,15:47:41.427673,feet
3,143,feet2,4,gabor,90,0.018278902818462617,4,4,-1,q,0.633508038364198,-1,1,-1,incongruent,CR,c,4,1.4502666654889254,737725,50581,15:47:41.427673,feet
3,144,feet2,4,cue,black,-1,-1,-1,q,q,-1,0.27325215930159175,-1,1,none,none,-1,-1,-1,743243,50581,15:47:41.427673,feet
3,145,feet2,5,cue,white,-1,-1,-1,c,c,-1,0.5036615865383283,-1,1,none,none,-1,-1,-1,783706,50581,15:47:41.427673,feet
3,146,feet2,5,cue,black,-1,-1,-1,q,q,-1,0.24865688067620795,-1,1,none,none,-1,-1,-1,786892,50581,15:47:41.427673,feet
3,147,feet2,5,gabor,90,0.018278902818462617,4,4,-1,c,0.3924876708733791,-1,1,-1,congruent,CR,4,4,1.699421203986276,789474,50581,15:47:41.427673,feet
3,148,feet2,5,cue,white,-1,-1,-1,c,c,-1,0.25334085451959254,-1,1,none,none,-1,-1,-1,795008,50581,15:47:41.427673,feet
3,149,feet2,5,gabor,0,0.018278902818462617,3,3,-1,q,0.5379869203543421,-1,1,-1,congruent,hit,q,4,1.4569612383693311,797690,50581,15:47:41.427673,feet
3,150,feet2,5,gabor,90,0.018278902818462617,4,4,-1,q,0.3507016936882792,-1,1,-1,incongruent,CR,q,4,1.1986718372909309,803125,50581,15:47:41.427673,feet
3,151,feet2,5,cue,white,-1,-1,-1,c,c,-1,0.35711364607686846,-1,1,none,none,-1,-1,-1,814622,50581,15:47:41.427673,feet
3,152,feet2,5,cue,white,-1,-1,-1,c,c,-1,0.36586144146440347,-1,1,none,none,-1,-1,-1,817406,50581,15:47:41.427673,feet
3,153,feet2,5,gabor,90,0.018278902818462617,4,4,-1,q,0.306763039229736,-1,1,-1,incongruent,CR,q,3,2.409648417805329,820307,50581,15:47:41.427673,feet
3,154,feet2,5,gabor,0,0.018278902818462617,4,3,-1,c,0.4212228020978728,-1,0,-1,congruent,miss,c,2,3.3485052409587297,826356,50581,15:47:41.427673,feet
3,155,feet2,5,cue,white,-1,-1,-1,c,c,-1,0.3080793748868018,-1,1,none,none,-1,-1,-1,833456,50581,15:47:41.427673,feet
3,156,feet2,5,cue,black,-1,-1,-1,q,q,-1,0.2747194050834878,-1,1,none,none,-1,-1,-1,836088,50581,15:47:41.427673,feet
3,157,feet2,5,cue,black,-1,-1,-1,q,q,-1,0.28279520881460485,-1,1,none,none,-1,-1,-1,838890,50581,15:47:41.427673,feet
3,158,feet2,5,gabor,90,0.018278902818462617,4,4,-1,c,0.45244622242807964,-1,1,-1,congruent,CR,4,3,2.2104478190804002,841505,50581,15:47:41.427673,feet
3,159,feet2,5,gabor,90,0.018278902818462617,4,4,-1,q,0.316286120991208,-1,1,-1,incongruent,CR,3,4,1.2221658175894845,847505,50581,15:47:41.427673,feet
3,160,feet2,5,gabor,0,0.018278902818462617,3,3,-1,c,0.6788981948002402,-1,1,-1,incongruent,hit,q,4,1.204811921055807,852288,50581,15:47:41.427673,feet
3,161,feet2,5,gabor,90,0.018278902818462617,4,4,-1,c,0.513545623817663,-1,1,-1,congruent,CR,3,4,1.071483400462057,857623,50581,15:47:41.427673,feet
3,162,feet2,5,cue,white,-1,-1,-1,c,c,-1,0.5861879218909962,-1,1,none,none,-1,-1,-1,866321,50581,15:47:41.427673,feet
3,163,feet2,5,cue,black,-1,-1,-1,q,q,-1,0.5500485945967739,-1,1,none,none,-1,-1,-1,869438,50581,15:47:41.427673,feet
3,164,feet2,5,cue,black,-1,-1,-1,q,q,-1,0.29071703045701724,-1,1,none,none,-1,-1,-1,872521,50581,15:47:41.427673,feet
3,165,feet2,5,cue,black,-1,-1,-1,q,q,-1,0.5335894069530696,-1,1,none,none,-1,-1,-1,875238,50581,15:47:41.427673,feet
3,166,feet2,5,cue,white,-1,-1,-1,c,c,-1,0.291406685894799,-1,1,none,none,-1,-1,-1,878305,50581,15:47:41.427673,feet
3,167,feet2,5,cue,white,-1,-1,-1,c,c,-1,0.3182256809104729,-1,1,none,none,-1,-1,-1,881021,50581,15:47:41.427673,feet
3,168,feet2,5,cue,white,-1,-1,-1,c,c,-1,0.27722190201347985,-1,1,none,none,-1,-1,-1,883670,50581,15:47:41.427673,feet
3,169,feet2,5,cue,black,-1,-1,-1,q,q,-1,0.28384735575127706,-1,1,none,none,-1,-1,-1,889303,50581,15:47:41.427673,feet
3,170,feet2,5,cue,white,-1,-1,-1,c,c,-1,0.27558454634163354,-1,1,none,none,-1,-1,-1,892122,50581,15:47:41.427673,feet
3,171,feet2,5,gabor,0,0.018278902818462617,3,3,-1,q,0.4932737475128306,-1,1,-1,congruent,hit,q,3,1.9123642240856498,894821,50581,15:47:41.427673,feet
3,172,feet2,5,cue,white,-1,-1,-1,c,c,-1,0.39823339153372217,-1,1,none,none,-1,-1,-1,900453,50581,15:47:41.427673,feet
3,173,feet2,5,cue,black,-1,-1,-1,q,q,-1,0.5026712628341556,-1,1,none,none,-1,-1,-1,909053,50581,15:47:41.427673,feet
3,174,feet2,5,cue,black,-1,-1,-1,q,q,-1,0.2535209482839491,-1,1,none,none,-1,-1,-1,912087,50581,15:47:41.427673,feet
3,175,feet2,5,gabor,0,0.018278902818462617,3,3,-1,q,0.43911928389479726,-1,1,-1,congruent,hit,4,3,1.7293578562930634,914871,50581,15:47:41.427673,feet
3,176,feet2,5,cue,black,-1,-1,-1,q,q,-1,0.32594705704104854,-1,1,none,none,-1,-1,-1,920470,50581,15:47:41.427673,feet
3,177,feet2,5,gabor,0,0.018278902818462617,4,3,-1,c,0.49481740834653465,-1,0,-1,congruent,miss,q,2,2.6617539596627466,923320,50581,15:47:41.427673,feet
3,178,feet2,5,cue,black,-1,-1,-1,q,q,-1,0.5454997870738225,-1,1,none,none,-1,-1,-1,929803,50581,15:47:41.427673,feet
3,179,feet2,5,cue,black,-1,-1,-1,q,q,-1,0.31326177454229764,-1,1,none,none,-1,-1,-1,932786,50581,15:47:41.427673,feet
3,180,feet2,5,cue,white,-1,-1,-1,c,c,-1,0.26013910611254687,-1,1,none,none,-1,-1,-1,935536,50581,15:47:41.427673,feet
3,181,feet2,6,cue,white,-1,-1,-1,c,c,-1,0.2821781284765166,-1,1,none,none,-1,-1,-1,954401,50581,15:47:41.427673,feet
3,182,feet2,6,cue,white,-1,-1,-1,c,c,-1,0.30292347090198746,-1,1,none,none,-1,-1,-1,957285,50581,15:47:41.427673,feet
3,183,feet2,6,cue,white,-1,-1,-1,c,c,-1,0.29780865440807247,-1,1,none,none,-1,-1,-1,960018,50581,15:47:41.427673,feet
3,184,feet2,6,cue,white,-1,-1,-1,c,c,-1,0.3875706119233655,-1,1,none,none,-1,-1,-1,962752,50581,15:47:41.427673,feet
3,185,feet2,6,gabor,0,0.018278902818462617,3,3,-1,q,0.5693888984669684,-1,1,-1,congruent,hit,3,4,1.3253484084743832,965568,50581,15:47:41.427673,feet
3,186,feet2,6,cue,white,-1,-1,-1,c,c,-1,0.24335275453267968,-1,1,none,none,-1,-1,-1,970801,50581,15:47:41.427673,feet
3,187,feet2,6,cue,white,-1,-1,-1,c,c,-1,0.23612903622142767,-1,1,none,none,-1,-1,-1,973367,50581,15:47:41.427673,feet
3,188,feet2,6,cue,white,-1,-1,-1,c,c,-1,0.3786319709051895,-1,1,none,none,-1,-1,-1,979801,50581,15:47:41.427673,feet
3,189,feet2,6,cue,white,-1,-1,-1,c,c,-1,0.3624634676543792,-1,1,none,none,-1,-1,-1,982618,50581,15:47:41.427673,feet
3,190,feet2,6,cue,white,-1,-1,-1,c,c,-1,0.298290184428879,-1,1,none,none,-1,-1,-1,985418,50581,15:47:41.427673,feet
3,191,feet2,6,gabor,0,0.018278902818462617,3,3,-1,c,0.493173524757367,-1,1,-1,incongruent,hit,4,2,2.1640354673354523,988150,50581,15:47:41.427673,feet
3,192,feet2,6,gabor,90,0.018278902818462617,4,4,-1,c,0.6027930277214182,-1,1,-1,congruent,CR,q,4,1.2817296220455319,994150,50581,15:47:41.427673,feet
3,193,feet2,6,gabor,90,0.018278902818462617,4,4,-1,q,0.35445486308890395,-1,1,-1,incongruent,CR,3,4,1.0664304071997321,999485,50581,15:47:41.427673,feet
3,194,feet2,6,cue,black,-1,-1,-1,q,q,-1,0.6293989053829137,-1,1,none,none,-1,-1,-1,1004150,50581,15:47:41.427673,feet
3,195,feet2,6,gabor,90,0.018278902818462617,4,4,-1,q,0.4300516204784799,-1,1,-1,incongruent,CR,q,4,1.2670794359419233,1007117,50581,15:47:41.427673,feet
3,196,feet2,6,gabor,90,0.018278902818462617,4,4,-1,c,0.2867530476742104,-1,1,-1,congruent,CR,3,4,1.044731988607964,1012049,50581,15:47:41.427673,feet
3,197,feet2,6,cue,black,-1,-1,-1,q,q,-1,0.40351716593067977,-1,1,none,none,-1,-1,-1,1016617,50581,15:47:41.427673,feet
3,198,feet2,6,gabor,0,0.018278902818462617,3,3,-1,c,0.4682722019324501,-1,1,-1,incongruent,hit,q,3,1.824220422478902,1019350,50581,15:47:41.427673,feet
3,199,feet2,6,cue,black,-1,-1,-1,q,q,-1,0.36789277624302485,-1,1,none,none,-1,-1,-1,1027915,50581,15:47:41.427673,feet
3,200,feet2,6,cue,white,-1,-1,-1,c,c,-1,0.29170658617113077,-1,1,none,none,-1,-1,-1,1030817,50581,15:47:41.427673,feet
3,201,feet2,6,gabor,90,0.018278902818462617,4,4,-1,q,0.47360973566082976,-1,1,-1,incongruent,CR,4,4,1.943498557521707,1033634,50581,15:47:41.427673,feet
3,202,feet2,6,cue,black,-1,-1,-1,q,q,-1,0.28918143352348125,-1,1,none,none,-1,-1,-1,1039282,50581,15:47:41.427673,feet
3,203,feet2,6,cue,black,-1,-1,-1,q,q,-1,0.31304404924503615,-1,1,none,none,-1,-1,-1,1041899,50581,15:47:41.427673,feet
3,204,feet2,6,cue,white,-1,-1,-1,c,c,-1,0.30249570021351246,-1,1,none,none,-1,-1,-1,1051149,50581,15:47:41.427673,feet
3,205,feet2,6,gabor,90,0.018278902818462617,4,4,-1,c,0.24335774646988284,-1,1,-1,congruent,CR,q,3,1.8853939349492066,1053882,50581,15:47:41.427673,feet
3,206,feet2,6,cue,black,-1,-1,-1,q,q,-1,0.2551778877113975,-1,1,none,none,-1,-1,-1,1059348,50581,15:47:41.427673,feet
3,207,feet2,6,cue,black,-1,-1,-1,q,q,-1,0.31083607666005264,-1,1,none,none,-1,-1,-1,1064764,50581,15:47:41.427673,feet
3,208,feet2,6,cue,black,-1,-1,-1,q,q,-1,0.5026731828102129,-1,1,none,none,-1,-1,-1,1067599,50581,15:47:41.427673,feet
3,209,feet2,6,gabor,0,0.018278902818462617,3,3,-1,q,0.43425790425408195,-1,1,-1,congruent,hit,c,3,2.479328960651401,1070632,50581,15:47:41.427673,feet
3,210,feet2,6,cue,black,-1,-1,-1,q,q,-1,0.2951702231666786,-1,1,none,none,-1,-1,-1,1076982,50581,15:47:41.427673,feet
3,211,feet2,6,cue,black,-1,-1,-1,q,q,-1,0.2327095586779251,-1,1,none,none,-1,-1,-1,1079714,50581,15:47:41.427673,feet
3,212,feet2,6,cue,white,-1,-1,-1,c,c,-1,0.30459039420566114,-1,1,none,none,-1,-1,-1,1085948,50581,15:47:41.427673,feet
3,213,feet2,6,cue,black,-1,-1,-1,q,q,-1,0.28344761671451124,-1,1,none,none,-1,-1,-1,1088681,50581,15:47:41.427673,feet
3,214,feet2,6,gabor,0,0.018278902818462617,3,3,-1,q,0.5072607738502484,-1,1,-1,congruent,hit,q,3,1.8982570072412273,1091498,50581,15:47:41.427673,feet
3,215,feet2,6,cue,black,-1,-1,-1,q,q,-1,0.2560422609794841,-1,1,none,none,-1,-1,-1,1097163,50581,15:47:41.427673,feet
3,216,feet2,6,gabor,0,0.018278902818462617,3,3,-1,c,0.3977737492414235,-1,1,-1,incongruent,hit,q,4,1.7457152851984574,1099846,50581,15:47:41.427673,feet
3,217,feet2,7,cue,black,-1,-1,-1,q,q,-1,0.2001114354161473,-1,1,none,none,-1,-1,-1,1130795,50581,15:47:41.427673,feet
3,218,feet2,7,gabor,90,0.018278902818462617,4,4,-1,c,0.3028098083141231,-1,1,-1,congruent,CR,4,4,1.571785028717386,1133613,50581,15:47:41.427673,feet
3,219,feet2,7,cue,black,-1,-1,-1,q,q,-1,0.3105073767410431,-1,1,none,none,-1,-1,-1,1138829,50581,15:47:41.427673,feet
3,220,feet2,7,gabor,0,0.018278902818462617,3,3,-1,c,0.4093162619292343,-1,1,-1,incongruent,hit,4,3,1.4332295650219748,1141663,50581,15:47:41.427673,feet
3,221,feet2,7,gabor,90,0.018278902818462617,4,4,-1,q,0.4358280607584675,-1,1,-1,incongruent,CR,4,4,1.1178070493069754,1149778,50581,15:47:41.427673,feet
3,222,feet2,7,cue,white,-1,-1,-1,c,c,-1,0.2245822995864728,-1,1,none,none,-1,-1,-1,1154780,50581,15:47:41.427673,feet
3,223,feet2,7,cue,white,-1,-1,-1,c,c,-1,0.3394398815144086,-1,1,none,none,-1,-1,-1,1157329,50581,15:47:41.427673,feet
3,224,feet2,7,gabor,90,0.018278902818462617,4,4,-1,q,0.32133181834342395,-1,1,-1,incongruent,CR,c,4,1.4242763321854,1159995,50581,15:47:41.427673,feet
3,225,feet2,7,cue,black,-1,-1,-1,q,q,-1,0.3290739302183283,-1,1,none,none,-1,-1,-1,1164978,50581,15:47:41.427673,feet
3,226,feet2,7,gabor,90,0.018278902818462617,4,4,-1,q,0.3449145015410977,-1,1,-1,incongruent,CR,3,4,1.2307392791408347,1167645,50581,15:47:41.427673,feet
3,227,feet2,7,cue,black,-1,-1,-1,q,q,-1,0.4305803819142966,-1,1,none,none,-1,-1,-1,1172662,50581,15:47:41.427673,feet
3,228,feet2,7,cue,white,-1,-1,-1,c,c,-1,0.3113963257028445,-1,1,none,none,-1,-1,-1,1175428,50581,15:47:41.427673,feet
3,229,feet2,7,cue,white,-1,-1,-1,c,c,-1,0.29423596276592434,-1,1,none,none,-1,-1,-1,1178279,50581,15:47:41.427673,feet
3,230,feet2,7,gabor,0,0.018278902818462617,3,3,-1,q,0.7179950533736701,-1,1,-1,congruent,hit,c,3,2.0730163094294767,1180994,50581,15:47:41.427673,feet
3,231,feet2,7,gabor,90,0.018278902818462617,4,4,-1,c,0.5416920903508071,-1,1,-1,congruent,CR,3,3,2.0406654790976972,1187027,50581,15:47:41.427673,feet
3,232,feet2,7,gabor,0,0.018278902818462617,3,3,-1,q,0.4784200439371489,-1,1,-1,congruent,hit,c,4,1.2103172607003216,1193028,50581,15:47:41.427673,feet
3,233,feet2,7,gabor,0,0.018278902818462617,3,3,-1,c,0.6431563025707874,-1,1,-1,incongruent,hit,c,4,1.0661090031908316,1198044,50581,15:47:41.427673,feet
3,234,feet2,7,gabor,90,0.018278902818462617,4,4,-1,c,0.7369962894545097,-1,1,-1,congruent,CR,3,3,1.360791936406713,1203010,50581,15:47:41.427673,feet
3,235,feet2,7,cue,black,-1,-1,-1,q,q,-1,0.22743000822902104,-1,1,none,none,-1,-1,-1,1211377,50581,15:47:41.427673,feet
3,236,feet2,7,cue,black,-1,-1,-1,q,q,-1,0.3372699244564501,-1,1,none,none,-1,-1,-1,1214026,50581,15:47:41.427673,feet
3,237,feet2,7,cue,black,-1,-1,-1,q,q,-1,0.2860691521655099,-1,1,none,none,-1,-1,-1,1216693,50581,15:47:41.427673,feet
3,238,feet2,7,gabor,0,0.018278902818462617,3,3,-1,q,0.351941614293537,-1,1,-1,congruent,hit,q,4,1.3008514326284057,1219510,50581,15:47:41.427673,feet
3,239,feet2,7,cue,white,-1,-1,-1,c,c,-1,0.23766808911295811,-1,1,none,none,-1,-1,-1,1224510,50581,15:47:41.427673,feet
3,240,feet2,7,cue,white,-1,-1,-1,c,c,-1,0.27959499254848197,-1,1,none,none,-1,-1,-1,1227076,50581,15:47:41.427673,feet
3,241,feet2,7,cue,black,-1,-1,-1,q,q,-1,0.29835008768532134,-1,1,none,none,-1,-1,-1,1229793,50581,15:47:41.427673,feet
3,242,feet2,7,cue,black,-1,-1,-1,q,q,-1,0.28119932462868746,-1,1,none,none,-1,-1,-1,1232426,50581,15:47:41.427673,feet
3,243,feet2,7,cue,white,-1,-1,-1,c,c,-1,0.24904433186566166,-1,1,none,none,-1,-1,-1,1235243,50581,15:47:41.427673,feet
3,244,feet2,7,gabor,0,0.018278902818462617,3,3,-1,c,0.35687057709492365,-1,1,-1,incongruent,hit,q,4,1.247789435446066,1238026,50581,15:47:41.427673,feet
3,245,feet2,7,cue,black,-1,-1,-1,q,q,-1,0.27157602011266135,-1,1,none,none,-1,-1,-1,1242876,50581,15:47:41.427673,feet
3,246,feet2,7,cue,white,-1,-1,-1,c,c,-1,0.24045858246608987,-1,1,none,none,-1,-1,-1,1245677,50581,15:47:41.427673,feet
3,247,feet2,7,cue,white,-1,-1,-1,c,c,-1,0.31420371484637144,-1,1,none,none,-1,-1,-1,1248443,50581,15:47:41.427673,feet
3,248,feet2,7,cue,white,-1,-1,-1,c,c,-1,0.303240650963744,-1,1,none,none,-1,-1,-1,1251092,50581,15:47:41.427673,feet
3,249,feet2,7,cue,black,-1,-1,-1,q,q,-1,0.22078765869991912,-1,1,none,none,-1,-1,-1,1256758,50581,15:47:41.427673,feet
3,250,feet2,7,cue,black,-1,-1,-1,q,q,-1,0.27169659461469564,-1,1,none,none,-1,-1,-1,1259309,50581,15:47:41.427673,feet
3,251,feet2,7,cue,white,-1,-1,-1,c,c,-1,0.31954854448486003,-1,1,none,none,-1,-1,-1,1261909,50581,15:47:41.427673,feet
3,252,feet2,7,cue,white,-1,-1,-1,q,c,-1,0.4773874807569882,-1,0,none,none,-1,-1,-1,1264558,50581,15:47:41.427673,feet
3,253,feet2,8,gabor,0,0.018278902818462617,3,3,-1,c,0.42375141070260725,-1,1,-1,incongruent,hit,3,4,1.5606050075275562,1292975,50581,15:47:41.427673,feet
3,254,feet2,8,cue,white,-1,-1,-1,c,c,-1,0.36145394418781507,-1,1,none,none,-1,-1,-1,1298492,50581,15:47:41.427673,feet
3,255,feet2,8,cue,black,-1,-1,-1,q,q,-1,0.4800919591780257,-1,1,none,none,-1,-1,-1,1304123,50581,15:47:41.427673,feet
3,256,feet2,8,cue,white,-1,-1,-1,c,c,-1,0.23201798326499556,-1,1,none,none,-1,-1,-1,1307142,50581,15:47:41.427673,feet
3,257,feet2,8,gabor,90,0.018278902818462617,4,4,-1,c,0.3167054437853949,-1,1,-1,congruent,CR,4,4,1.1167026790199088,1309806,50581,15:47:41.427673,feet
3,258,feet2,8,gabor,90,0.018278902818462617,4,4,-1,q,0.35248304756987636,-1,1,-1,incongruent,CR,4,4,0.7863634845107299,1314590,50581,15:47:41.427673,feet
3,259,feet2,8,cue,white,-1,-1,-1,c,c,-1,0.2942152270234146,-1,1,none,none,-1,-1,-1,1319174,50581,15:47:41.427673,feet
3,260,feet2,8,cue,white,-1,-1,-1,c,c,-1,0.2771074714337374,-1,1,none,none,-1,-1,-1,1322007,50581,15:47:41.427673,feet
3,261,feet2,8,gabor,90,0.018278902818462617,4,4,-1,c,0.2528370527752486,-1,1,-1,congruent,CR,3,4,1.0107929539944962,1324807,50581,15:47:41.427673,feet
3,262,feet2,8,cue,white,-1,-1,-1,c,c,-1,0.2896172681121243,-1,1,none,none,-1,-1,-1,1329306,50581,15:47:41.427673,feet
3,263,feet2,8,cue,black,-1,-1,-1,q,q,-1,0.26451434779028205,-1,1,none,none,-1,-1,-1,1332124,50581,15:47:41.427673,feet
3,264,feet2,8,cue,black,-1,-1,-1,q,q,-1,0.28142088987897296,-1,1,none,none,-1,-1,-1,1334723,50581,15:47:41.427673,feet
3,265,feet2,8,cue,white,-1,-1,-1,c,c,-1,0.25224762009383994,-1,1,none,none,-1,-1,-1,1337439,50581,15:47:41.427673,feet
3,266,feet2,8,cue,black,-1,-1,-1,q,q,-1,0.18893333420419367,-1,1,none,none,-1,-1,-1,1340022,50581,15:47:41.427673,feet
3,267,feet2,8,gabor,0,0.018278902818462617,3,3,-1,c,0.3968103052038714,-1,1,-1,incongruent,hit,c,4,1.5967773584125098,1342740,50581,15:47:41.427673,feet
3,268,feet2,8,cue,white,-1,-1,-1,c,c,-1,0.3425268191867872,-1,1,none,none,-1,-1,-1,1347989,50581,15:47:41.427673,feet
3,269,feet2,8,cue,white,-1,-1,-1,c,c,-1,0.2922837310052273,-1,1,none,none,-1,-1,-1,1350857,50581,15:47:41.427673,feet
3,270,feet2,8,gabor,0,0.018278902818462617,3,3,-1,q,0.45420492059110984,-1,1,-1,congruent,hit,3,1,0.15111594774407422,1353572,50581,15:47:41.427673,feet
3,271,feet2,8,cue,white,-1,-1,-1,c,c,-1,0.36216894331028016,-1,1,none,none,-1,-1,-1,1357522,50581,15:47:41.427673,feet
3,272,feet2,8,gabor,90,0.018278902818462617,4,4,-1,c,0.7388367786024901,-1,1,-1,congruent,CR,4,4,1.1928028541597087,1360423,50581,15:47:41.427673,feet
3,273,feet2,8,gabor,0,0.018278902818462617,3,3,-1,q,0.47166595179533033,-1,1,-1,congruent,hit,3,4,1.464427641666589,1365589,50581,15:47:41.427673,feet
3,274,feet2,8,cue,black,-1,-1,-1,q,q,-1,0.39625543209240277,-1,1,none,none,-1,-1,-1,1370871,50581,15:47:41.427673,feet
3,275,feet2,8,gabor,0,0.018278902818462617,3,3,-1,q,0.5401714692316091,-1,1,-1,congruent,hit,c,3,2.7579082858101174,1373605,50581,15:47:41.427673,feet
3,276,feet2,8,cue,white,-1,-1,-1,c,c,-1,0.4097640003701599,-1,1,none,none,-1,-1,-1,1380339,50581,15:47:41.427673,feet
3,277,feet2,8,cue,black,-1,-1,-1,q,q,-1,0.3845954168627941,-1,1,none,none,-1,-1,-1,1383171,50581,15:47:41.427673,feet
3,278,feet2,8,cue,black,-1,-1,-1,q,q,-1,0.3484702973928506,-1,1,none,none,-1,-1,-1,1385888,50581,15:47:41.427673,feet
3,279,feet2,8,cue,black,-1,-1,-1,q,q,-1,0.239764319087044,-1,1,none,none,-1,-1,-1,1398004,50581,15:47:41.427673,feet
3,280,feet2,8,gabor,90,0.018278902818462617,4,4,-1,q,0.3485586162960317,-1,1,-1,incongruent,CR,q,4,1.4885298704130037,1400772,50581,15:47:41.427673,feet
3,281,feet2,8,gabor,0,0.018278902818462617,3,3,-1,c,0.4062320122238816,-1,1,-1,incongruent,hit,4,4,1.5363019492751846,1405837,50581,15:47:41.427673,feet
3,282,feet2,8,cue,black,-1,-1,-1,q,q,-1,0.3658188179933859,-1,1,none,none,-1,-1,-1,1414053,50581,15:47:41.427673,feet
3,283,feet2,8,cue,white,-1,-1,-1,c,c,-1,0.29462725390840205,-1,1,none,none,-1,-1,-1,1416854,50581,15:47:41.427673,feet
3,284,feet2,8,cue,black,-1,-1,-1,q,q,-1,0.261523024930284,-1,1,none,none,-1,-1,-1,1419671,50581,15:47:41.427673,feet
3,285,feet2,8,gabor,90,0.018278902818462617,4,4,-1,q,0.31321531111825607,-1,1,-1,incongruent,CR,q,4,1.6132918413677544,1422471,50581,15:47:41.427673,feet
3,286,feet2,8,cue,black,-1,-1,-1,q,q,-1,0.33392033404561516,-1,1,none,none,-1,-1,-1,1430686,50581,15:47:41.427673,feet
3,287,feet2,8,cue,white,-1,-1,-1,c,c,-1,0.23472630163814756,-1,1,none,none,-1,-1,-1,1433353,50581,15:47:41.427673,feet
3,288,feet2,8,cue,black,-1,-1,-1,q,q,-1,0.2646042026735813,-1,1,none,none,-1,-1,-1,1436020,50581,15:47:41.427673,feet
3,289,feet2,9,cue,black,-1,-1,-1,q,q,-1,0.23809931575851806,-1,1,none,none,-1,-1,-1,1462285,50581,15:47:41.427673,feet
3,290,feet2,9,cue,black,-1,-1,-1,q,q,-1,0.1987378844705745,-1,1,none,none,-1,-1,-1,1467869,50581,15:47:41.427673,feet
3,291,feet2,9,cue,black,-1,-1,-1,q,q,-1,0.24160212026799854,-1,1,none,none,-1,-1,-1,1470402,50581,15:47:41.427673,feet
3,292,feet2,9,gabor,0,0.018278902818462617,3,3,-1,c,0.45335629112832976,-1,1,-1,incongruent,hit,4,4,1.5613326784932724,1473068,50581,15:47:41.427673,feet
3,293,feet2,9,gabor,0,0.018278902818462617,3,3,-1,q,0.5071163916427395,-1,1,-1,congruent,hit,3,4,0.9960010736504046,1478519,50581,15:47:41.427673,feet
3,294,feet2,9,cue,white,-1,-1,-1,c,c,-1,0.2837805405806648,-1,1,none,none,-1,-1,-1,1483351,50581,15:47:41.427673,feet
3,295,feet2,9,gabor,0,0.018278902818462617,3,3,-1,c,0.5725952586572021,-1,1,-1,incongruent,hit,q,4,1.2747620285545054,1486169,50581,15:47:41.427673,feet
3,296,feet2,9,cue,white,-1,-1,-1,c,c,-1,0.3694690766715212,-1,1,none,none,-1,-1,-1,1491234,50581,15:47:41.427673,feet
3,297,feet2,9,cue,white,-1,-1,-1,c,c,-1,0.2691453302913942,-1,1,none,none,-1,-1,-1,1494135,50581,15:47:41.427673,feet
3,298,feet2,9,cue,black,-1,-1,-1,q,q,-1,0.22916989062650828,-1,1,none,none,-1,-1,-1,1496935,50581,15:47:41.427673,feet
3,299,feet2,9,gabor,90,0.018278902818462617,4,4,-1,q,0.27567708919286815,-1,1,-1,incongruent,CR,c,4,1.6826936036759435,1503268,50581,15:47:41.427673,feet
3,300,feet2,9,cue,white,-1,-1,-1,c,c,-1,0.5443812089633866,-1,1,none,none,-1,-1,-1,1508668,50581,15:47:41.427673,feet
3,301,feet2,9,gabor,0,0.018278902818462617,3,3,-1,c,0.39639290238574176,-1,1,-1,incongruent,hit,c,4,1.7862540458691,1511735,50581,15:47:41.427673,feet
3,302,feet2,9,gabor,0,0.018278902818462617,3,3,-1,q,0.3327495325820564,-1,1,-1,congruent,hit,3,3,1.7096888525029499,1520000,50581,15:47:41.427673,feet
3,303,feet2,9,gabor,90,0.018278902818462617,4,4,-1,c,0.35839081421909214,-1,1,-1,congruent,CR,c,3,2.435378018346455,1525383,50581,15:47:41.427673,feet
3,304,feet2,9,cue,black,-1,-1,-1,q,q,-1,0.25122849674698955,-1,1,none,none,-1,-1,-1,1531416,50581,15:47:41.427673,feet
3,305,feet2,9,cue,black,-1,-1,-1,q,q,-1,0.6177127784785625,-1,1,none,none,-1,-1,-1,1537866,50581,15:47:41.427673,feet
3,306,feet2,9,gabor,90,0.018278902818462617,4,4,-1,c,0.3285351849071958,-1,1,-1,congruent,CR,3,3,1.9924794533753811,1540916,50581,15:47:41.427673,feet
3,307,feet2,9,cue,black,-1,-1,-1,q,q,-1,0.36525780095871596,-1,1,none,none,-1,-1,-1,1546566,50581,15:47:41.427673,feet
3,308,feet2,9,cue,white,-1,-1,-1,c,c,-1,0.3061716865722701,-1,1,none,none,-1,-1,-1,1549266,50581,15:47:41.427673,feet
3,309,feet2,9,gabor,90,0.018278902818462617,4,4,-1,c,0.4808465098103625,-1,1,-1,congruent,CR,4,3,1.690716416064788,1552100,50581,15:47:41.427673,feet
3,310,feet2,9,cue,white,-1,-1,-1,c,c,-1,0.5606399510943447,-1,1,none,none,-1,-1,-1,1557717,50581,15:47:41.427673,feet
3,311,feet2,9,cue,white,-1,-1,-1,q,c,-1,0.21120659365897154,-1,0,none,none,-1,-1,-1,1563632,50581,15:47:41.427673,feet
3,312,feet2,9,gabor,0,0.018278902818462617,3,3,-1,q,0.6390609934187523,-1,1,-1,congruent,hit,3,1,4.2479161538731205,1566282,50581,15:47:41.427673,feet
3,313,feet2,9,cue,white,-1,-1,-1,c,c,-1,0.2926343186527447,-1,1,none,none,-1,-1,-1,1574616,50581,15:47:41.427673,feet
3,314,feet2,9,cue,black,-1,-1,-1,q,q,-1,0.3885651595746822,-1,1,none,none,-1,-1,-1,1577433,50581,15:47:41.427673,feet
3,315,feet2,9,cue,white,-1,-1,-1,c,c,-1,0.29512529572457424,-1,1,none,none,-1,-1,-1,1580349,50581,15:47:41.427673,feet
3,316,feet2,9,cue,white,-1,-1,-1,c,c,-1,0.4782046226118837,-1,1,none,none,-1,-1,-1,1582981,50581,15:47:41.427673,feet
3,317,feet2,9,cue,black,-1,-1,-1,q,q,-1,0.2541284287408416,-1,1,none,none,-1,-1,-1,1585999,50581,15:47:41.427673,feet
3,318,feet2,9,cue,black,-1,-1,-1,q,q,-1,0.35075775699169753,-1,1,none,none,-1,-1,-1,1588581,50581,15:47:41.427673,feet
3,319,feet2,9,cue,black,-1,-1,-1,q,q,-1,0.30759285292697314,-1,1,none,none,-1,-1,-1,1591466,50581,15:47:41.427673,feet
3,320,feet2,9,cue,black,-1,-1,-1,q,q,-1,0.32556728575582383,-1,1,none,none,-1,-1,-1,1594198,50581,15:47:41.427673,feet
3,321,feet2,9,gabor,90,0.018278902818462617,4,4,-1,q,0.4604075955794542,-1,1,-1,incongruent,CR,q,3,1.9902795446887467,1597048,50581,15:47:41.427673,feet
3,322,feet2,9,cue,white,-1,-1,-1,c,c,-1,0.34917876859617536,-1,1,none,none,-1,-1,-1,1602847,50581,15:47:41.427673,feet
3,323,feet2,9,gabor,90,0.018278902818462617,4,4,-1,q,0.48485887599235866,-1,1,-1,incongruent,CR,3,4,1.9048356135608628,1605530,50581,15:47:41.427673,feet
3,324,feet2,9,cue,white,-1,-1,-1,c,c,-1,0.2995208891479706,-1,1,none,none,-1,-1,-1,1611264,50581,15:47:41.427673,feet
3,325,feet2,10,gabor,90,0.018278902818462617,4,4,-1,c,0.3122230674380262,-1,1,-1,congruent,CR,4,4,1.1972076634692712,1633197,50581,15:47:41.427673,feet
3,326,feet2,10,cue,white,-1,-1,-1,c,c,-1,0.6380737416766351,-1,1,none,none,-1,-1,-1,1638230,50581,15:47:41.427673,feet
3,327,feet2,10,cue,white,-1,-1,-1,c,c,-1,0.2798449734445967,-1,1,none,none,-1,-1,-1,1641196,50581,15:47:41.427673,feet
3,328,feet2,10,cue,white,-1,-1,-1,c,c,-1,0.07066587461213203,-1,1,none,none,-1,-1,-1,1643813,50581,15:47:41.427673,feet
3,329,feet2,10,cue,white,-1,-1,-1,c,c,-1,0.28751604620083526,-1,1,none,none,-1,-1,-1,1646414,50581,15:47:41.427673,feet
3,330,feet2,10,cue,white,-1,-1,-1,c,c,-1,0.2703668191252291,-1,1,none,none,-1,-1,-1,1649230,50581,15:47:41.427673,feet
3,331,feet2,10,cue,black,-1,-1,-1,q,q,-1,0.22614208821960347,-1,1,none,none,-1,-1,-1,1651929,50581,15:47:41.427673,feet
3,332,feet2,10,gabor,90,0.018278902818462617,4,4,-1,c,0.3201230013528402,-1,1,-1,congruent,CR,3,4,3.870994113737652,1654579,50581,15:47:41.427673,feet
3,333,feet2,10,cue,black,-1,-1,-1,q,q,-1,0.3276139803447222,-1,1,none,none,-1,-1,-1,1662013,50581,15:47:41.427673,feet
3,334,feet2,10,cue,white,-1,-1,-1,c,c,-1,0.26941911889207404,-1,1,none,none,-1,-1,-1,1664662,50581,15:47:41.427673,feet
3,335,feet2,10,gabor,90,0.018278902818462617,4,4,-1,q,0.3341580270935083,-1,1,-1,incongruent,CR,4,3,1.667288482945878,1667463,50581,15:47:41.427673,feet
3,336,feet2,10,cue,white,-1,-1,-1,q,c,-1,0.31212438066449977,-1,0,none,none,-1,-1,-1,1672811,50581,15:47:41.427673,feet
3,337,feet2,10,cue,black,-1,-1,-1,q,q,-1,0.5018990484213646,-1,1,none,none,-1,-1,-1,1675462,50581,15:47:41.427673,feet
3,338,feet2,10,gabor,0,0.018278902818462617,3,3,-1,q,0.47464191484596086,-1,1,-1,congruent,hit,3,3,2.8816238697581866,1678496,50581,15:47:41.427673,feet
3,339,feet2,10,gabor,90,0.018278902818462617,4,4,-1,c,0.5691719411606755,-1,1,-1,congruent,CR,4,2,2.6583129783866752,1685195,50581,15:47:41.427673,feet
3,340,feet2,10,cue,black,-1,-1,-1,q,q,-1,0.5937706757440537,-1,1,none,none,-1,-1,-1,1694594,50581,15:47:41.427673,feet
3,341,feet2,10,cue,black,-1,-1,-1,q,q,-1,0.3765645405746909,-1,1,none,none,-1,-1,-1,1697611,50581,15:47:41.427673,feet
3,342,feet2,10,cue,black,-1,-1,-1,q,q,-1,0.2682963168326751,-1,1,none,none,-1,-1,-1,1700311,50581,15:47:41.427673,feet
3,343,feet2,10,cue,white,-1,-1,-1,c,c,-1,0.25328056726903014,-1,1,none,none,-1,-1,-1,1702911,50581,15:47:41.427673,feet
3,344,feet2,10,gabor,90,0.018278902818462617,4,4,-1,q,0.2071074445539125,-1,1,-1,incongruent,CR,c,4,5.58598018046996,1705695,50581,15:47:41.427673,feet
3,345,feet2,10,cue,white,-1,-1,-1,c,c,-1,0.5794791411863116,-1,1,none,none,-1,-1,-1,1717560,50581,15:47:41.427673,feet
3,346,feet2,10,cue,black,-1,-1,-1,q,q,-1,0.27024278866520035,-1,1,none,none,-1,-1,-1,1720477,50581,15:47:41.427673,feet
3,347,feet2,10,gabor,0,0.018278902818462617,3,3,-1,c,0.44213863840650447,-1,1,-1,incongruent,hit,c,3,1.642129115325588,1723077,50581,15:47:41.427673,feet
3,348,feet2,10,gabor,0,0.018278902818462617,3,3,-1,q,0.590835416187474,-1,1,-1,congruent,hit,4,4,1.1007699488400249,1728493,50581,15:47:41.427673,feet
3,349,feet2,10,gabor,0,0.018278902818462617,3,3,-1,c,0.3356222009151679,-1,1,-1,incongruent,hit,q,4,1.0875217293305468,1733443,50581,15:47:41.427673,feet
3,350,feet2,10,cue,white,-1,-1,-1,c,c,-1,0.3861678773391759,-1,1,none,none,-1,-1,-1,1738209,50581,15:47:41.427673,feet
3,351,feet2,10,cue,black,-1,-1,-1,q,q,-1,0.3171973416783658,-1,1,none,none,-1,-1,-1,1741127,50581,15:47:41.427673,feet
3,352,feet2,10,cue,white,-1,-1,-1,c,c,-1,0.3137298647297939,-1,1,none,none,-1,-1,-1,1746609,50581,15:47:41.427673,feet
3,353,feet2,10,gabor,0,0.018278902818462617,3,3,-1,q,0.5385137618131921,-1,1,-1,congruent,hit,4,3,2.139372605549397,1752093,50581,15:47:41.427673,feet
3,354,feet2,10,gabor,90,0.018278902818462617,4,4,-1,q,0.4402397819831094,-1,1,-1,incongruent,CR,4,4,1.1411958149128623,1758109,50581,15:47:41.427673,feet
3,355,feet2,10,cue,black,-1,-1,-1,q,q,-1,0.24983497804896615,-1,1,none,none,-1,-1,-1,1763025,50581,15:47:41.427673,feet
3,356,feet2,10,gabor,0,0.018278902818462617,3,3,-1,c,0.515738236593279,-1,1,-1,incongruent,hit,c,3,2.442619016443132,1765609,50581,15:47:41.427673,feet
3,357,feet2,10,cue,black,-1,-1,-1,q,q,-1,0.4073978217484182,-1,1,none,none,-1,-1,-1,1771909,50581,15:47:41.427673,feet
3,358,feet2,10,cue,black,-1,-1,-1,q,q,-1,0.32218735972128343,-1,1,none,none,-1,-1,-1,1774642,50581,15:47:41.427673,feet
3,359,feet2,10,cue,white,-1,-1,-1,c,c,-1,0.5082230659027118,-1,1,none,none,-1,-1,-1,1777391,50581,15:47:41.427673,feet
3,360,feet2,10,cue,black,-1,-1,-1,q,q,-1,0.2828435922147037,-1,1,none,none,-1,-1,-1,1780224,50581,15:47:41.427673,feet
3,361,feet2,11,cue,black,-1,-1,-1,q,q,-1,0.23586062355479953,-1,1,none,none,-1,-1,-1,1799808,50581,15:47:41.427673,feet
3,362,feet2,11,cue,white,-1,-1,-1,c,c,-1,0.6684028371100794,-1,1,none,none,-1,-1,-1,1806208,50581,15:47:41.427673,feet
3,363,feet2,11,cue,white,-1,-1,-1,c,c,-1,0.3517761123484888,-1,1,none,none,-1,-1,-1,1816740,50581,15:47:41.427673,feet
3,364,feet2,11,cue,black,-1,-1,-1,q,q,-1,0.4413909996892471,-1,1,none,none,-1,-1,-1,1823290,50581,15:47:41.427673,feet
3,365,feet2,11,cue,black,-1,-1,-1,q,q,-1,0.36221310276232543,-1,1,none,none,-1,-1,-1,1826057,50581,15:47:41.427673,feet
3,366,feet2,11,cue,black,-1,-1,-1,q,q,-1,0.31368186532654363,-1,1,none,none,-1,-1,-1,1836090,50581,15:47:41.427673,feet
3,367,feet2,11,cue,white,-1,-1,-1,c,c,-1,0.27946558615531103,-1,1,none,none,-1,-1,-1,1838941,50581,15:47:41.427673,feet
3,368,feet2,11,cue,white,-1,-1,-1,c,c,-1,0.1634229949404471,-1,1,none,none,-1,-1,-1,1841657,50581,15:47:41.427673,feet
3,369,feet2,11,cue,white,-1,-1,-1,c,c,-1,0.3910764883939919,-1,1,none,none,-1,-1,-1,1844358,50581,15:47:41.427673,feet
3,370,feet2,11,cue,black,-1,-1,-1,q,q,-1,0.33896257544074615,-1,1,none,none,-1,-1,-1,1847072,50581,15:47:41.427673,feet
3,371,feet2,11,cue,white,-1,-1,-1,c,c,-1,0.2799098686391517,-1,1,none,none,-1,-1,-1,1849940,50581,15:47:41.427673,feet
3,372,feet2,11,cue,black,-1,-1,-1,q,q,-1,0.5263130812973031,-1,1,none,none,-1,-1,-1,1859989,50581,15:47:41.427673,feet
3,373,feet2,11,cue,black,-1,-1,-1,q,q,-1,0.29619933038884483,-1,1,none,none,-1,-1,-1,1862939,50581,15:47:41.427673,feet
3,374,feet2,11,cue,black,-1,-1,-1,q,q,-1,0.6967773968126494,-1,1,none,none,-1,-1,-1,1869338,50581,15:47:41.427673,feet
3,375,feet2,11,cue,white,-1,-1,-1,c,c,-1,0.2555469071294283,-1,1,none,none,-1,-1,-1,1872574,50581,15:47:41.427673,feet
3,376,feet2,11,cue,white,-1,-1,-1,c,c,-1,0.5284557746927021,-1,1,none,none,-1,-1,-1,1875356,50581,15:47:41.427673,feet
3,377,feet2,11,cue,black,-1,-1,-1,q,q,-1,0.5270384482901136,-1,1,none,none,-1,-1,-1,1881988,50581,15:47:41.427673,feet
3,378,feet2,11,cue,white,-1,-1,-1,c,c,-1,0.3328286355990713,-1,1,none,none,-1,-1,-1,1887872,50581,15:47:41.427673,feet
3,379,feet2,11,cue,black,-1,-1,-1,q,q,-1,0.2575763219329019,-1,1,none,none,-1,-1,-1,1890739,50581,15:47:41.427673,feet
3,380,feet2,11,cue,black,-1,-1,-1,q,q,-1,0.3223705254476954,-1,1,none,none,-1,-1,-1,1893522,50581,15:47:41.427673,feet
3,381,feet2,11,cue,white,-1,-1,-1,c,c,-1,0.6820922671422522,-1,1,none,none,-1,-1,-1,1899937,50581,15:47:41.427673,feet
3,382,feet2,11,cue,black,-1,-1,-1,q,q,-1,0.31000165501882293,-1,1,none,none,-1,-1,-1,1903054,50581,15:47:41.427673,feet
3,383,feet2,11,gabor,90,0.018278902818462617,4,4,-1,c,0.34621432540279784,-1,1,-1,congruent,CR,3,1,2.3383650788591694,1930620,50581,15:47:41.427673,feet
3,384,feet2,11,gabor,0,0.018278902818462617,4,3,-1,q,0.6567001984103626,-1,0,-1,incongruent,miss,4,1,2.234677150248899,1940221,50581,15:47:41.427673,feet
3,385,feet2,11,gabor,90,0.018278902818462617,4,4,-1,q,0.30737589562068024,-1,1,-1,incongruent,CR,q,4,2.6272865476103107,1946554,50581,15:47:41.427673,feet
3,386,feet2,11,gabor,0,0.018278902818462617,3,3,-1,q,0.5250950484205532,-1,1,-1,congruent,hit,4,4,1.6439534766732322,1952920,50581,15:47:41.427673,feet
3,387,feet2,11,gabor,90,0.018278902818462617,4,4,-1,c,0.5825311352937206,-1,1,-1,congruent,CR,3,3,1.378444965226663,1961253,50581,15:47:41.427673,feet
3,388,feet2,11,cue,white,-1,-1,-1,c,c,-1,0.33934772265820357,-1,1,none,none,-1,-1,-1,1966552,50581,15:47:41.427673,feet
3,389,feet2,11,gabor,0,0.018278902818462617,3,3,-1,q,0.5121759128242047,-1,1,-1,congruent,hit,q,2,3.4808956611987014,1969419,50581,15:47:41.427673,feet
3,390,feet2,11,gabor,0,0.018278902818462617,3,3,-1,c,0.43165787253565213,-1,1,-1,incongruent,hit,q,4,1.6265527327213931,1976870,50581,15:47:41.427673,feet
3,391,feet2,11,gabor,90,0.018278902818462617,4,4,-1,q,0.4271735762131357,-1,1,-1,incongruent,CR,3,4,1.104250481625968,1982353,50581,15:47:41.427673,feet
3,392,feet2,11,gabor,90,0.018278902818462617,4,4,-1,q,0.5534880398927271,-1,1,-1,incongruent,CR,4,2,2.880496075760675,1994551,50581,15:47:41.427673,feet
3,393,feet2,11,gabor,90,0.018278902818462617,4,4,-1,c,0.4342026089407227,-1,1,-1,congruent,CR,4,4,1.1882882222134867,2001234,50581,15:47:41.427673,feet
3,394,feet2,11,gabor,0,0.018278902818462617,3,3,-1,c,0.4813783432064156,-1,1,-1,incongruent,hit,c,3,1.9154626816152813,2012601,50581,15:47:41.427673,feet
3,395,feet2,11,cue,white,-1,-1,-1,c,c,-1,0.25725184596103645,-1,1,none,none,-1,-1,-1,2018451,50581,15:47:41.427673,feet
3,396,feet2,11,gabor,0,0.018278902818462617,3,3,-1,c,0.10804627449761028,-1,1,-1,incongruent,hit,q,4,4.790055982664853,2021134,50581,15:47:41.427673,feet
