8,1,hand2,1,cue,yellow,-1,-1,-1,3,3,-1,0.15984054920772905,-1,1,none,none,-1,-1,-1,0,15224,12:53:41.454203,hand
8,2,hand2,1,gabor,90,0.01722543139318369,3,3,-1,4,0.22157262779273879,-1,1,-1,incongruent,CR,c,2,2.3706151896039955,2649,15224,12:53:41.454203,hand
8,3,hand2,1,cue,blue,-1,-1,-1,4,4,-1,0.10236123415052134,-1,1,none,none,-1,-1,-1,8600,15224,12:53:41.454203,hand
8,4,hand2,1,cue,yellow,-1,-1,-1,3,3,-1,0.13214363473616686,-1,1,none,none,-1,-1,-1,11234,15224,12:53:41.454203,hand
8,5,hand2,1,cue,yellow,-1,-1,-1,3,3,-1,0.288114649128147,-1,1,none,none,-1,-1,-1,13900,15224,12:53:41.454203,hand
8,6,hand2,1,cue,blue,-1,-1,-1,4,4,-1,0.14087341587037372,-1,1,none,none,-1,-1,-1,16532,15224,12:53:41.454203,hand
8,7,hand2,1,gabor,0,0.01722543139318369,3,4,-1,4,0.16878536849617376,-1,0,-1,incongruent,miss,3,1,0.942711147308728,18998,15224,12:53:41.454203,hand
8,8,hand2,1,cue,yellow,-1,-1,-1,3,3,-1,0.13726307883189293,-1,1,none,none,-1,-1,-1,27216,15224,12:53:41.454203,hand
8,9,hand2,1,gabor,90,0.01722543139318369,3,3,-1,3,0.1759042834455613,-1,1,-1,congruent,CR,c,1,2.988041958552458,29883,15224,12:53:41.454203,hand
8,10,hand2,1,cue,blue,-1,-1,-1,4,4,-1,0.20077997411135584,-1,1,none,none,-1,-1,-1,36381,15224,12:53:41.454203,hand
8,11,hand2,1,cue,blue,-1,-1,-1,4,4,-1,0.1776706682967415,-1,1,none,none,-1,-1,-1,38914,15224,12:53:41.454203,hand
8,12,hand2,1,cue,blue,-1,-1,-1,4,4,-1,0.15345929193335905,-1,1,none,none,-1,-1,-1,41431,15224,12:53:41.454203,hand
8,13,hand2,1,cue,yellow,-1,-1,-1,3,3,-1,0.09429307934260578,-1,1,none,none,-1,-1,-1,44116,15224,12:53:41.454203,hand
8,14,hand2,1,cue,blue,-1,-1,-1,4,4,-1,0.1411644853733378,-1,1,none,none,-1,-1,-1,46548,15224,12:53:41.454203,hand
8,15,hand2,1,cue,yellow,-1,-1,-1,3,3,-1,0.25809148260759684,-1,1,none,none,-1,-1,-1,49232,15224,12:53:41.454203,hand
8,16,hand2,1,cue,yellow,-1,-1,-1,3,3,-1,0.25574833470182057,-1,1,none,none,-1,-1,-1,51831,15224,12:53:41.454203,hand
8,17,hand2,1,cue,yellow,-1,-1,-1,3,3,-1,0.13876258597247215,-1,1,none,none,-1,-1,-1,54531,15224,12:53:41.454203,hand
8,18,hand2,1,cue,blue,-1,-1,-1,4,4,-1,0.17557827024029393,-1,1,none,none,-1,-1,-1,57097,15224,12:53:41.454203,hand
8,19,hand2,1,cue,yellow,-1,-1,-1,3,3,-1,0.23543798088394396,-1,1,none,none,-1,-1,-1,59614,15224,12:53:41.454203,hand
8,20,hand2,1,gabor,0,0.01722543139318369,3,4,-1,3,0.26823168364535377,-1,0,-1,congruent,miss,4,1,2.0843049410004824,62181,15224,12:53:41.454203,hand
8,21,hand2,1,cue,yellow,-1,-1,-1,3,3,-1,0.15978794165948784,-1,1,none,none,-1,-1,-1,70613,15224,12:53:41.454203,hand
8,22,hand2,1,gabor,90,0.01722543139318369,3,3,-1,3,0.24267439882351027,-1,1,-1,congruent,CR,q,2,1.9053686195584305,73315,15224,12:53:41.454203,hand
8,23,hand2,1,gabor,0,0.01722543139318369,3,4,-1,3,0.26625755657551053,-1,0,-1,congruent,miss,q,1,1.8813791932916502,78697,15224,12:53:41.454203,hand
8,24,hand2,1,gabor,90,0.01722543139318369,4,3,-1,3,0.31003433314526774,-1,0,-1,incongruent,FA,c,1,1.7759897611122142,84097,15224,12:53:41.454203,hand
8,25,hand2,1,cue,blue,-1,-1,-1,3,4,-1,0.25370432023100875,-1,0,none,none,-1,-1,-1,89429,15224,12:53:41.454203,hand
8,26,hand2,1,cue,blue,-1,-1,-1,4,4,-1,0.19061673327087192,-1,1,none,none,-1,-1,-1,92013,15224,12:53:41.454203,hand
8,27,hand2,1,cue,yellow,-1,-1,-1,3,3,-1,0.055501732016637106,-1,1,none,none,-1,-1,-1,94646,15224,12:53:41.454203,hand
8,28,hand2,1,cue,blue,-1,-1,-1,4,4,-1,0.09526420701422467,-1,1,none,none,-1,-1,-1,97030,15224,12:53:41.454203,hand
8,29,hand2,1,gabor,0,0.01722543139318369,4,4,-1,4,0.2206541076702706,-1,1,-1,congruent,hit,4,1,0.8866791158397973,106795,15224,12:53:41.454203,hand
8,30,hand2,1,cue,blue,-1,-1,-1,4,4,-1,0.13946760392627766,-1,1,none,none,-1,-1,-1,111346,15224,12:53:41.454203,hand
8,31,hand2,1,gabor,0,0.01722543139318369,3,4,-1,4,0.20128953774110414,-1,0,-1,incongruent,miss,4,1,1.2833212182376883,113930,15224,12:53:41.454203,hand
8,32,hand2,1,cue,yellow,-1,-1,-1,3,3,-1,0.13908168723537528,-1,1,none,none,-1,-1,-1,118847,15224,12:53:41.454203,hand
8,33,hand2,1,gabor,90,0.01722543139318369,3,3,-1,4,0.160908828045649,-1,1,-1,incongruent,CR,3,2,1.6378319699524582,121429,15224,12:53:41.454203,hand
8,34,hand2,1,cue,blue,-1,-1,-1,4,4,-1,0.13765206749576464,-1,1,none,none,-1,-1,-1,126662,15224,12:53:41.454203,hand
8,35,hand2,1,gabor,90,0.01722543139318369,3,3,-1,4,0.17639387924646144,-1,1,-1,incongruent,CR,3,3,1.5173760429834147,129128,15224,12:53:41.454203,hand
8,36,hand2,1,gabor,0,0.01722543139318369,4,4,-1,3,0.6980964131253131,-1,1,-1,incongruent,hit,4,2,1.2132414352417982,134162,15224,12:53:41.454203,hand
8,37,hand2,2,cue,blue,-1,-1,-1,4,4,-1,0.15883486183247442,-1,1,none,none,-1,-1,-1,174960,15224,12:53:41.454203,hand
8,38,hand2,2,cue,blue,-1,-1,-1,4,4,-1,0.15651859369700105,-1,1,none,none,-1,-1,-1,181459,15224,12:53:41.454203,hand
8,39,hand2,2,gabor,90,0.01722543139318369,4,3,-1,3,0.6191297943423706,-1,0,-1,incongruent,FA,c,1,2.628264308004873,183961,15224,12:53:41.454203,hand
8,40,hand2,2,cue,blue,-1,-1,-1,4,4,-1,0.16188225969744963,-1,1,none,none,-1,-1,-1,190543,15224,12:53:41.454203,hand
8,41,hand2,2,cue,yellow,-1,-1,-1,3,3,-1,0.22579159961151163,-1,1,none,none,-1,-1,-1,193244,15224,12:53:41.454203,hand
8,42,hand2,2,gabor,90,0.01722543139318369,3,3,-1,3,0.23267896454581205,-1,1,-1,congruent,CR,4,1,1.0596696322736534,195793,15224,12:53:41.454203,hand
8,43,hand2,2,cue,yellow,-1,-1,-1,3,3,-1,0.25623025056938786,-1,1,none,none,-1,-1,-1,203976,15224,12:53:41.454203,hand
8,44,hand2,2,cue,blue,-1,-1,-1,4,4,-1,0.2677981513634222,-1,1,none,none,-1,-1,-1,210325,15224,12:53:41.454203,hand
8,45,hand2,2,cue,yellow,-1,-1,-1,3,3,-1,0.20373674875372672,-1,1,none,none,-1,-1,-1,213126,15224,12:53:41.454203,hand
8,46,hand2,2,cue,blue,-1,-1,-1,4,4,-1,0.16353267754402623,-1,1,none,none,-1,-1,-1,215860,15224,12:53:41.454203,hand
8,47,hand2,2,cue,yellow,-1,-1,-1,3,3,-1,0.1702215161803906,-1,1,none,none,-1,-1,-1,218460,15224,12:53:41.454203,hand
8,48,hand2,2,cue,yellow,-1,-1,-1,3,3,-1,0.1691367254834404,-1,1,none,none,-1,-1,-1,221160,15224,12:53:41.454203,hand
8,49,hand2,2,cue,yellow,-1,-1,-1,3,3,-1,0.3081700291340894,-1,1,none,none,-1,-1,-1,223860,15224,12:53:41.454203,hand
8,50,hand2,2,cue,blue,-1,-1,-1,4,4,-1,0.26195448947873956,-1,1,none,none,-1,-1,-1,226592,15224,12:53:41.454203,hand
8,51,hand2,2,cue,yellow,-1,-1,-1,3,3,-1,0.16976648008312623,-1,1,none,none,-1,-1,-1,229292,15224,12:53:41.454203,hand
8,52,hand2,2,cue,yellow,-1,-1,-1,3,3,-1,0.13759715596643218,-1,1,none,none,-1,-1,-1,231792,15224,12:53:41.454203,hand
8,53,hand2,2,cue,yellow,-1,-1,-1,3,3,-1,0.2525162344209093,-1,1,none,none,-1,-1,-1,234358,15224,12:53:41.454203,hand
8,54,hand2,2,gabor,0,0.01722543139318369,3,4,-1,4,0.2282775942921944,-1,0,-1,incongruent,miss,3,1,0.9842649669435559,237143,15224,12:53:41.454203,hand
8,55,hand2,2,cue,yellow,-1,-1,-1,3,3,-1,0.11316498149790277,-1,1,none,none,-1,-1,-1,241793,15224,12:53:41.454203,hand
8,56,hand2,2,gabor,0,0.01722543139318369,3,4,-1,3,0.23993189434440865,-1,0,-1,congruent,miss,c,1,1.845850665985381,244342,15224,12:53:41.454203,hand
8,57,hand2,2,gabor,90,0.01722543139318369,3,3,-1,4,0.22755568048251007,-1,1,-1,incongruent,CR,c,2,1.3825486552632356,249758,15224,12:53:41.454203,hand
8,58,hand2,2,cue,blue,-1,-1,-1,4,4,-1,0.1483621196466629,-1,1,none,none,-1,-1,-1,254809,15224,12:53:41.454203,hand
8,59,hand2,2,cue,blue,-1,-1,-1,4,4,-1,0.15724357947965473,-1,1,none,none,-1,-1,-1,257291,15224,12:53:41.454203,hand
8,60,hand2,2,gabor,0,0.01722543139318369,3,4,-1,4,0.21697810719615518,-1,0,-1,incongruent,miss,q,3,1.817942937321277,259875,15224,12:53:41.454203,hand
8,61,hand2,2,cue,yellow,-1,-1,-1,3,3,-1,0.14268319234906812,-1,1,none,none,-1,-1,-1,265257,15224,12:53:41.454203,hand
8,62,hand2,2,gabor,0,0.01722543139318369,3,4,-1,4,0.1775351174583193,-1,0,-1,incongruent,miss,3,1,1.6464538480113333,267724,15224,12:53:41.454203,hand
8,63,hand2,2,cue,blue,-1,-1,-1,4,4,-1,0.1472462252168043,-1,1,none,none,-1,-1,-1,272874,15224,12:53:41.454203,hand
8,64,hand2,2,gabor,90,0.01722543139318369,3,3,-1,4,0.1580246287803675,-1,1,-1,incongruent,CR,c,4,1.657089404801809,275558,15224,12:53:41.454203,hand
8,65,hand2,2,cue,blue,-1,-1,-1,4,4,-1,0.4877545370172811,-1,1,none,none,-1,-1,-1,280607,15224,12:53:41.454203,hand
8,66,hand2,2,cue,blue,-1,-1,-1,4,4,-1,0.21069822505160118,-1,1,none,none,-1,-1,-1,283624,15224,12:53:41.454203,hand
8,67,hand2,2,cue,blue,-1,-1,-1,3,4,-1,0.20552962937745178,-1,0,none,none,-1,-1,-1,286357,15224,12:53:41.454203,hand
8,68,hand2,2,gabor,0,0.01722543139318369,3,4,-1,3,0.1793329900401659,-1,0,-1,congruent,miss,q,1,1.5283326210192172,288990,15224,12:53:41.454203,hand
8,69,hand2,2,cue,yellow,-1,-1,-1,3,3,-1,0.12110142543406255,-1,1,none,none,-1,-1,-1,294023,15224,12:53:41.454203,hand
8,70,hand2,2,gabor,90,0.01722543139318369,3,3,-1,4,0.1229753293637259,-1,1,-1,incongruent,CR,4,3,1.1468583885425687,296473,15224,12:53:41.454203,hand
8,71,hand2,2,gabor,90,0.01722543139318369,3,3,-1,3,0.24968656268811174,-1,1,-1,congruent,CR,4,2,1.914583388533174,300973,15224,12:53:41.454203,hand
8,72,hand2,2,gabor,0,0.01722543139318369,3,4,-1,3,0.18825092956012668,-1,0,-1,congruent,miss,q,1,1.4603329481851688,306490,15224,12:53:41.454203,hand
8,73,hand2,3,cue,blue,-1,-1,-1,4,4,-1,0.2052735035740625,-1,1,none,none,-1,-1,-1,343038,15224,12:53:41.454203,hand
8,74,hand2,3,gabor,90,0.01722543139318369,3,3,-1,4,0.20090093307408097,-1,1,-1,incongruent,CR,c,3,2.1400704787556606,345906,15224,12:53:41.454203,hand
8,75,hand2,3,gabor,90,0.01722543139318369,3,3,-1,3,0.3545149756791943,-1,1,-1,congruent,CR,4,3,1.7837084789161963,351488,15224,12:53:41.454203,hand
8,76,hand2,3,cue,yellow,-1,-1,-1,3,3,-1,0.1395436352740944,-1,1,none,none,-1,-1,-1,356871,15224,12:53:41.454203,hand
8,77,hand2,3,gabor,0,0.01722543139318369,3,4,-1,3,0.13523327223902015,-1,0,-1,congruent,miss,q,1,1.534385177112199,359338,15224,12:53:41.454203,hand
8,78,hand2,3,cue,blue,-1,-1,-1,4,4,-1,0.15207498380550533,-1,1,none,none,-1,-1,-1,364254,15224,12:53:41.454203,hand
8,79,hand2,3,gabor,90,0.01722543139318369,3,3,-1,3,0.1408123603932836,-1,1,-1,congruent,CR,3,2,1.3568320118083648,366837,15224,12:53:41.454203,hand
8,80,hand2,3,gabor,0,0.01722543139318369,4,4,-1,4,0.11060410745903937,-1,1,-1,congruent,hit,c,1,1.6575667127081033,371671,15224,12:53:41.454203,hand
8,81,hand2,3,cue,yellow,-1,-1,-1,3,3,-1,0.273366487608655,-1,1,none,none,-1,-1,-1,376671,15224,12:53:41.454203,hand
8,82,hand2,3,cue,blue,-1,-1,-1,4,4,-1,0.20727067044663272,-1,1,none,none,-1,-1,-1,379370,15224,12:53:41.454203,hand
8,83,hand2,3,cue,blue,-1,-1,-1,4,4,-1,0.13109148375951918,-1,1,none,none,-1,-1,-1,382105,15224,12:53:41.454203,hand
8,84,hand2,3,cue,blue,-1,-1,-1,4,4,-1,0.042861328421167855,-1,1,none,none,-1,-1,-1,384771,15224,12:53:41.454203,hand
8,85,hand2,3,gabor,90,0.01722543139318369,4,3,-1,3,0.2354852124790341,-1,0,-1,incongruent,FA,4,1,1.4275139016408502,390069,15224,12:53:41.454203,hand
8,86,hand2,3,cue,blue,-1,-1,-1,4,4,-1,0.21621088177471393,-1,1,none,none,-1,-1,-1,394970,15224,12:53:41.454203,hand
8,87,hand2,3,cue,yellow,-1,-1,-1,3,3,-1,0.2840235482144635,-1,1,none,none,-1,-1,-1,401386,15224,12:53:41.454203,hand
8,88,hand2,3,cue,blue,-1,-1,-1,4,4,-1,0.15775698307606945,-1,1,none,none,-1,-1,-1,404103,15224,12:53:41.454203,hand
8,89,hand2,3,gabor,0,0.01722543139318369,3,4,-1,4,0.17350699200414965,-1,0,-1,incongruent,miss,3,2,1.4604942268015293,406787,15224,12:53:41.454203,hand
8,90,hand2,3,gabor,90,0.01722543139318369,4,3,-1,4,0.19705712603808934,-1,0,-1,congruent,FA,3,1,1.0232805683463084,411753,15224,12:53:41.454203,hand
8,91,hand2,3,cue,yellow,-1,-1,-1,3,3,-1,0.14605429943821946,-1,1,none,none,-1,-1,-1,416320,15224,12:53:41.454203,hand
8,92,hand2,3,cue,blue,-1,-1,-1,4,4,-1,0.17468931786424946,-1,1,none,none,-1,-1,-1,422468,15224,12:53:41.454203,hand
8,93,hand2,3,cue,yellow,-1,-1,-1,3,3,-1,0.16152015080297133,-1,1,none,none,-1,-1,-1,424968,15224,12:53:41.454203,hand
8,94,hand2,3,gabor,0,0.01722543139318369,4,4,-1,3,0.15846776098078408,-1,1,-1,incongruent,hit,4,1,1.6603299530106597,427553,15224,12:53:41.454203,hand
8,95,hand2,3,cue,yellow,-1,-1,-1,3,3,-1,0.15819013136206195,-1,1,none,none,-1,-1,-1,432803,15224,12:53:41.454203,hand
8,96,hand2,3,gabor,0,0.01722543139318369,3,4,-1,4,0.2678227271526339,-1,0,-1,incongruent,miss,q,1,3.6300230129227202,435285,15224,12:53:41.454203,hand
8,97,hand2,3,cue,blue,-1,-1,-1,4,4,-1,0.13952443543803383,-1,1,none,none,-1,-1,-1,442501,15224,12:53:41.454203,hand
8,98,hand2,3,cue,yellow,-1,-1,-1,3,3,-1,0.3003841119052595,-1,1,none,none,-1,-1,-1,445170,15224,12:53:41.454203,hand
8,99,hand2,3,cue,yellow,-1,-1,-1,3,3,-1,0.24021912388070632,-1,1,none,none,-1,-1,-1,447802,15224,12:53:41.454203,hand
8,100,hand2,3,cue,yellow,-1,-1,-1,3,3,-1,0.23616949461029435,-1,1,none,none,-1,-1,-1,450468,15224,12:53:41.454203,hand
8,101,hand2,3,cue,blue,-1,-1,-1,4,4,-1,0.1547729446674566,-1,1,none,none,-1,-1,-1,455967,15224,12:53:41.454203,hand
8,102,hand2,3,cue,blue,-1,-1,-1,4,4,-1,0.1426378807382207,-1,1,none,none,-1,-1,-1,458551,15224,12:53:41.454203,hand
8,103,hand2,3,cue,blue,-1,-1,-1,4,4,-1,0.04659915236516099,-1,1,none,none,-1,-1,-1,461017,15224,12:53:41.454203,hand
8,104,hand2,3,cue,yellow,-1,-1,-1,3,3,-1,0.14431364236679656,-1,1,none,none,-1,-1,-1,463502,15224,12:53:41.454203,hand
8,105,hand2,3,cue,yellow,-1,-1,-1,3,3,-1,0.1881791221758249,-1,1,none,none,-1,-1,-1,466068,15224,12:53:41.454203,hand
8,106,hand2,3,gabor,90,0.01722543139318369,3,3,-1,4,0.22876143014218542,-1,1,-1,incongruent,CR,c,2,1.5698100253084704,472452,15224,12:53:41.454203,hand
8,107,hand2,3,cue,yellow,-1,-1,-1,3,3,-1,0.1436036324548695,-1,1,none,none,-1,-1,-1,477583,15224,12:53:41.454203,hand
8,108,hand2,3,gabor,0,0.01722543139318369,3,4,-1,3,0.17438519247298245,-1,0,-1,congruent,miss,c,3,1.9792607218605553,480051,15224,12:53:41.454203,hand
8,109,hand2,4,cue,blue,-1,-1,-1,4,4,-1,0.1755705903069611,-1,1,none,none,-1,-1,-1,513632,15224,12:53:41.454203,hand
8,110,hand2,4,gabor,90,0.01722543139318369,3,3,-1,4,0.22826223442370974,-1,1,-1,incongruent,CR,4,1,1.1502387115533566,516349,15224,12:53:41.454203,hand
8,111,hand2,4,cue,blue,-1,-1,-1,4,4,-1,0.14311902861118142,-1,1,none,none,-1,-1,-1,521167,15224,12:53:41.454203,hand
8,112,hand2,4,cue,blue,-1,-1,-1,4,4,-1,0.159010732324532,-1,1,none,none,-1,-1,-1,523833,15224,12:53:41.454203,hand
8,113,hand2,4,cue,yellow,-1,-1,-1,3,3,-1,0.1346311654033343,-1,1,none,none,-1,-1,-1,526315,15224,12:53:41.454203,hand
8,114,hand2,4,gabor,90,0.01722543139318369,3,3,-1,4,0.2135125369168236,-1,1,-1,incongruent,CR,q,2,1.4774929930199505,528983,15224,12:53:41.454203,hand
8,115,hand2,4,cue,yellow,-1,-1,-1,3,3,-1,0.1423771469735584,-1,1,none,none,-1,-1,-1,534016,15224,12:53:41.454203,hand
8,116,hand2,4,cue,blue,-1,-1,-1,4,4,-1,0.14619868219961063,-1,1,none,none,-1,-1,-1,536683,15224,12:53:41.454203,hand
8,117,hand2,4,cue,blue,-1,-1,-1,4,4,-1,0.1720708443199328,-1,1,none,none,-1,-1,-1,539367,15224,12:53:41.454203,hand
8,118,hand2,4,gabor,90,0.01722543139318369,3,3,-1,4,0.2826142803005496,-1,1,-1,incongruent,CR,4,2,1.9526174943521255,545631,15224,12:53:41.454203,hand
8,119,hand2,4,gabor,90,0.01722543139318369,3,3,-1,3,0.273403351293382,-1,1,-1,congruent,CR,q,2,2.0553327734660343,551316,15224,12:53:41.454203,hand
8,120,hand2,4,cue,yellow,-1,-1,-1,3,3,-1,0.16088732423031615,-1,1,none,none,-1,-1,-1,559814,15224,12:53:41.454203,hand
8,121,hand2,4,cue,blue,-1,-1,-1,4,4,-1,0.16964129715597664,-1,1,none,none,-1,-1,-1,562498,15224,12:53:41.454203,hand
8,122,hand2,4,gabor,0,0.01722543139318369,3,4,-1,4,0.20555881312702695,-1,0,-1,incongruent,miss,c,1,1.5234781346516684,565097,15224,12:53:41.454203,hand
8,123,hand2,4,gabor,0,0.01722543139318369,3,4,-1,4,0.5643288563151145,-1,0,-1,incongruent,miss,3,1,2.0272676061531456,570266,15224,12:53:41.454203,hand
8,124,hand2,4,gabor,0,0.01722543139318369,3,4,-1,3,0.24190410143000918,-1,0,-1,congruent,miss,4,2,1.1708758465683786,576197,15224,12:53:41.454203,hand
8,125,hand2,4,cue,blue,-1,-1,-1,4,4,-1,0.15660883292275685,-1,1,none,none,-1,-1,-1,581048,15224,12:53:41.454203,hand
8,126,hand2,4,cue,yellow,-1,-1,-1,3,3,-1,0.1385437078497489,-1,1,none,none,-1,-1,-1,583530,15224,12:53:41.454203,hand
8,127,hand2,4,cue,yellow,-1,-1,-1,3,3,-1,0.12246307775694731,-1,1,none,none,-1,-1,-1,585997,15224,12:53:41.454203,hand
8,128,hand2,4,cue,yellow,-1,-1,-1,3,3,-1,0.11416990087946033,-1,1,none,none,-1,-1,-1,588547,15224,12:53:41.454203,hand
8,129,hand2,4,cue,blue,-1,-1,-1,4,4,-1,0.11016673520953191,-1,1,none,none,-1,-1,-1,590997,15224,12:53:41.454203,hand
8,130,hand2,4,cue,yellow,-1,-1,-1,3,3,-1,0.07998152207892417,-1,1,none,none,-1,-1,-1,593530,15224,12:53:41.454203,hand
8,131,hand2,4,cue,blue,-1,-1,-1,4,4,-1,0.1527696338480382,-1,1,none,none,-1,-1,-1,596047,15224,12:53:41.454203,hand
8,132,hand2,4,gabor,0,0.01722543139318369,3,4,-1,3,0.23942386670023552,-1,0,-1,congruent,miss,3,1,1.852235379229569,602198,15224,12:53:41.454203,hand
8,133,hand2,4,gabor,90,0.01722543139318369,3,3,-1,3,0.5490884110176921,-1,1,-1,congruent,CR,4,1,1.406049637718752,607613,15224,12:53:41.454203,hand
8,134,hand2,4,gabor,90,0.01722543139318369,3,3,-1,3,0.3017534441623866,-1,1,-1,congruent,CR,3,4,1.3347418332541565,612913,15224,12:53:41.454203,hand
8,135,hand2,4,cue,yellow,-1,-1,-1,3,3,-1,0.4316065385419279,-1,1,none,none,-1,-1,-1,617996,15224,12:53:41.454203,hand
8,136,hand2,4,cue,blue,-1,-1,-1,4,4,-1,0.16737725257280545,-1,1,none,none,-1,-1,-1,620863,15224,12:53:41.454203,hand
8,137,hand2,4,cue,yellow,-1,-1,-1,3,3,-1,0.06523604853555298,-1,1,none,none,-1,-1,-1,623564,15224,12:53:41.454203,hand
8,138,hand2,4,cue,yellow,-1,-1,-1,3,3,-1,0.1451626590851447,-1,1,none,none,-1,-1,-1,626062,15224,12:53:41.454203,hand
8,139,hand2,4,cue,yellow,-1,-1,-1,3,3,-1,0.11277829681421281,-1,1,none,none,-1,-1,-1,628646,15224,12:53:41.454203,hand
8,140,hand2,4,cue,blue,-1,-1,-1,4,4,-1,0.10876399524022418,-1,1,none,none,-1,-1,-1,631297,15224,12:53:41.454203,hand
8,141,hand2,4,cue,blue,-1,-1,-1,4,4,-1,0.18861764641496848,-1,1,none,none,-1,-1,-1,633929,15224,12:53:41.454203,hand
8,142,hand2,4,cue,yellow,-1,-1,-1,3,3,-1,0.1893042325264105,-1,1,none,none,-1,-1,-1,640312,15224,12:53:41.454203,hand
8,143,hand2,4,gabor,0,0.01722543139318369,3,4,-1,4,0.19725910830584326,-1,0,-1,incongruent,miss,3,1,1.596114183725149,642829,15224,12:53:41.454203,hand
8,144,hand2,4,gabor,0,0.01722543139318369,3,4,-1,3,0.7386353294641594,-1,0,-1,congruent,miss,3,1,1.233544493122281,651511,15224,12:53:41.454203,hand
8,145,hand2,5,cue,yellow,-1,-1,-1,3,3,-1,0.11424554823042854,-1,1,none,none,-1,-1,-1,695210,15224,12:53:41.454203,hand
8,146,hand2,5,gabor,90,0.01722543139318369,3,3,-1,4,0.24296700431477802,-1,1,-1,incongruent,CR,4,2,1.0719329511030082,697910,15224,12:53:41.454203,hand
8,147,hand2,5,cue,blue,-1,-1,-1,4,4,-1,0.18668691097263945,-1,1,none,none,-1,-1,-1,702560,15224,12:53:41.454203,hand
8,148,hand2,5,cue,yellow,-1,-1,-1,3,3,-1,0.15547834661720117,-1,1,none,none,-1,-1,-1,705176,15224,12:53:41.454203,hand
8,149,hand2,5,cue,yellow,-1,-1,-1,3,3,-1,0.14034542039826192,-1,1,none,none,-1,-1,-1,707861,15224,12:53:41.454203,hand
8,150,hand2,5,gabor,0,0.01722543139318369,3,4,-1,3,0.2043319436497768,-1,0,-1,congruent,miss,3,2,1.6132627086590219,710427,15224,12:53:41.454203,hand
8,151,hand2,5,cue,blue,-1,-1,-1,4,4,-1,0.13602584144246066,-1,1,none,none,-1,-1,-1,715593,15224,12:53:41.454203,hand
8,152,hand2,5,cue,blue,-1,-1,-1,4,4,-1,0.1617881805050274,-1,1,none,none,-1,-1,-1,718159,15224,12:53:41.454203,hand
8,153,hand2,5,gabor,90,0.01722543139318369,3,3,-1,3,0.3665114167979482,-1,1,-1,congruent,CR,3,2,1.0715911940333172,720860,15224,12:53:41.454203,hand
8,154,hand2,5,gabor,90,0.01722543139318369,3,3,-1,3,0.26727130788094655,-1,1,-1,congruent,CR,4,3,0.9422434393200092,725626,15224,12:53:41.454203,hand
8,155,hand2,5,cue,yellow,-1,-1,-1,3,3,-1,0.13426675252776477,-1,1,none,none,-1,-1,-1,730076,15224,12:53:41.454203,hand
8,156,hand2,5,gabor,90,0.01722543139318369,3,3,-1,4,0.21102500624965614,-1,1,-1,incongruent,CR,4,4,1.8658572784079297,732542,15224,12:53:41.454203,hand
8,157,hand2,5,cue,yellow,-1,-1,-1,3,3,-1,0.13760637188806868,-1,1,none,none,-1,-1,-1,738059,15224,12:53:41.454203,hand
8,158,hand2,5,cue,yellow,-1,-1,-1,3,3,-1,0.16051523142050428,-1,1,none,none,-1,-1,-1,740525,15224,12:53:41.454203,hand
8,159,hand2,5,cue,blue,-1,-1,-1,4,4,-1,0.17536668805496447,-1,1,none,none,-1,-1,-1,743109,15224,12:53:41.454203,hand
8,160,hand2,5,gabor,90,0.01722543139318369,3,3,-1,3,0.19130139939898072,-1,1,-1,congruent,CR,3,3,0.957206254999619,745709,15224,12:53:41.454203,hand
8,161,hand2,5,cue,yellow,-1,-1,-1,3,3,-1,0.3158714670862537,-1,1,none,none,-1,-1,-1,753858,15224,12:53:41.454203,hand
8,162,hand2,5,cue,blue,-1,-1,-1,4,4,-1,0.2205942041837261,-1,1,none,none,-1,-1,-1,756709,15224,12:53:41.454203,hand
8,163,hand2,5,gabor,0,0.01722543139318369,3,4,-1,4,0.19447282820146938,-1,0,-1,incongruent,miss,c,1,1.9753216836415959,759358,15224,12:53:41.454203,hand
8,164,hand2,5,cue,blue,-1,-1,-1,4,4,-1,0.22793122926213982,-1,1,none,none,-1,-1,-1,768524,15224,12:53:41.454203,hand
8,165,hand2,5,cue,yellow,-1,-1,-1,3,3,-1,0.1357839235170104,-1,1,none,none,-1,-1,-1,771174,15224,12:53:41.454203,hand
8,166,hand2,5,cue,blue,-1,-1,-1,4,4,-1,0.2156521665665423,-1,1,none,none,-1,-1,-1,773640,15224,12:53:41.454203,hand
8,167,hand2,5,cue,yellow,-1,-1,-1,3,3,-1,0.1104900604368595,-1,1,none,none,-1,-1,-1,776190,15224,12:53:41.454203,hand
8,168,hand2,5,cue,blue,-1,-1,-1,4,4,-1,0.13938658062033937,-1,1,none,none,-1,-1,-1,778624,15224,12:53:41.454203,hand
8,169,hand2,5,cue,blue,-1,-1,-1,4,4,-1,0.14920960037852637,-1,1,none,none,-1,-1,-1,781292,15224,12:53:41.454203,hand
8,170,hand2,5,cue,blue,-1,-1,-1,4,4,-1,0.10000887032401806,-1,1,none,none,-1,-1,-1,783975,15224,12:53:41.454203,hand
8,171,hand2,5,cue,yellow,-1,-1,-1,3,3,-1,0.21387157383742306,-1,1,none,none,-1,-1,-1,786507,15224,12:53:41.454203,hand
8,172,hand2,5,gabor,0,0.01722543139318369,3,4,-1,3,0.17326008212148736,-1,0,-1,congruent,miss,q,3,2.510443750434206,795657,15224,12:53:41.454203,hand
8,173,hand2,5,cue,yellow,-1,-1,-1,3,3,-1,0.30220656027631776,-1,1,none,none,-1,-1,-1,801657,15224,12:53:41.454203,hand
8,174,hand2,5,cue,yellow,-1,-1,-1,3,3,-1,0.1689285992688383,-1,1,none,none,-1,-1,-1,804491,15224,12:53:41.454203,hand
8,175,hand2,5,gabor,0,0.01722543139318369,3,4,-1,4,0.27970128128163196,-1,0,-1,incongruent,miss,3,1,1.3976712135718117,806989,15224,12:53:41.454203,hand
8,176,hand2,5,cue,blue,-1,-1,-1,4,4,-1,0.18926045690295723,-1,1,none,none,-1,-1,-1,812007,15224,12:53:41.454203,hand
8,177,hand2,5,gabor,90,0.01722543139318369,4,3,-1,4,0.23226348010848596,-1,0,-1,congruent,FA,c,1,1.5933156157252597,814724,15224,12:53:41.454203,hand
8,178,hand2,5,cue,blue,-1,-1,-1,4,4,-1,0.1757752605508358,-1,1,none,none,-1,-1,-1,823539,15224,12:53:41.454203,hand
8,179,hand2,5,gabor,0,0.01722543139318369,3,4,-1,4,0.2366418105602861,-1,0,-1,incongruent,miss,q,1,1.3245928002925211,826039,15224,12:53:41.454203,hand
8,180,hand2,5,gabor,0,0.01722543139318369,3,4,-1,3,0.22226458985824138,-1,0,-1,congruent,miss,q,1,2.749358437502451,830840,15224,12:53:41.454203,hand
8,181,hand2,6,gabor,90,0.01722543139318369,3,3,-1,4,0.22599626985629584,-1,1,-1,incongruent,CR,4,1,0.8868519143579761,873204,15224,12:53:41.454203,hand
8,182,hand2,6,cue,yellow,-1,-1,-1,3,3,-1,0.12869688029513782,-1,1,none,none,-1,-1,-1,877687,15224,12:53:41.454203,hand
8,183,hand2,6,cue,blue,-1,-1,-1,4,4,-1,0.11656258435959899,-1,1,none,none,-1,-1,-1,880254,15224,12:53:41.454203,hand
8,184,hand2,6,cue,blue,-1,-1,-1,4,4,-1,0.12225687152476894,-1,1,none,none,-1,-1,-1,885737,15224,12:53:41.454203,hand
8,185,hand2,6,gabor,0,0.01722543139318369,3,4,-1,3,0.2101721495637321,-1,0,-1,congruent,miss,c,2,2.122082921016954,888388,15224,12:53:41.454203,hand
8,186,hand2,6,cue,yellow,-1,-1,-1,3,3,-1,0.18978883637100807,-1,1,none,none,-1,-1,-1,894053,15224,12:53:41.454203,hand
8,187,hand2,6,gabor,0,0.01722543139318369,3,4,-1,4,0.2065775563905845,-1,0,-1,incongruent,miss,4,1,1.4375335277127306,896771,15224,12:53:41.454203,hand
8,188,hand2,6,cue,blue,-1,-1,-1,4,4,-1,0.2872068809138,-1,1,none,none,-1,-1,-1,901855,15224,12:53:41.454203,hand
8,189,hand2,6,cue,blue,-1,-1,-1,4,4,-1,0.17032058733093436,-1,1,none,none,-1,-1,-1,904570,15224,12:53:41.454203,hand
8,190,hand2,6,cue,blue,-1,-1,-1,4,4,-1,0.1500152254693603,-1,1,none,none,-1,-1,-1,907271,15224,12:53:41.454203,hand
8,191,hand2,6,cue,yellow,-1,-1,-1,3,3,-1,0.11796033237260417,-1,1,none,none,-1,-1,-1,909853,15224,12:53:41.454203,hand
8,192,hand2,6,cue,blue,-1,-1,-1,4,4,-1,0.21439688133250456,-1,1,none,none,-1,-1,-1,916169,15224,12:53:41.454203,hand
8,193,hand2,6,cue,yellow,-1,-1,-1,3,3,-1,0.14931135950519092,-1,1,none,none,-1,-1,-1,918820,15224,12:53:41.454203,hand
8,194,hand2,6,cue,blue,-1,-1,-1,4,4,-1,0.14329374711360288,-1,1,none,none,-1,-1,-1,921504,15224,12:53:41.454203,hand
8,195,hand2,6,cue,yellow,-1,-1,-1,3,3,-1,0.1251307028787778,-1,1,none,none,-1,-1,-1,923969,15224,12:53:41.454203,hand
8,196,hand2,6,cue,yellow,-1,-1,-1,3,3,-1,0.09886532813106896,-1,1,none,none,-1,-1,-1,926519,15224,12:53:41.454203,hand
8,197,hand2,6,cue,blue,-1,-1,-1,4,4,-1,0.141691328854904,-1,1,none,none,-1,-1,-1,929153,15224,12:53:41.454203,hand
8,198,hand2,6,cue,yellow,-1,-1,-1,3,3,-1,0.016549874068914505,-1,1,none,none,-1,-1,-1,931820,15224,12:53:41.454203,hand
8,199,hand2,6,cue,yellow,-1,-1,-1,3,3,-1,0.2954478342389848,-1,1,none,none,-1,-1,-1,934170,15224,12:53:41.454203,hand
8,200,hand2,6,cue,blue,-1,-1,-1,4,4,-1,0.12528468555865402,-1,1,none,none,-1,-1,-1,936903,15224,12:53:41.454203,hand
8,201,hand2,6,cue,yellow,-1,-1,-1,3,3,-1,0.11922291354494519,-1,1,none,none,-1,-1,-1,939352,15224,12:53:41.454203,hand
8,202,hand2,6,cue,yellow,-1,-1,-1,3,3,-1,0.09712351906910044,-1,1,none,none,-1,-1,-1,942003,15224,12:53:41.454203,hand
8,203,hand2,6,cue,yellow,-1,-1,-1,3,3,-1,0.20663707588028046,-1,1,none,none,-1,-1,-1,944636,15224,12:53:41.454203,hand
8,204,hand2,6,gabor,0,0.01722543139318369,3,4,-1,4,0.28653027871678205,-1,0,-1,incongruent,miss,q,1,1.7664708667452942,950835,15224,12:53:41.454203,hand
8,205,hand2,6,gabor,90,0.01722543139318369,4,3,-1,4,0.730176650004978,-1,0,-1,congruent,FA,3,1,1.7271062123372758,956135,15224,12:53:41.454203,hand
8,206,hand2,6,cue,blue,-1,-1,-1,3,4,-1,0.4438948171582524,-1,0,none,none,-1,-1,-1,961935,15224,12:53:41.454203,hand
8,207,hand2,6,cue,blue,-1,-1,-1,4,4,-1,0.1677869770592224,-1,1,none,none,-1,-1,-1,964801,15224,12:53:41.454203,hand
8,208,hand2,6,gabor,90,0.01722543139318369,3,3,-1,4,0.22856290384515887,-1,1,-1,incongruent,CR,c,3,2.0705175392413366,967301,15224,12:53:41.454203,hand
8,209,hand2,6,gabor,0,0.01722543139318369,3,4,-1,3,0.22118325513292802,-1,0,-1,congruent,miss,q,1,1.8100226212463895,973036,15224,12:53:41.454203,hand
8,210,hand2,6,gabor,90,0.01722543139318369,3,3,-1,3,0.24401339534142608,-1,1,-1,congruent,CR,q,3,1.998876425635899,978301,15224,12:53:41.454203,hand
8,211,hand2,6,cue,blue,-1,-1,-1,4,4,-1,0.16372083593068965,-1,1,none,none,-1,-1,-1,983884,15224,12:53:41.454203,hand
8,212,hand2,6,gabor,0,0.01722543139318369,3,4,-1,4,0.20448515833504644,-1,0,-1,incongruent,miss,c,1,1.6535255313656307,986384,15224,12:53:41.454203,hand
8,213,hand2,6,gabor,0,0.01722543139318369,3,4,-1,3,0.237239693432457,-1,0,-1,congruent,miss,4,2,1.8122225383795012,991584,15224,12:53:41.454203,hand
8,214,hand2,6,cue,yellow,-1,-1,-1,3,3,-1,0.14201964603944361,-1,1,none,none,-1,-1,-1,997068,15224,12:53:41.454203,hand
8,215,hand2,6,gabor,90,0.01722543139318369,3,3,-1,3,0.10670846086850361,-1,1,-1,congruent,CR,c,2,4.155671112965138,999533,15224,12:53:41.454203,hand
8,216,hand2,6,gabor,90,0.01722543139318369,3,3,-1,3,0.15326230162281718,-1,1,-1,congruent,CR,4,1,1.1033511776604428,1007235,15224,12:53:41.454203,hand
8,217,hand2,7,gabor,0,0.01722543139318369,3,4,-1,4,0.20795917654231744,-1,0,-1,incongruent,miss,4,1,1.6409492552193115,1047415,15224,12:53:41.454203,hand
8,218,hand2,7,cue,yellow,-1,-1,-1,3,3,-1,0.1687534967704778,-1,1,none,none,-1,-1,-1,1052731,15224,12:53:41.454203,hand
8,219,hand2,7,gabor,0,0.01722543139318369,3,4,-1,4,0.16651863593597227,-1,0,-1,incongruent,miss,4,1,0.9064703061112596,1055231,15224,12:53:41.454203,hand
8,220,hand2,7,cue,yellow,-1,-1,-1,3,3,-1,0.14325496344554267,-1,1,none,none,-1,-1,-1,1059749,15224,12:53:41.454203,hand
8,221,hand2,7,gabor,0,0.01722543139318369,3,4,-1,3,0.1792427508144101,-1,0,-1,congruent,miss,3,1,0.8851596408712794,1062416,15224,12:53:41.454203,hand
8,222,hand2,7,cue,blue,-1,-1,-1,4,4,-1,0.17685774726760428,-1,1,none,none,-1,-1,-1,1066731,15224,12:53:41.454203,hand
8,223,hand2,7,gabor,90,0.01722543139318369,3,3,-1,4,0.41160645406307594,-1,1,-1,incongruent,CR,3,3,1.996645788765818,1069231,15224,12:53:41.454203,hand
8,224,hand2,7,cue,yellow,-1,-1,-1,3,3,-1,0.24837905390086235,-1,1,none,none,-1,-1,-1,1074898,15224,12:53:41.454203,hand
8,225,hand2,7,cue,yellow,-1,-1,-1,3,3,-1,0.2491620231867273,-1,1,none,none,-1,-1,-1,1077682,15224,12:53:41.454203,hand
8,226,hand2,7,gabor,90,0.01722543139318369,3,3,-1,3,0.25214721358497627,-1,1,-1,congruent,CR,4,4,1.3121532269733507,1080264,15224,12:53:41.454203,hand
8,227,hand2,7,gabor,0,0.01722543139318369,4,4,-1,3,0.30275106760655035,-1,1,-1,incongruent,hit,q,1,4.136828778557174,1085265,15224,12:53:41.454203,hand
8,228,hand2,7,gabor,90,0.01722543139318369,3,3,-1,3,0.3274601037019238,-1,1,-1,congruent,CR,4,3,1.0242827997508357,1092947,15224,12:53:41.454203,hand
8,229,hand2,7,gabor,0,0.01722543139318369,3,4,-1,4,0.6681680937899728,-1,0,-1,incongruent,miss,c,1,1.768128196532416,1097531,15224,12:53:41.454203,hand
8,230,hand2,7,cue,yellow,-1,-1,-1,3,3,-1,0.16579941010422772,-1,1,none,none,-1,-1,-1,1103314,15224,12:53:41.454203,hand
8,231,hand2,7,cue,blue,-1,-1,-1,4,4,-1,0.1737600458345696,-1,1,none,none,-1,-1,-1,1106014,15224,12:53:41.454203,hand
8,232,hand2,7,cue,yellow,-1,-1,-1,3,3,-1,0.15149092481351545,-1,1,none,none,-1,-1,-1,1108513,15224,12:53:41.454203,hand
8,233,hand2,7,gabor,90,0.01722543139318369,3,3,-1,3,0.3112957623279726,-1,1,-1,congruent,CR,3,3,0.9163321095365973,1111097,15224,12:53:41.454203,hand
8,234,hand2,7,cue,blue,-1,-1,-1,4,4,-1,0.144133547911224,-1,1,none,none,-1,-1,-1,1115781,15224,12:53:41.454203,hand
8,235,hand2,7,gabor,90,0.01722543139318369,3,3,-1,4,0.37794107877743954,-1,1,-1,incongruent,CR,4,3,0.9447682176678427,1118263,15224,12:53:41.454203,hand
8,236,hand2,7,cue,blue,-1,-1,-1,4,4,-1,0.5626553986667204,-1,1,none,none,-1,-1,-1,1122913,15224,12:53:41.454203,hand
8,237,hand2,7,cue,blue,-1,-1,-1,4,4,-1,0.2755187891507376,-1,1,none,none,-1,-1,-1,1125812,15224,12:53:41.454203,hand
8,238,hand2,7,gabor,0,0.01722543139318369,3,4,-1,3,0.3412260016457367,-1,0,-1,congruent,miss,q,1,2.3393789774854667,1128614,15224,12:53:41.454203,hand
8,239,hand2,7,cue,blue,-1,-1,-1,4,4,-1,0.15006898500814714,-1,1,none,none,-1,-1,-1,1134629,15224,12:53:41.454203,hand
8,240,hand2,7,cue,yellow,-1,-1,-1,3,3,-1,0.17300856427846156,-1,1,none,none,-1,-1,-1,1137112,15224,12:53:41.454203,hand
8,241,hand2,7,cue,blue,-1,-1,-1,4,4,-1,0.1367339313692355,-1,1,none,none,-1,-1,-1,1139712,15224,12:53:41.454203,hand
8,242,hand2,7,cue,blue,-1,-1,-1,4,4,-1,0.16760765059643745,-1,1,none,none,-1,-1,-1,1142278,15224,12:53:41.454203,hand
8,243,hand2,7,cue,yellow,-1,-1,-1,3,3,-1,0.17238303364320018,-1,1,none,none,-1,-1,-1,1144980,15224,12:53:41.454203,hand
8,244,hand2,7,cue,yellow,-1,-1,-1,3,3,-1,0.06830418222307344,-1,1,none,none,-1,-1,-1,1147579,15224,12:53:41.454203,hand
8,245,hand2,7,cue,blue,-1,-1,-1,4,4,-1,0.09218109745506808,-1,1,none,none,-1,-1,-1,1150180,15224,12:53:41.454203,hand
8,246,hand2,7,cue,blue,-1,-1,-1,4,4,-1,0.05899725403924094,-1,1,none,none,-1,-1,-1,1152695,15224,12:53:41.454203,hand
8,247,hand2,7,cue,blue,-1,-1,-1,4,4,-1,0.06773125913696276,-1,1,none,none,-1,-1,-1,1155178,15224,12:53:41.454203,hand
8,248,hand2,7,cue,yellow,-1,-1,-1,3,3,-1,0.24248700843145343,-1,1,none,none,-1,-1,-1,1161344,15224,12:53:41.454203,hand
8,249,hand2,7,cue,yellow,-1,-1,-1,3,3,-1,0.1293730984962167,-1,1,none,none,-1,-1,-1,1163912,15224,12:53:41.454203,hand
8,250,hand2,7,cue,yellow,-1,-1,-1,3,3,-1,0.17734196711535333,-1,1,none,none,-1,-1,-1,1166580,15224,12:53:41.454203,hand
8,251,hand2,7,cue,blue,-1,-1,-1,4,4,-1,0.4339696542756428,-1,1,none,none,-1,-1,-1,1169078,15224,12:53:41.454203,hand
8,252,hand2,7,gabor,90,0.01722543139318369,3,3,-1,4,0.29789389326197124,-1,1,-1,incongruent,CR,c,2,1.8247911345915782,1171944,15224,12:53:41.454203,hand
8,253,hand2,8,cue,blue,-1,-1,-1,4,4,-1,0.14211295723998774,-1,1,none,none,-1,-1,-1,1203928,15224,12:53:41.454203,hand
8,254,hand2,8,cue,blue,-1,-1,-1,4,4,-1,0.1686198659162983,-1,1,none,none,-1,-1,-1,1210177,15224,12:53:41.454203,hand
8,255,hand2,8,cue,blue,-1,-1,-1,4,4,-1,0.26749632995233696,-1,1,none,none,-1,-1,-1,1212676,15224,12:53:41.454203,hand
8,256,hand2,8,cue,blue,-1,-1,-1,4,4,-1,0.2614184300755369,-1,1,none,none,-1,-1,-1,1215277,15224,12:53:41.454203,hand
8,257,hand2,8,cue,blue,-1,-1,-1,4,4,-1,0.137282278667044,-1,1,none,none,-1,-1,-1,1218078,15224,12:53:41.454203,hand
8,258,hand2,8,gabor,0,0.01722543139318369,3,4,-1,4,0.2101372058641573,-1,0,-1,incongruent,miss,3,1,0.9431128078649635,1220543,15224,12:53:41.454203,hand
8,259,hand2,8,cue,blue,-1,-1,-1,4,4,-1,0.17286034154949448,-1,1,none,none,-1,-1,-1,1224943,15224,12:53:41.454203,hand
8,260,hand2,8,gabor,90,0.01722543139318369,3,3,-1,4,0.22067407549911877,-1,1,-1,incongruent,CR,c,2,1.737669193748843,1227644,15224,12:53:41.454203,hand
8,261,hand2,8,cue,yellow,-1,-1,-1,3,3,-1,0.36142730039955495,-1,1,none,none,-1,-1,-1,1232843,15224,12:53:41.454203,hand
8,262,hand2,8,gabor,90,0.01722543139318369,3,3,-1,4,0.31825416665196826,-1,1,-1,incongruent,CR,3,1,0.941278455596148,1235744,15224,12:53:41.454203,hand
8,263,hand2,8,cue,yellow,-1,-1,-1,3,3,-1,0.1529040326950053,-1,1,none,none,-1,-1,-1,1240342,15224,12:53:41.454203,hand
8,264,hand2,8,cue,yellow,-1,-1,-1,3,3,-1,0.3128160052892781,-1,1,none,none,-1,-1,-1,1242825,15224,12:53:41.454203,hand
8,265,hand2,8,cue,blue,-1,-1,-1,4,4,-1,0.20076768621675,-1,1,none,none,-1,-1,-1,1245475,15224,12:53:41.454203,hand
8,266,hand2,8,cue,yellow,-1,-1,-1,3,3,-1,0.25749052776063763,-1,1,none,none,-1,-1,-1,1248209,15224,12:53:41.454203,hand
8,267,hand2,8,cue,yellow,-1,-1,-1,3,3,-1,0.17534364825314697,-1,1,none,none,-1,-1,-1,1250993,15224,12:53:41.454203,hand
8,268,hand2,8,gabor,90,0.01722543139318369,4,3,-1,3,0.709203517871174,-1,0,-1,incongruent,FA,4,2,1.1641681920937117,1253592,15224,12:53:41.454203,hand
8,269,hand2,8,cue,yellow,-1,-1,-1,3,3,-1,0.1269358713980182,-1,1,none,none,-1,-1,-1,1258708,15224,12:53:41.454203,hand
8,270,hand2,8,gabor,0,0.01722543139318369,3,4,-1,4,0.151786218280904,-1,0,-1,incongruent,miss,4,1,2.039755563056133,1261258,15224,12:53:41.454203,hand
8,271,hand2,8,gabor,0,0.01722543139318369,3,4,-1,4,0.26438710861566506,-1,0,-1,incongruent,miss,q,1,2.6384156449475995,1266893,15224,12:53:41.454203,hand
8,272,hand2,8,gabor,0,0.01722543139318369,3,4,-1,3,0.2991349706189794,-1,0,-1,congruent,miss,3,1,0.9220920601392208,1273242,15224,12:53:41.454203,hand
8,273,hand2,8,cue,blue,-1,-1,-1,4,4,-1,0.15659232106463605,-1,1,none,none,-1,-1,-1,1281457,15224,12:53:41.454203,hand
8,274,hand2,8,cue,yellow,-1,-1,-1,3,3,-1,0.24043109006288432,-1,1,none,none,-1,-1,-1,1283941,15224,12:53:41.454203,hand
8,275,hand2,8,cue,blue,-1,-1,-1,4,4,-1,0.19125915976110264,-1,1,none,none,-1,-1,-1,1286608,15224,12:53:41.454203,hand
8,276,hand2,8,cue,yellow,-1,-1,-1,3,3,-1,0.06318704210843862,-1,1,none,none,-1,-1,-1,1289325,15224,12:53:41.454203,hand
8,277,hand2,8,cue,blue,-1,-1,-1,4,4,-1,0.11608604444609227,-1,1,none,none,-1,-1,-1,1291926,15224,12:53:41.454203,hand
8,278,hand2,8,cue,yellow,-1,-1,-1,3,3,-1,0.04297499144649919,-1,1,none,none,-1,-1,-1,1294575,15224,12:53:41.454203,hand
8,279,hand2,8,cue,yellow,-1,-1,-1,3,3,-1,0.17373815802238823,-1,1,none,none,-1,-1,-1,1297141,15224,12:53:41.454203,hand
8,280,hand2,8,cue,blue,-1,-1,-1,4,4,-1,0.14953906955270213,-1,1,none,none,-1,-1,-1,1299740,15224,12:53:41.454203,hand
8,281,hand2,8,cue,yellow,-1,-1,-1,3,3,-1,0.11037831739577086,-1,1,none,none,-1,-1,-1,1302324,15224,12:53:41.454203,hand
8,282,hand2,8,cue,blue,-1,-1,-1,4,4,-1,0.29016442354986793,-1,1,none,none,-1,-1,-1,1308623,15224,12:53:41.454203,hand
8,283,hand2,8,cue,yellow,-1,-1,-1,3,3,-1,0.12498363214035635,-1,1,none,none,-1,-1,-1,1311340,15224,12:53:41.454203,hand
8,284,hand2,8,gabor,90,0.01722543139318369,3,3,-1,3,0.4117416209037401,-1,1,-1,congruent,CR,3,3,1.104688638190055,1313790,15224,12:53:41.454203,hand
8,285,hand2,8,gabor,0,0.01722543139318369,3,4,-1,3,0.4980214569677628,-1,0,-1,congruent,miss,4,2,1.2790212231138867,1325889,15224,12:53:41.454203,hand
8,286,hand2,8,gabor,90,0.01722543139318369,4,3,-1,4,0.23775156104329653,-1,0,-1,congruent,FA,3,1,1.3777275766078674,1331107,15224,12:53:41.454203,hand
8,287,hand2,8,gabor,90,0.01722543139318369,3,3,-1,3,0.26248402093642653,-1,1,-1,congruent,CR,q,4,2.3383702181372428,1336055,15224,12:53:41.454203,hand
8,288,hand2,8,gabor,0,0.01722543139318369,3,4,-1,3,0.4781910990323013,-1,0,-1,congruent,miss,3,1,1.0770800429618248,1342107,15224,12:53:41.454203,hand
8,289,hand2,9,gabor,90,0.01722543139318369,3,3,-1,4,0.2998204047398758,-1,1,-1,incongruent,CR,3,1,1.0907641496069118,1383271,15224,12:53:41.454203,hand
8,290,hand2,9,cue,yellow,-1,-1,-1,3,3,-1,0.15654700945287914,-1,1,none,none,-1,-1,-1,1388238,15224,12:53:41.454203,hand
8,291,hand2,9,cue,blue,-1,-1,-1,4,4,-1,0.1233815978794155,-1,1,none,none,-1,-1,-1,1390721,15224,12:53:41.454203,hand
8,292,hand2,9,cue,blue,-1,-1,-1,4,4,-1,0.12722079695413413,-1,1,none,none,-1,-1,-1,1393372,15224,12:53:41.454203,hand
8,293,hand2,9,cue,blue,-1,-1,-1,4,4,-1,0.1209213309793995,-1,1,none,none,-1,-1,-1,1395921,15224,12:53:41.454203,hand
8,294,hand2,9,cue,yellow,-1,-1,-1,3,3,-1,0.17593692316495435,-1,1,none,none,-1,-1,-1,1398571,15224,12:53:41.454203,hand
8,295,hand2,9,cue,yellow,-1,-1,-1,3,3,-1,0.1017618152900468,-1,1,none,none,-1,-1,-1,1401070,15224,12:53:41.454203,hand
8,296,hand2,9,cue,blue,-1,-1,-1,4,4,-1,0.1466498783311181,-1,1,none,none,-1,-1,-1,1403704,15224,12:53:41.454203,hand
8,297,hand2,9,cue,yellow,-1,-1,-1,3,3,-1,0.10949666095712018,-1,1,none,none,-1,-1,-1,1406188,15224,12:53:41.454203,hand
8,298,hand2,9,cue,blue,-1,-1,-1,4,4,-1,0.02239161596935446,-1,1,none,none,-1,-1,-1,1408822,15224,12:53:41.454203,hand
8,299,hand2,9,cue,yellow,-1,-1,-1,3,3,-1,0.2370012314777341,-1,1,none,none,-1,-1,-1,1414836,15224,12:53:41.454203,hand
8,300,hand2,9,cue,yellow,-1,-1,-1,3,3,-1,0.1958348645202932,-1,1,none,none,-1,-1,-1,1417604,15224,12:53:41.454203,hand
8,301,hand2,9,cue,yellow,-1,-1,-1,3,3,-1,0.14967308440373017,-1,1,none,none,-1,-1,-1,1420337,15224,12:53:41.454203,hand
8,302,hand2,9,cue,yellow,-1,-1,-1,3,3,-1,0.1655263884458691,-1,1,none,none,-1,-1,-1,1422919,15224,12:53:41.454203,hand
8,303,hand2,9,cue,yellow,-1,-1,-1,3,3,-1,0.08635855538886972,-1,1,none,none,-1,-1,-1,1425621,15224,12:53:41.454203,hand
8,304,hand2,9,cue,blue,-1,-1,-1,4,4,-1,0.025278119214817707,-1,1,none,none,-1,-1,-1,1428237,15224,12:53:41.454203,hand
8,305,hand2,9,cue,blue,-1,-1,-1,4,4,-1,0.1301518438176572,-1,1,none,none,-1,-1,-1,1430586,15224,12:53:41.454203,hand
8,306,hand2,9,cue,blue,-1,-1,-1,4,4,-1,0.09904427059609588,-1,1,none,none,-1,-1,-1,1433153,15224,12:53:41.454203,hand
8,307,hand2,9,gabor,90,0.01722543139318369,3,3,-1,4,0.3127699256847336,-1,1,-1,incongruent,CR,q,3,1.7028030607616529,1435586,15224,12:53:41.454203,hand
8,308,hand2,9,cue,blue,-1,-1,-1,4,4,-1,0.20356318224185088,-1,1,none,none,-1,-1,-1,1441036,15224,12:53:41.454203,hand
8,309,hand2,9,cue,yellow,-1,-1,-1,3,3,-1,0.16837641200436337,-1,1,none,none,-1,-1,-1,1443569,15224,12:53:41.454203,hand
8,310,hand2,9,cue,blue,-1,-1,-1,4,4,-1,0.30525472613589955,-1,1,none,none,-1,-1,-1,1446270,15224,12:53:41.454203,hand
8,311,hand2,9,gabor,90,0.01722543139318369,3,3,-1,3,0.458164902777753,-1,1,-1,congruent,CR,3,2,1.427078065378737,1448903,15224,12:53:41.454203,hand
8,312,hand2,9,cue,yellow,-1,-1,-1,3,3,-1,0.2137475429017286,-1,1,none,none,-1,-1,-1,1454018,15224,12:53:41.454203,hand
8,313,hand2,9,gabor,0,0.01722543139318369,3,4,-1,4,0.4165108600027452,-1,0,-1,incongruent,miss,4,1,0.7565410959032306,1456770,15224,12:53:41.454203,hand
8,314,hand2,9,cue,yellow,-1,-1,-1,3,3,-1,0.14734337638310535,-1,1,none,none,-1,-1,-1,1461285,15224,12:53:41.454203,hand
8,315,hand2,9,cue,blue,-1,-1,-1,4,4,-1,0.15821585914090974,-1,1,none,none,-1,-1,-1,1463970,15224,12:53:41.454203,hand
8,316,hand2,9,gabor,90,0.01722543139318369,3,3,-1,4,0.2508535286797269,-1,1,-1,incongruent,CR,3,3,1.114797351498055,1470318,15224,12:53:41.454203,hand
8,317,hand2,9,gabor,0,0.01722543139318369,3,4,-1,3,0.566484997824773,-1,0,-1,congruent,miss,3,1,1.173372593156273,1475135,15224,12:53:41.454203,hand
8,318,hand2,9,gabor,0,0.01722543139318369,4,4,-1,3,0.17424196170031792,-1,1,-1,incongruent,hit,c,1,2.612297724934251,1480218,15224,12:53:41.454203,hand
8,319,hand2,9,gabor,0,0.01722543139318369,3,4,-1,4,0.28185473481335066,-1,0,-1,incongruent,miss,q,1,2.186831677730879,1486334,15224,12:53:41.454203,hand
8,320,hand2,9,gabor,0,0.01722543139318369,3,4,-1,4,0.25154433875559334,-1,0,-1,incongruent,miss,q,1,1.9635118649221113,1492150,15224,12:53:41.454203,hand
8,321,hand2,9,cue,blue,-1,-1,-1,4,4,-1,0.5422893653258143,-1,1,none,none,-1,-1,-1,1497617,15224,12:53:41.454203,hand
8,322,hand2,9,gabor,0,0.01722543139318369,3,4,-1,3,0.22002588905797893,-1,0,-1,congruent,miss,4,2,1.3040643363447089,1500685,15224,12:53:41.454203,hand
8,323,hand2,9,gabor,90,0.01722543139318369,3,3,-1,3,0.1897512046934935,-1,1,-1,congruent,CR,q,2,2.626758272920597,1505651,15224,12:53:41.454203,hand
8,324,hand2,9,gabor,90,0.01722543139318369,4,3,-1,3,0.18442094640613504,-1,0,-1,incongruent,FA,c,3,3.1611845376819474,1511701,15224,12:53:41.454203,hand
8,325,hand2,10,gabor,90,0.01722543139318369,3,3,-1,3,0.20278251693707716,-1,1,-1,congruent,CR,4,1,0.9737254093315642,1541183,15224,12:53:41.454203,hand
8,326,hand2,10,cue,blue,-1,-1,-1,4,4,-1,0.16339751070336206,-1,1,none,none,-1,-1,-1,1545866,15224,12:53:41.454203,hand
8,327,hand2,10,cue,yellow,-1,-1,-1,3,3,-1,0.17038586677062995,-1,1,none,none,-1,-1,-1,1548367,15224,12:53:41.454203,hand
8,328,hand2,10,cue,blue,-1,-1,-1,4,4,-1,0.13530623161295807,-1,1,none,none,-1,-1,-1,1551067,15224,12:53:41.454203,hand
8,329,hand2,10,gabor,0,0.01722543139318369,3,4,-1,4,0.14212870110441145,-1,0,-1,incongruent,miss,4,1,0.7220213279451855,1553532,15224,12:53:41.454203,hand
8,330,hand2,10,cue,yellow,-1,-1,-1,3,3,-1,0.02683292188157793,-1,1,none,none,-1,-1,-1,1557833,15224,12:53:41.454203,hand
8,331,hand2,10,cue,blue,-1,-1,-1,4,4,-1,0.1376536034822493,-1,1,none,none,-1,-1,-1,1560182,15224,12:53:41.454203,hand
8,332,hand2,10,cue,yellow,-1,-1,-1,3,3,-1,0.12754911413867376,-1,1,none,none,-1,-1,-1,1562748,15224,12:53:41.454203,hand
8,333,hand2,10,cue,blue,-1,-1,-1,4,4,-1,0.2413008426037777,-1,1,none,none,-1,-1,-1,1568983,15224,12:53:41.454203,hand
8,334,hand2,10,cue,yellow,-1,-1,-1,3,3,-1,0.14910515327392204,-1,1,none,none,-1,-1,-1,1571548,15224,12:53:41.454203,hand
8,335,hand2,10,cue,yellow,-1,-1,-1,3,3,-1,0.10494437999659567,-1,1,none,none,-1,-1,-1,1574032,15224,12:53:41.454203,hand
8,336,hand2,10,cue,yellow,-1,-1,-1,3,3,-1,0.1667014183685751,-1,1,none,none,-1,-1,-1,1576666,15224,12:53:41.454203,hand
8,337,hand2,10,cue,blue,-1,-1,-1,4,4,-1,0.006573255627699837,-1,1,none,none,-1,-1,-1,1579264,15224,12:53:41.454203,hand
8,338,hand2,10,cue,blue,-1,-1,-1,4,4,-1,0.152431332748165,-1,1,none,none,-1,-1,-1,1581699,15224,12:53:41.454203,hand
8,339,hand2,10,cue,blue,-1,-1,-1,4,4,-1,0.11530806711834884,-1,1,none,none,-1,-1,-1,1584181,15224,12:53:41.454203,hand
8,340,hand2,10,gabor,0,0.01722543139318369,3,4,-1,4,0.2851882102258969,-1,0,-1,incongruent,miss,q,1,2.9941732339702867,1586631,15224,12:53:41.454203,hand
8,341,hand2,10,gabor,0,0.01722543139318369,3,4,-1,3,0.16984404741742765,-1,0,-1,congruent,miss,3,1,0.8887477060989113,1593247,15224,12:53:41.454203,hand
8,342,hand2,10,cue,blue,-1,-1,-1,4,4,-1,0.24553287030994397,-1,1,none,none,-1,-1,-1,1597547,15224,12:53:41.454203,hand
8,343,hand2,10,cue,blue,-1,-1,-1,4,4,-1,0.20138361693352635,-1,1,none,none,-1,-1,-1,1600231,15224,12:53:41.454203,hand
8,344,hand2,10,cue,yellow,-1,-1,-1,3,3,-1,0.028224909943673993,-1,1,none,none,-1,-1,-1,1602965,15224,12:53:41.454203,hand
8,345,hand2,10,cue,yellow,-1,-1,-1,3,3,-1,0.16920622888756043,-1,1,none,none,-1,-1,-1,1605532,15224,12:53:41.454203,hand
8,346,hand2,10,gabor,0,0.01722543139318369,4,4,-1,4,0.03294768544128601,-1,1,-1,congruent,hit,c,1,3.5248006193096444,1608030,15224,12:53:41.454203,hand
8,347,hand2,10,gabor,90,0.01722543139318369,3,3,-1,4,0.1625427340331953,-1,1,-1,incongruent,CR,4,2,1.8005259986894089,1614830,15224,12:53:41.454203,hand
8,348,hand2,10,cue,yellow,-1,-1,-1,3,3,-1,0.27417518467336777,-1,1,none,none,-1,-1,-1,1620030,15224,12:53:41.454203,hand
8,349,hand2,10,gabor,90,0.01722543139318369,3,3,-1,3,0.16612465531488851,-1,1,-1,congruent,CR,c,2,2.0081249863196717,1622831,15224,12:53:41.454203,hand
8,350,hand2,10,cue,yellow,-1,-1,-1,3,3,-1,0.2596566531847202,-1,1,none,none,-1,-1,-1,1628246,15224,12:53:41.454203,hand
8,351,hand2,10,gabor,90,0.01722543139318369,4,3,-1,4,0.20170079821400577,-1,0,-1,congruent,FA,4,1,2.065589325506153,1630829,15224,12:53:41.454203,hand
8,352,hand2,10,gabor,90,0.01722543139318369,3,3,-1,3,0.19524389358866756,-1,1,-1,congruent,CR,3,3,1.9573375818727072,1636347,15224,12:53:41.454203,hand
8,353,hand2,10,gabor,90,0.01722543139318369,4,3,-1,4,0.05572829007451219,-1,0,-1,congruent,FA,q,1,3.43076020980061,1645596,15224,12:53:41.454203,hand
8,354,hand2,10,cue,blue,-1,-1,-1,4,4,-1,0.1713381786039463,-1,1,none,none,-1,-1,-1,1655362,15224,12:53:41.454203,hand
8,355,hand2,10,cue,blue,-1,-1,-1,4,4,-1,0.15228311002010742,-1,1,none,none,-1,-1,-1,1658063,15224,12:53:41.454203,hand
8,356,hand2,10,cue,yellow,-1,-1,-1,3,3,-1,0.14880793982320029,-1,1,none,none,-1,-1,-1,1663378,15224,12:53:41.454203,hand
8,357,hand2,10,gabor,0,0.01722543139318369,3,4,-1,3,0.20963801014386263,-1,0,-1,congruent,miss,c,1,3.0865797374917747,1665861,15224,12:53:41.454203,hand
8,358,hand2,10,gabor,0,0.01722543139318369,3,4,-1,3,0.09425045570787915,-1,0,-1,congruent,miss,3,1,0.8022416959747716,1672613,15224,12:53:41.454203,hand
8,359,hand2,10,cue,blue,-1,-1,-1,4,4,-1,0.08710274100667448,-1,1,none,none,-1,-1,-1,1676761,15224,12:53:41.454203,hand
8,360,hand2,10,cue,yellow,-1,-1,-1,3,3,-1,0.24498452301213547,-1,1,none,none,-1,-1,-1,1679379,15224,12:53:41.454203,hand
8,361,hand2,11,cue,yellow,-1,-1,-1,3,3,-1,0.14375876712438185,-1,1,none,none,-1,-1,-1,1698827,15224,12:53:41.454203,hand
8,362,hand2,11,gabor,90,0.01722543139318369,3,3,-1,3,0.029450627431288012,-1,1,-1,congruent,CR,q,1,2.1866331514338526,1701377,15224,12:53:41.454203,hand
8,363,hand2,11,cue,blue,-1,-1,-1,3,4,-1,0.43714645903219207,-1,0,none,none,-1,-1,-1,1710510,15224,12:53:41.454203,hand
8,364,hand2,11,gabor,90,0.01722543139318369,3,3,-1,3,0.20203948330981802,-1,1,-1,congruent,CR,c,2,2.411889843632707,1713377,15224,12:53:41.454203,hand
8,365,hand2,11,cue,blue,-1,-1,-1,4,4,-1,0.1556380892479865,-1,1,none,none,-1,-1,-1,1719427,15224,12:53:41.454203,hand
8,366,hand2,11,cue,blue,-1,-1,-1,4,4,-1,0.16937019548186072,-1,1,none,none,-1,-1,-1,1721911,15224,12:53:41.454203,hand
8,367,hand2,11,cue,blue,-1,-1,-1,4,4,-1,0.1442606508207973,-1,1,none,none,-1,-1,-1,1724611,15224,12:53:41.454203,hand
8,368,hand2,11,gabor,0,0.01722543139318369,4,4,-1,4,0.035154898511791544,-1,1,-1,congruent,hit,3,1,3.0601945557718864,1727193,15224,12:53:41.454203,hand
8,369,hand2,11,gabor,0,0.01722543139318369,3,4,-1,4,0.19684170388518396,-1,0,-1,incongruent,miss,4,2,1.0797653319332312,1733626,15224,12:53:41.454203,hand
8,370,hand2,11,cue,yellow,-1,-1,-1,3,3,-1,0.31424101706852525,-1,1,none,none,-1,-1,-1,1741909,15224,12:53:41.454203,hand
8,371,hand2,11,cue,yellow,-1,-1,-1,3,3,-1,0.17418858615928912,-1,1,none,none,-1,-1,-1,1744559,15224,12:53:41.454203,hand
8,372,hand2,11,cue,blue,-1,-1,-1,4,4,-1,0.18093963226237975,-1,1,none,none,-1,-1,-1,1747260,15224,12:53:41.454203,hand
8,373,hand2,11,cue,yellow,-1,-1,-1,3,3,-1,0.0898175977245046,-1,1,none,none,-1,-1,-1,1749876,15224,12:53:41.454203,hand
8,374,hand2,11,gabor,90,0.01722543139318369,4,3,-1,4,0.11763854313176125,-1,0,-1,congruent,FA,q,1,2.771546919213506,1752292,15224,12:53:41.454203,hand
8,375,hand2,11,gabor,90,0.01722543139318369,3,3,-1,4,0.18221488532526564,-1,1,-1,incongruent,CR,3,4,2.1022706109270075,1758426,15224,12:53:41.454203,hand
8,376,hand2,11,cue,blue,-1,-1,-1,3,4,-1,0.42310830742280814,-1,0,none,none,-1,-1,-1,1763959,15224,12:53:41.454203,hand
8,377,hand2,11,cue,yellow,-1,-1,-1,3,3,-1,0.1839774302097794,-1,1,none,none,-1,-1,-1,1766809,15224,12:53:41.454203,hand
8,378,hand2,11,cue,blue,-1,-1,-1,4,4,-1,0.19179214719042648,-1,1,none,none,-1,-1,-1,1769325,15224,12:53:41.454203,hand
8,379,hand2,11,cue,yellow,-1,-1,-1,3,3,-1,0.15663840066918056,-1,1,none,none,-1,-1,-1,1771941,15224,12:53:41.454203,hand
8,380,hand2,11,cue,yellow,-1,-1,-1,3,3,-1,0.029449091444803344,-1,1,none,none,-1,-1,-1,1774425,15224,12:53:41.454203,hand
8,381,hand2,11,cue,blue,-1,-1,-1,4,4,-1,0.10123036384811712,-1,1,none,none,-1,-1,-1,1776993,15224,12:53:41.454203,hand
8,382,hand2,11,gabor,0,0.01722543139318369,3,4,-1,3,0.4991504072859243,-1,0,-1,congruent,miss,q,1,2.9400266263310186,1779525,15224,12:53:41.454203,hand
8,383,hand2,11,cue,yellow,-1,-1,-1,3,3,-1,0.1938223377801478,-1,1,none,none,-1,-1,-1,1786307,15224,12:53:41.454203,hand
8,384,hand2,11,cue,yellow,-1,-1,-1,3,3,-1,0.3116206235417849,-1,1,none,none,-1,-1,-1,1789025,15224,12:53:41.454203,hand
8,385,hand2,11,gabor,0,0.01722543139318369,3,4,-1,3,0.21845879849752237,-1,0,-1,congruent,miss,q,1,2.2013732490231632,1791876,15224,12:53:41.454203,hand
8,386,hand2,11,cue,blue,-1,-1,-1,4,4,-1,0.1322158261173172,-1,1,none,none,-1,-1,-1,1797641,15224,12:53:41.454203,hand
8,387,hand2,11,gabor,90,0.01722543139318369,4,3,-1,4,0.027913104617255158,-1,0,-1,congruent,FA,4,3,0.10912072818064189,1800308,15224,12:53:41.454203,hand
8,388,hand2,11,cue,blue,-1,-1,-1,3,4,-1,0.22176117017625074,-1,0,none,none,-1,-1,-1,1803875,15224,12:53:41.454203,hand
8,389,hand2,11,cue,yellow,-1,-1,-1,3,3,-1,0.11271954531639494,-1,1,none,none,-1,-1,-1,1806624,15224,12:53:41.454203,hand
8,390,hand2,11,cue,yellow,-1,-1,-1,3,3,-1,0.14545795255253324,-1,1,none,none,-1,-1,-1,1809175,15224,12:53:41.454203,hand
8,391,hand2,11,cue,blue,-1,-1,-1,4,4,-1,0.11331397221874795,-1,1,none,none,-1,-1,-1,1811657,15224,12:53:41.454203,hand
8,392,hand2,11,gabor,90,0.01722543139318369,3,3,-1,3,0.17222674698405172,-1,1,-1,congruent,CR,q,2,3.1351242171740523,1814208,15224,12:53:41.454203,hand
8,393,hand2,11,cue,blue,-1,-1,-1,4,4,-1,0.1687534967704778,-1,1,none,none,-1,-1,-1,1820957,15224,12:53:41.454203,hand
8,394,hand2,11,cue,yellow,-1,-1,-1,3,3,-1,0.21760440582511364,-1,1,none,none,-1,-1,-1,1823456,15224,12:53:41.454203,hand
8,395,hand2,11,gabor,0,0.01722543139318369,3,4,-1,3,0.1712590752822507,-1,0,-1,congruent,miss,q,1,2.0233984553351547,1826007,15224,12:53:41.454203,hand
8,396,hand2,11,gabor,0,0.01722543139318369,4,4,-1,4,0.2542595794693625,-1,1,-1,congruent,hit,3,2,1.8302496477790555,1831440,15224,12:53:41.454203,hand
