9,1,same1,1,gabor,0,0.009722512688056607,n,n,-1,n,0.9256950025710466,-1.0,1,-1,congruent,hit,x,3,1.2865986815904762,0,15158,10:44:15.913035,same
9,2,same1,1,gabor,90,0.009722512688056607,x,x,-1,x,0.6993828044633119,-1.0,1,-1,congruent,CR,x,2,1.5322308318218347,4682,15158,10:44:15.913035,same
9,3,same1,1,gabor,0,0.009722512688056607,n,n,-1,n,1.0920962645323016,-1.0,1,-1,congruent,hit,i,2,1.5350412929274169,9449,15158,10:44:15.913035,same
9,4,same1,1,gabor,0,0.009722512688056607,x,n,-1,x,0.6576336908201483,-1.0,0,-1,congruent,miss,n,2,0.8295740840076178,14700,15158,10:44:15.913035,same
9,5,same1,1,gabor,0,0.009722512688056607,n,n,-1,x,1.2385270864479023,-1.0,1,-1,incongruent,hit,i,2,0.8423304056259442,18599,15158,10:44:15.913035,same
9,6,same1,1,cue,left,-1.0,-1,-1,x,x,-1.0,0.4062251003097117,-1,1,none,none,-1,-1,-1.0,23198,15158,10:44:15.913035,same
9,7,same1,1,gabor,90,0.009722512688056607,n,x,-1,n,1.0041771001369852,-1.0,0,-1,congruent,FA,n,2,0.6580772053130204,26065,15158,10:44:15.913035,same
9,8,same1,1,cue,right,-1.0,-1,-1,n,n,-1.0,0.4568230000850235,-1,1,none,none,-1,-1,-1.0,30149,15158,10:44:15.913035,same
9,9,same1,1,cue,left,-1.0,-1,-1,x,x,-1.0,0.36377865132453735,-1,1,none,none,-1,-1,-1.0,33066,15158,10:44:15.913035,same
9,10,same1,1,cue,right,-1.0,-1,-1,n,n,-1.0,0.335439419184695,-1,1,none,none,-1,-1,-1.0,35983,15158,10:44:15.913035,same
9,11,same1,1,cue,right,-1.0,-1,-1,n,n,-1.0,0.3364074711653302,-1,1,none,none,-1,-1,-1.0,38765,15158,10:44:15.913035,same
9,12,same1,1,gabor,0,0.009722512688056607,x,n,-1,n,0.7932661828062919,-1.0,0,-1,incongruent,miss,x,2,0.7990990703856369,41548,15158,10:44:15.913035,same
9,13,same1,1,cue,left,-1.0,-1,-1,x,x,-1.0,0.6249376487749032,-1,1,none,none,-1,-1,-1.0,45766,15158,10:44:15.913035,same
9,14,same1,1,cue,left,-1.0,-1,-1,x,x,-1.0,0.3128190280385752,-1,1,none,none,-1,-1,-1.0,48949,15158,10:44:15.913035,same
9,15,same1,1,gabor,90,0.009722512688056607,x,x,-1,x,1.0947446796499207,-1.0,1,-1,congruent,CR,n,2,1.5296135203188896,51816,15158,10:44:15.913035,same
9,16,same1,1,cue,right,-1.0,-1,-1,n,n,-1.0,0.5093370360709741,-1,1,none,none,-1,-1,-1.0,56847,15158,10:44:15.913035,same
9,17,same1,1,cue,left,-1.0,-1,-1,x,x,-1.0,0.3312772948611382,-1,1,none,none,-1,-1,-1.0,59915,15158,10:44:15.913035,same
9,18,same1,1,cue,left,-1.0,-1,-1,x,x,-1.0,0.30398982566202903,-1,1,none,none,-1,-1,-1.0,62597,15158,10:44:15.913035,same
9,19,same1,1,gabor,0,0.009722512688056607,n,n,-1,x,1.1867172977181326,-1.0,1,-1,incongruent,hit,space,0,2.5936178456413472,68114,15158,10:44:15.913035,same
9,20,same1,1,gabor,90,0.009722512688056607,x,x,-1,n,0.963320391414527,-1.0,1,-1,incongruent,CR,x,2,1.1392124795384009,74514,15158,10:44:15.913035,same
9,21,same1,1,cue,right,-1.0,-1,-1,n,n,-1.0,0.5151699236503191,-1,1,none,none,-1,-1,-1.0,79130,15158,10:44:15.913035,same
9,22,same1,1,cue,right,-1.0,-1,-1,n,n,-1.0,0.3399336993834368,-1,1,none,none,-1,-1,-1.0,82097,15158,10:44:15.913035,same
9,23,same1,1,cue,right,-1.0,-1,-1,n,n,-1.0,0.3687974690110423,-1,1,none,none,-1,-1,-1.0,84797,15158,10:44:15.913035,same
9,24,same1,1,gabor,90,0.009722512688056607,x,x,-1,x,0.979566077708114,-1.0,1,-1,congruent,CR,n,2,1.1465506284275762,87513,15158,10:44:15.913035,same
9,25,same1,1,gabor,90,0.009722512688056607,n,x,-1,x,0.9183910292567816,-1.0,0,-1,incongruent,FA,x,3,1.1993000534903329,92264,15158,10:44:15.913035,same
9,26,same1,1,gabor,90,0.009722512688056607,n,x,-1,n,1.1292293714877817,-1.0,0,-1,congruent,FA,i,2,0.9609764845163228,97013,15158,10:44:15.913035,same
9,27,same1,1,cue,left,-1.0,-1,-1,x,x,-1.0,0.4957916042512807,-1,1,none,none,-1,-1,-1.0,101613,15158,10:44:15.913035,same
9,28,same1,1,cue,right,-1.0,-1,-1,n,n,-1.0,0.3026366264639364,-1,1,none,none,-1,-1,-1.0,104463,15158,10:44:15.913035,same
9,29,same1,1,cue,left,-1.0,-1,-1,x,x,-1.0,0.34851176887787005,-1,1,none,none,-1,-1,-1.0,107314,15158,10:44:15.913035,same
9,30,same1,1,cue,right,-1.0,-1,-1,n,n,-1.0,0.2762619139321032,-1,1,none,none,-1,-1,-1.0,110112,15158,10:44:15.913035,same
9,31,same1,1,gabor,90,0.009722512688056607,x,x,-1,n,1.1031069438240593,-1.0,1,-1,incongruent,CR,x,2,1.0651916385804725,112846,15158,10:44:15.913035,same
9,32,same1,1,cue,left,-1.0,-1,-1,x,x,-1.0,0.6079139881403535,-1,1,none,none,-1,-1,-1.0,117647,15158,10:44:15.913035,same
9,33,same1,1,cue,left,-1.0,-1,-1,x,x,-1.0,0.3606897936761016,-1,1,none,none,-1,-1,-1.0,120814,15158,10:44:15.913035,same
9,34,same1,1,gabor,0,0.009722512688056607,n,n,-1,n,1.0885423886584251,-1.0,1,-1,congruent,hit,i,2,1.0184179473226322,123629,15158,10:44:15.913035,same
9,35,same1,1,gabor,0,0.009722512688056607,n,n,-1,x,1.2631242850493436,-1.0,1,-1,incongruent,hit,z,2,1.2272168908748426,128262,15158,10:44:15.913035,same
9,36,same1,1,gabor,90,0.009722512688056607,x,x,-1,n,1.113876858104959,-1.0,1,-1,incongruent,CR,z,2,0.8277197710312976,136612,15158,10:44:15.913035,same
9,37,same1,1,gabor,0,0.009722512688056607,n,n,-1,x,0.8675946039456903,-1.0,1,-1,incongruent,hit,z,2,0.9024932426436862,141162,15158,10:44:15.913035,same
9,38,same1,1,gabor,0,0.009722512688056607,x,n,-1,n,1.2592839487306264,-1.0,0,-1,incongruent,miss,n,2,0.6712820333623313,145361,15158,10:44:15.913035,same
9,39,same1,1,cue,right,-1.0,-1,-1,n,n,-1.0,0.6461841049786017,-1,1,none,none,-1,-1,-1.0,149912,15158,10:44:15.913035,same
9,40,same1,1,gabor,90,0.009722512688056607,n,x,-1,x,0.9579417701943383,-1.0,0,-1,incongruent,FA,i,2,0.5898385645650706,153113,15158,10:44:15.913035,same
9,41,same1,2,cue,left,-1.0,-1,-1,x,x,-1.0,0.2647681686385113,-1,1,none,none,-1,-1,-1.0,171861,15158,10:44:15.913035,same
9,42,same1,2,cue,right,-1.0,-1,-1,n,n,-1.0,0.4546273153473521,-1,1,none,none,-1,-1,-1.0,174712,15158,10:44:15.913035,same
9,43,same1,2,gabor,0,0.009722512688056607,n,n,-1,x,0.6555816202990172,-1.0,1,-1,incongruent,hit,n,2,0.8664138186059063,177711,15158,10:44:15.913035,same
9,44,same1,2,gabor,90,0.009722512688056607,x,x,-1,n,0.8052606578830819,-1.0,1,-1,incongruent,CR,z,2,0.9312118620737238,181760,15158,10:44:15.913035,same
9,45,same1,2,cue,right,-1.0,-1,-1,n,n,-1.0,0.2687494312076524,-1,1,none,none,-1,-1,-1.0,189577,15158,10:44:15.913035,same
9,46,same1,2,gabor,0,0.009722512688056607,n,n,-1,x,0.7646593059898805,-1.0,1,-1,incongruent,hit,z,3,0.8595859993802151,192193,15158,10:44:15.913035,same
9,47,same1,2,gabor,0,0.009722512688056607,n,n,-1,n,0.6343455319656641,-1.0,1,-1,congruent,hit,z,3,0.7992495965163471,196427,15158,10:44:15.913035,same
9,48,same1,2,gabor,0,0.009722512688056607,n,n,-1,n,0.8653609036782655,-1.0,1,-1,congruent,hit,n,3,0.8270992347352148,200293,15158,10:44:15.913035,same
9,49,same1,2,gabor,90,0.009722512688056607,x,x,-1,n,0.9840250303450376,-1.0,1,-1,incongruent,CR,n,2,0.9349097361609892,204510,15158,10:44:15.913035,same
9,50,same1,2,cue,left,-1.0,-1,-1,x,x,-1.0,0.5786854230418612,-1,1,none,none,-1,-1,-1.0,208843,15158,10:44:15.913035,same
9,51,same1,2,cue,right,-1.0,-1,-1,n,n,-1.0,0.26951434970942495,-1,1,none,none,-1,-1,-1.0,211977,15158,10:44:15.913035,same
9,52,same1,2,cue,right,-1.0,-1,-1,n,n,-1.0,0.25634561721290083,-1,1,none,none,-1,-1,-1.0,214692,15158,10:44:15.913035,same
9,53,same1,2,gabor,0,0.009722512688056607,n,n,-1,n,0.5681939053047245,-1.0,1,-1,congruent,hit,x,3,1.1682394471390578,217292,15158,10:44:15.913035,same
9,54,same1,2,gabor,90,0.009722512688056607,n,x,-1,x,0.8498855118214124,-1.0,0,-1,incongruent,FA,n,3,0.8218845794808658,221459,15158,10:44:15.913035,same
9,55,same1,2,gabor,90,0.009722512688056607,n,x,-1,n,0.9416945479206332,-1.0,0,-1,congruent,FA,x,2,0.7906899587933367,225760,15158,10:44:15.913035,same
9,56,same1,2,gabor,0,0.009722512688056607,n,n,-1,n,1.0083687920932791,-1.0,1,-1,congruent,hit,z,2,0.7264083889131143,230110,15158,10:44:15.913035,same
9,57,same1,2,cue,left,-1.0,-1,-1,x,x,-1.0,0.5142364312405334,-1,1,none,none,-1,-1,-1.0,234258,15158,10:44:15.913035,same
9,58,same1,2,cue,left,-1.0,-1,-1,x,x,-1.0,0.4721536257411572,-1,1,none,none,-1,-1,-1.0,237326,15158,10:44:15.913035,same
9,59,same1,2,cue,left,-1.0,-1,-1,x,x,-1.0,0.2747804603259283,-1,1,none,none,-1,-1,-1.0,240242,15158,10:44:15.913035,same
9,60,same1,2,cue,left,-1.0,-1,-1,x,x,-1.0,0.2906997506715925,-1,1,none,none,-1,-1,-1.0,243059,15158,10:44:15.913035,same
9,61,same1,2,gabor,90,0.009722512688056607,n,x,-1,x,0.5295248174197695,-1.0,0,-1,incongruent,FA,n,3,0.8585365404105687,245893,15158,10:44:15.913035,same
9,62,same1,2,gabor,90,0.009722512688056607,n,x,-1,n,0.8653781834645997,-1.0,0,-1,congruent,FA,z,3,0.8123115783400863,249909,15158,10:44:15.913035,same
9,63,same1,2,cue,right,-1.0,-1,-1,n,n,-1.0,0.6050528396635855,-1,1,none,none,-1,-1,-1.0,254008,15158,10:44:15.913035,same
9,64,same1,2,cue,left,-1.0,-1,-1,x,x,-1.0,0.5148504396165663,-1,1,none,none,-1,-1,-1.0,257058,15158,10:44:15.913035,same
9,65,same1,2,cue,right,-1.0,-1,-1,n,n,-1.0,0.29271802961284266,-1,1,none,none,-1,-1,-1.0,260025,15158,10:44:15.913035,same
9,66,same1,2,gabor,90,0.009722512688056607,n,x,-1,x,0.7235856399602199,-1.0,0,-1,incongruent,FA,n,2,1.3165288059781233,262859,15158,10:44:15.913035,same
9,67,same1,2,gabor,90,0.009722512688056607,n,x,-1,x,0.7652521946283741,-1.0,0,-1,incongruent,FA,x,1,0.9482432026125024,267424,15158,10:44:15.913035,same
9,68,same1,2,cue,right,-1.0,-1,-1,n,n,-1.0,0.6961138530505195,-1,1,none,none,-1,-1,-1.0,271758,15158,10:44:15.913035,same
9,69,same1,2,gabor,90,0.009722512688056607,n,x,-1,x,0.6408446512732553,-1.0,0,-1,incongruent,FA,x,2,0.8287577101436909,277757,15158,10:44:15.913035,same
9,70,same1,2,gabor,0,0.009722512688056607,n,n,-1,x,0.8804799479603389,-1.0,1,-1,incongruent,hit,i,1,0.860406597191286,281740,15158,10:44:15.913035,same
9,71,same1,2,cue,right,-1.0,-1,-1,n,n,-1.0,0.6314141123621084,-1,1,none,none,-1,-1,-1.0,285990,15158,10:44:15.913035,same
9,72,same1,2,gabor,0,0.009722512688056607,n,n,-1,x,0.7441220889804754,-1.0,1,-1,incongruent,hit,z,1,4.536040064525878,288973,15158,10:44:15.913035,same
9,73,same1,2,cue,left,-1.0,-1,-1,x,x,-1.0,0.3076185806075955,-1,1,none,none,-1,-1,-1.0,296874,15158,10:44:15.913035,same
9,74,same1,2,cue,left,-1.0,-1,-1,x,x,-1.0,0.2665445305829053,-1,1,none,none,-1,-1,-1.0,299724,15158,10:44:15.913035,same
9,75,same1,2,cue,right,-1.0,-1,-1,n,n,-1.0,0.26935729565957445,-1,1,none,none,-1,-1,-1.0,302439,15158,10:44:15.913035,same
9,76,same1,2,gabor,0,0.009722512688056607,n,n,-1,x,0.8171433903471552,-1.0,1,-1,incongruent,hit,n,2,1.358252959931633,305156,15158,10:44:15.913035,same
9,77,same1,2,gabor,90,0.009722512688056607,n,x,-1,n,0.8809668539151971,-1.0,0,-1,congruent,FA,n,2,0.9878837984351776,309756,15158,10:44:15.913035,same
9,78,same1,2,cue,right,-1.0,-1,-1,n,n,-1.0,0.6336167090148592,-1,1,none,none,-1,-1,-1.0,314140,15158,10:44:15.913035,same
9,79,same1,2,gabor,0,0.009722512688056607,n,n,-1,n,0.8624782514698381,-1.0,1,-1,congruent,hit,i,2,0.6344553546023235,317223,15158,10:44:15.913035,same
9,80,same1,2,cue,left,-1.0,-1,-1,x,x,-1.0,0.2982444889967155,-1,1,none,none,-1,-1,-1.0,321340,15158,10:44:15.913035,same
9,81,same1,3,cue,right,-1.0,-1,-1,n,n,-1.0,0.3799540664904271,-1,1,none,none,-1,-1,-1.0,327306,15158,10:44:15.913035,same
9,82,same1,3,gabor,0,0.009722512688056607,n,n,-1,x,0.6817228637282824,-1.0,1,-1,incongruent,hit,z,2,0.7007617313420269,330156,15158,10:44:15.913035,same
9,83,same1,3,gabor,90,0.009722512688056607,n,x,-1,x,0.7775550178766935,-1.0,0,-1,incongruent,FA,n,2,0.6405386070719032,333955,15158,10:44:15.913035,same
9,84,same1,3,gabor,90,0.009722512688056607,n,x,-1,x,0.8202660395772909,-1.0,0,-1,incongruent,FA,n,3,0.7691820018362705,337889,15158,10:44:15.913035,same
9,85,same1,3,gabor,0,0.009722512688056607,n,n,-1,x,0.8201243453358984,-1.0,1,-1,incongruent,hit,z,2,2.233038642591964,342106,15158,10:44:15.913035,same
9,86,same1,3,cue,right,-1.0,-1,-1,n,n,-1.0,0.3847106154335052,-1,1,none,none,-1,-1,-1.0,347588,15158,10:44:15.913035,same
9,87,same1,3,cue,right,-1.0,-1,-1,n,n,-1.0,0.2755645785900924,-1,1,none,none,-1,-1,-1.0,350522,15158,10:44:15.913035,same
9,88,same1,3,gabor,0,0.009722512688056607,n,n,-1,n,0.7154230533069494,-1.0,1,-1,congruent,hit,z,3,0.8603739575974032,353339,15158,10:44:15.913035,same
9,89,same1,3,gabor,90,0.009722512688056607,n,x,-1,n,0.8202522157489511,-1.0,0,-1,congruent,FA,x,3,1.0092573570600507,357522,15158,10:44:15.913035,same
9,90,same1,3,gabor,0,0.009722512688056607,n,n,-1,n,0.8218707556525259,-1.0,1,-1,congruent,hit,x,3,0.642908625646669,361871,15158,10:44:15.913035,same
9,91,same1,3,cue,right,-1.0,-1,-1,n,n,-1.0,0.4906675718711994,-1,1,none,none,-1,-1,-1.0,365956,15158,10:44:15.913035,same
9,92,same1,3,gabor,0,0.009722512688056607,n,n,-1,x,0.6135207025263298,-1.0,1,-1,incongruent,hit,x,3,1.4035014221262827,368888,15158,10:44:15.913035,same
9,93,same1,3,gabor,0,0.009722512688056607,n,n,-1,n,0.5562585654934082,-1.0,1,-1,congruent,hit,x,3,0.8362686568880235,373521,15158,10:44:15.913035,same
9,94,same1,3,cue,right,-1.0,-1,-1,n,n,-1.0,0.5360999677832297,-1,1,none,none,-1,-1,-1.0,377437,15158,10:44:15.913035,same
9,95,same1,3,gabor,90,0.009722512688056607,n,x,-1,n,0.5808100686617763,-1.0,0,-1,congruent,FA,n,2,0.7548259560808219,380522,15158,10:44:15.913035,same
9,96,same1,3,cue,left,-1.0,-1,-1,x,x,-1.0,0.6496135663983296,-1,1,none,none,-1,-1,-1.0,384388,15158,10:44:15.913035,same
9,97,same1,3,cue,right,-1.0,-1,-1,n,n,-1.0,0.3624473398540431,-1,1,none,none,-1,-1,-1.0,387387,15158,10:44:15.913035,same
9,98,same1,3,cue,left,-1.0,-1,-1,x,x,-1.0,0.3573090996505925,-1,1,none,none,-1,-1,-1.0,390104,15158,10:44:15.913035,same
9,99,same1,3,gabor,0,0.009722512688056607,n,n,-1,x,0.6812563095209043,-1.0,1,-1,incongruent,hit,z,3,0.6611384153056861,393004,15158,10:44:15.913035,same
9,100,same1,3,cue,left,-1.0,-1,-1,x,x,-1.0,0.5839473097103111,-1,1,none,none,-1,-1,-1.0,396854,15158,10:44:15.913035,same
9,101,same1,3,cue,left,-1.0,-1,-1,x,x,-1.0,0.3467473107857586,-1,1,none,none,-1,-1,-1.0,399988,15158,10:44:15.913035,same
9,102,same1,3,gabor,90,0.009722512688056607,x,x,-1,x,0.9465474796661508,-1.0,1,-1,congruent,CR,z,1,1.8436068057781083,402787,15158,10:44:15.913035,same
9,103,same1,3,cue,left,-1.0,-1,-1,x,x,-1.0,0.6673714259168264,-1,1,none,none,-1,-1,-1.0,408187,15158,10:44:15.913035,same
9,104,same1,3,gabor,0,0.009722512688056607,x,n,-1,n,1.1982498265306276,-1.0,0,-1,incongruent,miss,n,1,3.1239874525717823,411303,15158,10:44:15.913035,same
9,105,same1,3,cue,left,-1.0,-1,-1,x,x,-1.0,0.6446680918015772,-1,1,none,none,-1,-1,-1.0,418153,15158,10:44:15.913035,same
9,106,same1,3,gabor,90,0.009722512688056607,n,x,-1,x,1.3525199111127222,-1.0,0,-1,incongruent,FA,n,1,1.2724519132370915,421253,15158,10:44:15.913035,same
9,107,same1,3,gabor,90,0.009722512688056607,x,x,-1,n,0.9303136972257562,-1.0,1,-1,incongruent,CR,i,1,1.2192873893282012,426402,15158,10:44:15.913035,same
9,108,same1,3,cue,right,-1.0,-1,-1,n,n,-1.0,0.3057519797830537,-1,1,none,none,-1,-1,-1.0,434636,15158,10:44:15.913035,same
9,109,same1,3,gabor,0,0.009722512688056607,n,n,-1,n,0.6755793240072308,-1.0,1,-1,congruent,hit,i,2,1.1905729938453078,437386,15158,10:44:15.913035,same
9,110,same1,3,gabor,90,0.009722512688056607,x,x,-1,n,0.703207012981693,-1.0,1,-1,incongruent,CR,n,1,0.777341516528395,441685,15158,10:44:15.913035,same
9,111,same1,3,cue,left,-1.0,-1,-1,x,x,-1.0,0.5762036618552884,-1,1,none,none,-1,-1,-1.0,445685,15158,10:44:15.913035,same
9,112,same1,3,cue,right,-1.0,-1,-1,n,n,-1.0,0.6577619452273211,-1,1,none,none,-1,-1,-1.0,452052,15158,10:44:15.913035,same
9,113,same1,3,gabor,0,0.009722512688056607,n,n,-1,x,0.9135012339693276,-1.0,1,-1,incongruent,hit,x,1,1.0117060946568015,455253,15158,10:44:15.913035,same
9,114,same1,3,cue,left,-1.0,-1,-1,x,x,-1.0,0.4641937885699008,-1,1,none,none,-1,-1,-1.0,459685,15158,10:44:15.913035,same
9,115,same1,3,cue,left,-1.0,-1,-1,x,x,-1.0,0.33621816151480743,-1,1,none,none,-1,-1,-1.0,462501,15158,10:44:15.913035,same
9,116,same1,3,cue,right,-1.0,-1,-1,n,n,-1.0,0.2960898917481245,-1,1,none,none,-1,-1,-1.0,465285,15158,10:44:15.913035,same
9,117,same1,3,cue,right,-1.0,-1,-1,n,n,-1.0,0.3788616000547336,-1,1,none,none,-1,-1,-1.0,468035,15158,10:44:15.913035,same
9,118,same1,3,cue,left,-1.0,-1,-1,x,x,-1.0,0.3098134973552078,-1,1,none,none,-1,-1,-1.0,470768,15158,10:44:15.913035,same
9,119,same1,3,gabor,90,0.009722512688056607,x,x,-1,x,1.4035198538977056,-1.0,1,-1,congruent,CR,space,0,1.2654946876182294,473619,15158,10:44:15.913035,same
9,120,same1,3,gabor,90,0.009722512688056607,x,x,-1,n,1.151141291429667,-1.0,1,-1,incongruent,CR,z,1,1.103185662846954,478717,15158,10:44:15.913035,same
9,121,same1,4,cue,left,-1.0,-1,-1,x,x,-1.0,0.3460941348948836,-1,1,none,none,-1,-1,-1.0,517701,15158,10:44:15.913035,same
9,122,same1,4,gabor,90,0.009722512688056607,n,x,-1,n,1.0958221702712765,-1.0,0,-1,congruent,FA,x,1,1.025785663845454,520734,15158,10:44:15.913035,same
9,123,same1,4,cue,right,-1.0,-1,-1,n,n,-1.0,0.4865622788429391,-1,1,none,none,-1,-1,-1.0,525383,15158,10:44:15.913035,same
9,124,same1,4,cue,left,-1.0,-1,-1,x,x,-1.0,0.3375110734623377,-1,1,none,none,-1,-1,-1.0,528316,15158,10:44:15.913035,same
9,125,same1,4,cue,right,-1.0,-1,-1,n,n,-1.0,0.5742218624618545,-1,1,none,none,-1,-1,-1.0,530999,15158,10:44:15.913035,same
9,126,same1,4,gabor,90,0.009722512688056607,n,x,-1,n,0.8461669019916371,-1.0,0,-1,congruent,FA,x,3,1.4258683764182931,534015,15158,10:44:15.913035,same
9,127,same1,4,gabor,0,0.009722512688056607,n,n,-1,x,0.977713300711912,-1.0,1,-1,incongruent,hit,space,0,1.544712980843542,538699,15158,10:44:15.913035,same
9,128,same1,4,gabor,0,0.009722512688056607,n,n,-1,x,1.3525295109930084,-1.0,1,-1,incongruent,hit,z,2,1.352455015919077,543749,15158,10:44:15.913035,same
9,129,same1,4,gabor,0,0.009722512688056607,n,n,-1,n,0.8312974546106489,-1.0,1,-1,congruent,hit,n,1,0.8682124522738377,548981,15158,10:44:15.913035,same
9,130,same1,4,gabor,90,0.009722512688056607,x,x,-1,n,1.2678662421731133,-1.0,1,-1,incongruent,CR,x,1,1.1747815739117868,555865,15158,10:44:15.913035,same
9,131,same1,4,cue,right,-1.0,-1,-1,n,n,-1.0,0.4575825426554729,-1,1,none,none,-1,-1,-1.0,560933,15158,10:44:15.913035,same
9,132,same1,4,gabor,0,0.009722512688056607,n,n,-1,n,0.705372746091598,-1.0,1,-1,congruent,hit,n,2,1.3473156237287185,563932,15158,10:44:15.913035,same
9,133,same1,4,cue,left,-1.0,-1,-1,x,x,-1.0,0.4941680724095932,-1,1,none,none,-1,-1,-1.0,568414,15158,10:44:15.913035,same
9,134,same1,4,cue,left,-1.0,-1,-1,x,x,-1.0,0.41482275356065657,-1,1,none,none,-1,-1,-1.0,574214,15158,10:44:15.913035,same
9,135,same1,4,gabor,90,0.009722512688056607,x,x,-1,x,0.9646401830268588,-1.0,1,-1,congruent,CR,i,2,1.2436035034188535,577081,15158,10:44:15.913035,same
9,136,same1,4,gabor,0,0.009722512688056607,x,n,-1,n,1.0633492294555251,-1.0,0,-1,incongruent,miss,space,0,0.7783053445609767,581814,15158,10:44:15.913035,same
9,137,same1,4,gabor,90,0.009722512688056607,n,x,-1,n,1.3693262304450402,-1.0,0,-1,congruent,FA,space,0,3.791863064228892,586180,15158,10:44:15.913035,same
9,138,same1,4,gabor,0,0.009722512688056607,n,n,-1,n,0.909676257459978,-1.0,1,-1,congruent,hit,x,2,0.9595142306716298,593864,15158,10:44:15.913035,same
9,139,same1,4,gabor,0,0.009722512688056607,n,n,-1,n,0.8583910062170617,-1.0,1,-1,congruent,hit,i,2,1.0063804647797951,598147,15158,10:44:15.913035,same
9,140,same1,4,cue,right,-1.0,-1,-1,n,n,-1.0,0.5811913759271192,-1,1,none,none,-1,-1,-1.0,605880,15158,10:44:15.913035,same
9,141,same1,4,cue,right,-1.0,-1,-1,n,n,-1.0,0.3438324029766591,-1,1,none,none,-1,-1,-1.0,608814,15158,10:44:15.913035,same
9,142,same1,4,cue,left,-1.0,-1,-1,x,x,-1.0,0.3566843394064563,-1,1,none,none,-1,-1,-1.0,611497,15158,10:44:15.913035,same
9,143,same1,4,gabor,90,0.009722512688056607,x,x,-1,x,0.8455839972293688,-1.0,1,-1,congruent,CR,n,2,0.945427365573778,614296,15158,10:44:15.913035,same
9,144,same1,4,cue,right,-1.0,-1,-1,n,n,-1.0,0.58814936953695,-1,1,none,none,-1,-1,-1.0,618496,15158,10:44:15.913035,same
9,145,same1,4,cue,left,-1.0,-1,-1,x,x,-1.0,0.4431527698152422,-1,1,none,none,-1,-1,-1.0,621529,15158,10:44:15.913035,same
9,146,same1,4,cue,left,-1.0,-1,-1,x,x,-1.0,0.3959086843979094,-1,1,none,none,-1,-1,-1.0,624330,15158,10:44:15.913035,same
9,147,same1,4,gabor,90,0.009722512688056607,x,x,-1,x,0.7898728169393507,-1.0,1,-1,congruent,CR,n,2,0.7007325477052291,627080,15158,10:44:15.913035,same
9,148,same1,4,gabor,90,0.009722512688056607,x,x,-1,x,0.6334930625507695,-1.0,1,-1,congruent,CR,i,3,0.7734351330300342,631197,15158,10:44:15.913035,same
9,149,same1,4,cue,right,-1.0,-1,-1,n,n,-1.0,0.5522673190489513,-1,1,none,none,-1,-1,-1.0,635230,15158,10:44:15.913035,same
9,150,same1,4,gabor,0,0.009722512688056607,n,n,-1,x,1.0361784948072454,-1.0,1,-1,incongruent,hit,z,1,1.8960789862840104,638330,15158,10:44:15.913035,same
9,151,same1,4,gabor,90,0.009722512688056607,x,x,-1,n,0.9177443812859564,-1.0,1,-1,incongruent,CR,z,2,1.2707607982338232,643897,15158,10:44:15.913035,same
9,152,same1,4,cue,left,-1.0,-1,-1,x,x,-1.0,0.5335475514730206,-1,1,none,none,-1,-1,-1.0,648696,15158,10:44:15.913035,same
9,153,same1,4,cue,right,-1.0,-1,-1,n,n,-1.0,0.386324931389936,-1,1,none,none,-1,-1,-1.0,651779,15158,10:44:15.913035,same
9,154,same1,4,cue,right,-1.0,-1,-1,n,n,-1.0,0.4011229556572289,-1,1,none,none,-1,-1,-1.0,654612,15158,10:44:15.913035,same
9,155,same1,4,gabor,90,0.009722512688056607,n,x,-1,x,1.0991245292698295,-1.0,0,-1,incongruent,FA,space,0,2.2768747703230474,657362,15158,10:44:15.913035,same
9,156,same1,4,cue,left,-1.0,-1,-1,x,x,-1.0,0.5876720634632875,-1,1,none,none,-1,-1,-1.0,663145,15158,10:44:15.913035,same
9,157,same1,4,gabor,0,0.009722512688056607,x,n,-1,x,1.3025340997364765,-1.0,0,-1,congruent,miss,n,2,0.8164518149342257,666279,15158,10:44:15.913035,same
9,158,same1,4,cue,left,-1.0,-1,-1,x,x,-1.0,0.4812562327233536,-1,1,none,none,-1,-1,-1.0,671029,15158,10:44:15.913035,same
9,159,same1,4,cue,right,-1.0,-1,-1,n,n,-1.0,0.48017835810605897,-1,1,none,none,-1,-1,-1.0,674062,15158,10:44:15.913035,same
9,160,same1,4,gabor,0,0.009722512688056607,x,n,-1,x,0.6949192438823957,-1.0,0,-1,congruent,miss,x,2,1.3848922451779802,677096,15158,10:44:15.913035,same
9,161,same1,5,gabor,0,0.009722512688056607,n,n,-1,n,0.9029098774708472,-1.0,1,-1,congruent,hit,n,1,1.7768672824158784,694694,15158,10:44:15.913035,same
9,162,same1,5,gabor,90,0.009722512688056607,n,x,-1,n,0.9576245901334914,-1.0,0,-1,congruent,FA,z,2,1.5415603799865494,699944,15158,10:44:15.913035,same
9,163,same1,5,gabor,0,0.009722512688056607,n,n,-1,x,0.8271149785405214,-1.0,1,-1,incongruent,hit,space,0,4.575061660034407,708410,15158,10:44:15.913035,same
9,164,same1,5,gabor,90,0.009722512688056607,n,x,-1,x,1.2547739247274876,-1.0,0,-1,incongruent,FA,z,3,2.0745684181583783,716327,15158,10:44:15.913035,same
9,165,same1,5,cue,right,-1.0,-1,-1,n,n,-1.0,0.7163653776078718,-1,1,none,none,-1,-1,-1.0,722176,15158,10:44:15.913035,same
9,166,same1,5,cue,left,-1.0,-1,-1,x,x,-1.0,0.5393205357959232,-1,1,none,none,-1,-1,-1.0,725444,15158,10:44:15.913035,same
9,167,same1,5,cue,left,-1.0,-1,-1,x,x,-1.0,0.4389196063739291,-1,1,none,none,-1,-1,-1.0,728327,15158,10:44:15.913035,same
9,168,same1,5,gabor,90,0.009722512688056607,n,x,-1,x,0.8357821349291044,-1.0,0,-1,incongruent,FA,z,2,1.5358019874820457,731210,15158,10:44:15.913035,same
9,169,same1,5,cue,right,-1.0,-1,-1,n,n,-1.0,0.5635379631121396,-1,1,none,none,-1,-1,-1.0,736210,15158,10:44:15.913035,same
9,170,same1,5,cue,right,-1.0,-1,-1,n,n,-1.0,0.4873406371789315,-1,1,none,none,-1,-1,-1.0,739327,15158,10:44:15.913035,same
9,171,same1,5,cue,left,-1.0,-1,-1,x,x,-1.0,0.3672004328391267,-1,1,none,none,-1,-1,-1.0,742159,15158,10:44:15.913035,same
9,172,same1,5,cue,right,-1.0,-1,-1,n,n,-1.0,0.3609804780662671,-1,1,none,none,-1,-1,-1.0,744876,15158,10:44:15.913035,same
9,173,same1,5,cue,left,-1.0,-1,-1,x,x,-1.0,0.38883165226616256,-1,1,none,none,-1,-1,-1.0,747794,15158,10:44:15.913035,same
9,174,same1,5,cue,left,-1.0,-1,-1,x,x,-1.0,0.4236834435469064,-1,1,none,none,-1,-1,-1.0,750727,15158,10:44:15.913035,same
9,175,same1,5,gabor,90,0.009722512688056607,x,x,-1,x,0.8976191911597198,-1.0,1,-1,congruent,CR,i,2,1.098509752902828,753492,15158,10:44:15.913035,same
9,176,same1,5,gabor,0,0.009722512688056607,x,n,-1,x,0.6482845588989221,-1.0,0,-1,congruent,miss,z,1,3.044414040555239,758126,15158,10:44:15.913035,same
9,177,same1,5,cue,right,-1.0,-1,-1,n,n,-1.0,0.3696303546694253,-1,1,none,none,-1,-1,-1.0,767092,15158,10:44:15.913035,same
9,178,same1,5,cue,left,-1.0,-1,-1,x,x,-1.0,0.32866689527145354,-1,1,none,none,-1,-1,-1.0,769908,15158,10:44:15.913035,same
9,179,same1,5,cue,left,-1.0,-1,-1,x,x,-1.0,0.2054739288350902,-1,1,none,none,-1,-1,-1.0,772793,15158,10:44:15.913035,same
9,180,same1,5,gabor,90,0.009722512688056607,n,x,-1,n,0.4392191226552313,-1.0,0,-1,congruent,FA,z,3,1.772218252138373,775341,15158,10:44:15.913035,same
9,181,same1,5,gabor,0,0.009722512688056607,n,n,-1,n,0.879150940461841,-1.0,1,-1,congruent,hit,x,2,1.4899779164343272,779975,15158,10:44:15.913035,same
9,182,same1,5,gabor,0,0.009722512688056607,n,n,-1,x,0.7038133414534968,-1.0,1,-1,incongruent,hit,n,2,1.7777335756600223,784758,15158,10:44:15.913035,same
9,183,same1,5,cue,right,-1.0,-1,-1,n,n,-1.0,0.6195670914548828,-1,1,none,none,-1,-1,-1.0,789859,15158,10:44:15.913035,same
9,184,same1,5,cue,left,-1.0,-1,-1,x,x,-1.0,0.32532421677387896,-1,1,none,none,-1,-1,-1.0,792824,15158,10:44:15.913035,same
9,185,same1,5,cue,left,-1.0,-1,-1,x,x,-1.0,0.2581864903559108,-1,1,none,none,-1,-1,-1.0,795490,15158,10:44:15.913035,same
9,186,same1,5,cue,right,-1.0,-1,-1,n,n,-1.0,0.584780579364633,-1,1,none,none,-1,-1,-1.0,801741,15158,10:44:15.913035,same
9,187,same1,5,gabor,0,0.009722512688056607,n,n,-1,n,0.6836601196755511,-1.0,1,-1,congruent,hit,z,2,0.8535826179186188,804674,15158,10:44:15.913035,same
9,188,same1,5,gabor,0,0.009722512688056607,n,n,-1,n,0.5563660841589808,-1.0,1,-1,congruent,hit,z,2,1.1883723171695235,808841,15158,10:44:15.913035,same
9,189,same1,5,gabor,90,0.009722512688056607,n,x,-1,x,0.6341462384407349,-1.0,0,-1,incongruent,FA,x,2,1.0790150829488994,813106,15158,10:44:15.913035,same
9,190,same1,5,cue,right,-1.0,-1,-1,n,n,-1.0,0.557020796029974,-1,1,none,none,-1,-1,-1.0,817241,15158,10:44:15.913035,same
9,191,same1,5,gabor,0,0.009722512688056607,n,n,-1,x,0.6977976721445884,-1.0,1,-1,incongruent,hit,n,2,0.6346903596850098,820140,15158,10:44:15.913035,same
9,192,same1,5,cue,left,-1.0,-1,-1,x,x,-1.0,0.5225376401722315,-1,1,none,none,-1,-1,-1.0,823906,15158,10:44:15.913035,same
9,193,same1,5,gabor,90,0.009722512688056607,n,x,-1,n,0.8484006022581525,-1.0,0,-1,congruent,FA,z,2,1.0122993672912344,826974,15158,10:44:15.913035,same
9,194,same1,5,gabor,90,0.009722512688056607,n,x,-1,n,0.6851073977068154,-1.0,0,-1,congruent,FA,i,2,1.0790289067772392,831457,15158,10:44:15.913035,same
9,195,same1,5,cue,right,-1.0,-1,-1,n,n,-1.0,0.5087679551370456,-1,1,none,none,-1,-1,-1.0,835857,15158,10:44:15.913035,same
9,196,same1,5,gabor,90,0.009722512688056607,n,x,-1,n,0.7307329432196639,-1.0,0,-1,congruent,FA,space,0,1.8915912340034997,838706,15158,10:44:15.913035,same
9,197,same1,5,gabor,90,0.009722512688056607,x,x,-1,x,1.3453772157963613,-1.0,1,-1,congruent,CR,i,2,2.7864007320486053,843957,15158,10:44:15.913035,same
9,198,same1,5,cue,right,-1.0,-1,-1,n,n,-1.0,0.5258830066368319,-1,1,none,none,-1,-1,-1.0,854056,15158,10:44:15.913035,same
9,199,same1,5,gabor,0,0.009722512688056607,n,n,-1,x,0.5826302060640955,-1.0,1,-1,incongruent,hit,n,2,1.2065644752956362,857022,15158,10:44:15.913035,same
9,200,same1,5,gabor,0,0.009722512688056607,n,n,-1,n,0.8993575375770888,-1.0,1,-1,congruent,hit,space,0,0.8613051460351926,861322,15158,10:44:15.913035,same
9,1,other2,1,cue,left,-1.0,-1,-1,z,z,-1.0,0.3984887483638886,-1,1,none,none,-1,-1,-1.0,0,12089,11:02:32.397391,other
9,2,other2,1,gabor,0,0.009722512688056607,n,n,-1,i,0.7703232356670924,-1.0,1,-1,congruent,hit,x,3,0.9701232509496548,2899,12089,11:02:32.397391,other
9,3,other2,1,cue,right,-1.0,-1,-1,i,i,-1.0,0.3041188480601704,-1,1,none,none,-1,-1,-1.0,7166,12089,11:02:32.397391,other
9,4,other2,1,cue,right,-1.0,-1,-1,x,i,-1.0,0.4757796927196978,-1,0,none,none,-1,-1,-1.0,13483,12089,11:02:32.397391,other
9,5,other2,1,cue,right,-1.0,-1,-1,i,i,-1.0,0.3785029485079576,-1,1,none,none,-1,-1,-1.0,16316,12089,11:02:32.397391,other
9,6,other2,1,gabor,0,0.009722512688056607,n,n,-1,z,0.7573691565048648,-1.0,1,-1,incongruent,hit,n,2,0.8453647359519891,19250,12089,11:02:32.397391,other
9,7,other2,1,gabor,90,0.009722512688056607,n,x,-1,z,1.0892228282100405,-1.0,0,-1,incongruent,FA,n,2,0.6832047013313058,23365,12089,11:02:32.397391,other
9,8,other2,1,cue,left,-1.0,-1,-1,z,z,-1.0,0.2627971211104523,-1,1,none,none,-1,-1,-1.0,30415,12089,11:02:32.397391,other
9,9,other2,1,gabor,90,0.009722512688056607,x,x,-1,i,0.7706062401530289,-1.0,1,-1,incongruent,CR,n,1,2.4016163895312275,33132,12089,11:02:32.397391,other
9,10,other2,1,gabor,0,0.009722512688056607,n,n,-1,i,0.9303593926579196,-1.0,1,-1,congruent,hit,x,1,1.0431437843262756,38933,12089,11:02:32.397391,other
9,11,other2,1,cue,right,-1.0,-1,-1,i,i,-1.0,0.4550554700308567,-1,1,none,none,-1,-1,-1.0,43415,12089,11:02:32.397391,other
9,12,other2,1,gabor,90,0.009722512688056607,n,x,-1,i,0.6627980426992508,-1.0,0,-1,congruent,FA,z,2,1.6337392034938605,46232,12089,11:02:32.397391,other
9,13,other2,1,cue,left,-1.0,-1,-1,z,z,-1.0,0.5495305850281511,-1,1,none,none,-1,-1,-1.0,51065,12089,11:02:32.397391,other
9,14,other2,1,cue,left,-1.0,-1,-1,z,z,-1.0,0.2774250354914329,-1,1,none,none,-1,-1,-1.0,54064,12089,11:02:32.397391,other
9,15,other2,1,gabor,90,0.009722512688056607,n,x,-1,i,0.996102832386896,-1.0,0,-1,congruent,FA,i,2,0.8821196076023625,56899,12089,11:02:32.397391,other
9,16,other2,1,gabor,90,0.009722512688056607,x,x,-1,i,0.7897802740881161,-1.0,1,-1,incongruent,CR,z,2,0.9807706707515536,64864,12089,11:02:32.397391,other
9,17,other2,1,gabor,0,0.009722512688056607,x,n,-1,z,0.6655601204047343,-1.0,0,-1,congruent,miss,i,2,0.8054968149517663,69164,12089,11:02:32.397391,other
9,18,other2,1,cue,right,-1.0,-1,-1,i,i,-1.0,0.5034139096133003,-1,1,none,none,-1,-1,-1.0,73047,12089,11:02:32.397391,other
9,19,other2,1,cue,right,-1.0,-1,-1,i,i,-1.0,0.31721385347282194,-1,1,none,none,-1,-1,-1.0,75897,12089,11:02:32.397391,other
9,20,other2,1,gabor,0,0.009722512688056607,n,n,-1,z,0.6741136142054529,-1.0,1,-1,incongruent,hit,i,2,4.437881667261536,78564,12089,11:02:32.397391,other
9,21,other2,1,gabor,90,0.009722512688056607,n,x,-1,z,0.845478398540763,-1.0,0,-1,incongruent,FA,n,2,0.8574168103132251,86298,12089,11:02:32.397391,other
9,22,other2,1,cue,left,-1.0,-1,-1,z,z,-1.0,0.6762467077205656,-1,1,none,none,-1,-1,-1.0,90513,12089,11:02:32.397391,other
9,23,other2,1,cue,left,-1.0,-1,-1,z,z,-1.0,0.2791737497791473,-1,1,none,none,-1,-1,-1.0,93646,12089,11:02:32.397391,other
9,24,other2,1,gabor,90,0.009722512688056607,n,x,-1,z,0.6138939458924142,-1.0,0,-1,incongruent,FA,n,2,0.7869521492020795,96281,12089,11:02:32.397391,other
9,25,other2,1,cue,right,-1.0,-1,-1,i,i,-1.0,0.3938865655045447,-1,1,none,none,-1,-1,-1.0,100213,12089,11:02:32.397391,other
9,26,other2,1,cue,right,-1.0,-1,-1,i,i,-1.0,0.3796833498518026,-1,1,none,none,-1,-1,-1.0,102963,12089,11:02:32.397391,other
9,27,other2,1,cue,left,-1.0,-1,-1,z,z,-1.0,0.2854144402945167,-1,1,none,none,-1,-1,-1.0,105696,12089,11:02:32.397391,other
9,28,other2,1,gabor,90,0.009722512688056607,n,x,-1,z,0.8213980575219466,-1.0,0,-1,incongruent,FA,x,2,0.6822796568158083,108329,12089,11:02:32.397391,other
9,29,other2,1,cue,right,-1.0,-1,-1,i,i,-1.0,0.36717086520638986,-1,1,none,none,-1,-1,-1.0,112264,12089,11:02:32.397391,other
9,30,other2,1,gabor,90,0.009722512688056607,n,x,-1,z,0.6589557864044764,-1.0,0,-1,incongruent,FA,x,2,0.6948178691409339,114980,12089,11:02:32.397391,other
9,31,other2,1,cue,left,-1.0,-1,-1,z,z,-1.0,0.3486580710614362,-1,1,none,none,-1,-1,-1.0,118746,12089,11:02:32.397391,other
9,32,other2,1,gabor,0,0.009722512688056607,n,n,-1,i,0.7566088459443563,-1.0,1,-1,congruent,hit,x,2,0.6765692637163738,121546,12089,11:02:32.397391,other
9,33,other2,1,cue,left,-1.0,-1,-1,z,z,-1.0,0.4903404079332177,-1,1,none,none,-1,-1,-1.0,125596,12089,11:02:32.397391,other
9,34,other2,1,gabor,90,0.009722512688056607,n,x,-1,i,0.9042158452557488,-1.0,0,-1,congruent,FA,z,2,1.2422395523535672,128445,12089,11:02:32.397391,other
9,35,other2,1,cue,left,-1.0,-1,-1,z,z,-1.0,0.5337840925367345,-1,1,none,none,-1,-1,-1.0,133112,12089,11:02:32.397391,other
9,36,other2,1,gabor,0,0.009722512688056607,n,n,-1,i,1.0267771395347154,-1.0,1,-1,congruent,hit,space,0,1.0156255339934432,135996,12089,11:02:32.397391,other
9,37,other2,1,gabor,0,0.009722512688056607,x,n,-1,i,1.0444950635492205,-1.0,0,-1,incongruent,miss,z,2,0.9293798208200316,140562,12089,11:02:32.397391,other
9,38,other2,1,gabor,0,0.009722512688056607,x,n,-1,z,1.1410107292113023,-1.0,0,-1,congruent,miss,n,1,1.5900766416089027,145146,12089,11:02:32.397391,other
9,39,other2,1,cue,right,-1.0,-1,-1,i,i,-1.0,0.3547570673363225,-1,1,none,none,-1,-1,-1.0,150395,12089,11:02:32.397391,other
9,40,other2,1,gabor,0,0.009722512688056607,n,n,-1,z,0.7957517839458887,-1.0,1,-1,incongruent,hit,i,1,1.1697258926833456,153195,12089,11:02:32.397391,other
9,41,other2,2,cue,left,-1.0,-1,-1,z,z,-1.0,0.29219925205416075,-1,1,none,none,-1,-1,-1.0,163778,12089,11:02:32.397391,other
9,42,other2,2,gabor,0,0.009722512688056607,n,n,-1,z,1.0598080254230808,-1.0,1,-1,incongruent,hit,n,1,0.6387918127611556,169394,12089,11:02:32.397391,other
9,43,other2,2,gabor,90,0.009722512688056607,n,x,-1,z,0.9465954790703108,-1.0,0,-1,incongruent,FA,n,1,0.6024274642604723,173628,12089,11:02:32.397391,other
9,44,other2,2,cue,right,-1.0,-1,-1,i,i,-1.0,0.5152432667400717,-1,1,none,none,-1,-1,-1.0,177611,12089,11:02:32.397391,other
9,45,other2,2,gabor,0,0.009722512688056607,i,n,-1,z,0.7932627268501165,-1.0,0,-1,otherWEincongruent,miss,space,0,2.567229693276204,180678,12089,11:02:32.397391,other
9,46,other2,2,cue,left,-1.0,-1,-1,z,z,-1.0,0.3207965289902859,-1,1,none,none,-1,-1,-1.0,189310,12089,11:02:32.397391,other
9,47,other2,2,cue,left,-1.0,-1,-1,z,z,-1.0,0.2534648849796213,-1,1,none,none,-1,-1,-1.0,191977,12089,11:02:32.397391,other
9,48,other2,2,cue,left,-1.0,-1,-1,z,z,-1.0,0.3493043350381413,-1,1,none,none,-1,-1,-1.0,194576,12089,11:02:32.397391,other
9,49,other2,2,cue,left,-1.0,-1,-1,z,z,-1.0,0.3452773770359272,-1,1,none,none,-1,-1,-1.0,197276,12089,11:02:32.397391,other
9,50,other2,2,cue,left,-1.0,-1,-1,z,z,-1.0,0.3181461938966095,-1,1,none,none,-1,-1,-1.0,200178,12089,11:02:32.397391,other
9,51,other2,2,cue,right,-1.0,-1,-1,i,i,-1.0,0.28379974034305633,-1,1,none,none,-1,-1,-1.0,203045,12089,11:02:32.397391,other
9,52,other2,2,gabor,90,0.009722512688056607,n,x,-1,z,0.753738097587302,-1.0,0,-1,incongruent,FA,x,2,1.345722427509827,205877,12089,11:02:32.397391,other
9,53,other2,2,gabor,0,0.009722512688056607,n,n,-1,i,0.7174374922960851,-1.0,1,-1,congruent,hit,i,2,1.0544628117895627,210594,12089,11:02:32.397391,other
9,54,other2,2,cue,right,-1.0,-1,-1,i,i,-1.0,0.3030417414329349,-1,1,none,none,-1,-1,-1.0,217743,12089,11:02:32.397391,other
9,55,other2,2,gabor,90,0.009722512688056607,n,x,-1,i,1.0139217471469235,-1.0,0,-1,congruent,FA,i,1,0.8828733902437307,220393,12089,11:02:32.397391,other
9,56,other2,2,gabor,90,0.009722512688056607,x,x,-1,i,1.3966494112009968,-1.0,1,-1,incongruent,CR,n,1,1.594583593649986,224826,12089,11:02:32.397391,other
9,57,other2,2,cue,right,-1.0,-1,-1,i,i,-1.0,0.2963414086252669,-1,1,none,none,-1,-1,-1.0,230325,12089,11:02:32.397391,other
9,58,other2,2,cue,right,-1.0,-1,-1,i,i,-1.0,0.3182107050952254,-1,1,none,none,-1,-1,-1.0,232976,12089,11:02:32.397391,other
9,59,other2,2,gabor,0,0.009722512688056607,n,n,-1,z,0.6960681576183559,-1.0,1,-1,incongruent,hit,i,2,2.1459642677073134,235743,12089,11:02:32.397391,other
9,60,other2,2,gabor,90,0.009722512688056607,n,x,-1,i,0.6858124129530552,-1.0,0,-1,congruent,FA,n,2,0.9116211933114756,241210,12089,11:02:32.397391,other
9,61,other2,2,gabor,90,0.009722512688056607,n,x,-1,z,0.6215054993881495,-1.0,0,-1,incongruent,FA,z,2,0.8823749644325289,245426,12089,11:02:32.397391,other
9,62,other2,2,gabor,0,0.009722512688056607,n,n,-1,i,0.6742372606695426,-1.0,1,-1,congruent,hit,i,3,2.301010406655223,252109,12089,11:02:32.397391,other
9,63,other2,2,gabor,0,0.009722512688056607,n,n,-1,z,0.6017554726040544,-1.0,1,-1,incongruent,hit,i,3,0.8316760739098754,257709,12089,11:02:32.397391,other
9,64,other2,2,gabor,0,0.009722512688056607,n,n,-1,i,0.5915292955714904,-1.0,1,-1,congruent,hit,n,2,0.5984496576493257,261775,12089,11:02:32.397391,other
9,65,other2,2,cue,right,-1.0,-1,-1,i,i,-1.0,0.3913552689327844,-1,1,none,none,-1,-1,-1.0,265391,12089,11:02:32.397391,other
9,66,other2,2,gabor,0,0.009722512688056607,n,n,-1,z,0.5342007273638956,-1.0,1,-1,incongruent,hit,z,3,0.8302460756649452,268224,12089,11:02:32.397391,other
9,67,other2,2,cue,right,-1.0,-1,-1,i,i,-1.0,0.23170003521227045,-1,1,none,none,-1,-1,-1.0,274974,12089,11:02:32.397391,other
9,68,other2,2,cue,left,-1.0,-1,-1,z,z,-1.0,0.2686204088086015,-1,1,none,none,-1,-1,-1.0,277657,12089,11:02:32.397391,other
9,69,other2,2,gabor,90,0.009722512688056607,n,x,-1,z,0.7084416359884926,-1.0,0,-1,incongruent,FA,z,2,0.8305167923035697,280475,12089,11:02:32.397391,other
9,70,other2,2,gabor,90,0.009722512688056607,x,x,-1,z,0.5001434222194803,-1.0,1,-1,congruent,CR,i,2,2.2860729921176244,287891,12089,11:02:32.397391,other
9,71,other2,2,cue,left,-1.0,-1,-1,z,z,-1.0,0.2507515746683566,-1,1,none,none,-1,-1,-1.0,293308,12089,11:02:32.397391,other
9,72,other2,2,gabor,0,0.009722512688056607,i,n,-1,i,0.5195931647313046,-1.0,0,-1,otherWEcongruent,miss,space,0,1.3124784242672831,296007,12089,11:02:32.397391,other
9,73,other2,2,gabor,0,0.009722512688056607,n,n,-1,i,0.5507785695335771,-1.0,1,-1,congruent,hit,x,2,1.2854413199602277,300458,12089,11:02:32.397391,other
9,74,other2,2,gabor,90,0.009722512688056607,n,x,-1,i,0.5750946836242292,-1.0,0,-1,congruent,FA,space,0,3.126893528489745,304807,12089,11:02:32.397391,other
9,75,other2,2,cue,right,-1.0,-1,-1,i,i,-1.0,0.43471293860420707,-1,1,none,none,-1,-1,-1.0,310923,12089,11:02:32.397391,other
9,76,other2,2,cue,right,-1.0,-1,-1,i,i,-1.0,0.3154632192081408,-1,1,none,none,-1,-1,-1.0,313706,12089,11:02:32.397391,other
9,77,other2,2,cue,right,-1.0,-1,-1,i,i,-1.0,0.2935167396963152,-1,1,none,none,-1,-1,-1.0,316473,12089,11:02:32.397391,other
9,78,other2,2,cue,left,-1.0,-1,-1,z,z,-1.0,0.32823528463086404,-1,1,none,none,-1,-1,-1.0,319206,12089,11:02:32.397391,other
9,79,other2,2,cue,left,-1.0,-1,-1,z,z,-1.0,0.28121007649588137,-1,1,none,none,-1,-1,-1.0,321990,12089,11:02:32.397391,other
9,80,other2,2,gabor,90,0.009722512688056607,n,x,-1,i,0.5838820305207264,-1.0,0,-1,congruent,FA,x,2,0.7259195629821988,324824,12089,11:02:32.397391,other
9,81,other2,3,cue,right,-1.0,-1,-1,i,i,-1.0,0.25725952586526546,-1,1,none,none,-1,-1,-1.0,372821,12089,11:02:32.397391,other
9,82,other2,3,gabor,0,0.009722512688056607,n,n,-1,z,0.6461249697122184,-1.0,1,-1,incongruent,hit,i,2,1.8260275040420308,375705,12089,11:02:32.397391,other
9,83,other2,3,gabor,90,0.009722512688056607,n,x,-1,z,0.7697833383699617,-1.0,0,-1,incongruent,FA,z,2,0.6577634812083488,380604,12089,11:02:32.397391,other
9,84,other2,3,cue,right,-1.0,-1,-1,n,i,-1.0,0.4446641750500929,-1,0,none,none,-1,-1,-1.0,384554,12089,11:02:32.397391,other
9,85,other2,3,cue,left,-1.0,-1,-1,z,z,-1.0,0.2524250258902612,-1,1,none,none,-1,-1,-1.0,387555,12089,11:02:32.397391,other
9,86,other2,3,gabor,0,0.009722512688056607,n,n,-1,z,0.5802709393565237,-1.0,1,-1,incongruent,hit,space,0,1.0512073002100806,390354,12089,11:02:32.397391,other
9,87,other2,3,gabor,0,0.009722512688056607,x,n,-1,i,1.0517460455212129,-1.0,0,-1,incongruent,miss,i,1,1.3277061392000178,397970,12089,11:02:32.397391,other
9,88,other2,3,gabor,0,0.009722512688056607,n,n,-1,z,0.5525537794919728,-1.0,1,-1,incongruent,hit,n,2,1.3754156268396398,402870,12089,11:02:32.397391,other
9,89,other2,3,gabor,0,0.009722512688056607,n,n,-1,z,0.5702371439356284,-1.0,1,-1,incongruent,hit,n,2,1.785314793532052,407220,12089,11:02:32.397391,other
9,90,other2,3,gabor,90,0.009722512688056607,x,x,-1,z,0.692736998977125,-1.0,1,-1,congruent,CR,x,2,1.606709779091034,415553,12089,11:02:32.397391,other
9,91,other2,3,gabor,90,0.009722512688056607,x,x,-1,i,0.8525657985428552,-1.0,1,-1,incongruent,CR,n,2,1.8474394621916872,420386,12089,11:02:32.397391,other
9,92,other2,3,gabor,90,0.009722512688056607,n,x,-1,z,0.6193328543631651,-1.0,0,-1,incongruent,FA,n,2,3.416268111615864,425619,12089,11:02:32.397391,other
9,93,other2,3,cue,right,-1.0,-1,-1,i,i,-1.0,0.3917768956980581,-1,1,none,none,-1,-1,-1.0,432287,12089,11:02:32.397391,other
9,94,other2,3,cue,right,-1.0,-1,-1,i,i,-1.0,0.2597251592533212,-1,1,none,none,-1,-1,-1.0,435220,12089,11:02:32.397391,other
9,95,other2,3,cue,left,-1.0,-1,-1,z,z,-1.0,0.2994728897447203,-1,1,none,none,-1,-1,-1.0,437819,12089,11:02:32.397391,other
9,96,other2,3,gabor,90,0.009722512688056607,n,x,-1,i,0.6813964677812692,-1.0,0,-1,congruent,FA,z,2,0.8602284234038962,440469,12089,11:02:32.397391,other
9,97,other2,3,gabor,0,0.009722512688056607,n,n,-1,i,0.6551081541774693,-1.0,1,-1,congruent,hit,x,1,1.36194315411376,444536,12089,11:02:32.397391,other
9,98,other2,3,gabor,90,0.009722512688056607,n,x,-1,i,0.7258093563514194,-1.0,0,-1,congruent,FA,z,2,1.1027770919199609,449170,12089,11:02:32.397391,other
9,99,other2,3,cue,right,-1.0,-1,-1,i,i,-1.0,0.2766704848600057,-1,1,none,none,-1,-1,-1.0,453619,12089,11:02:32.397391,other
9,100,other2,3,cue,left,-1.0,-1,-1,z,z,-1.0,0.2394406111052376,-1,1,none,none,-1,-1,-1.0,456335,12089,11:02:32.397391,other
9,101,other2,3,cue,right,-1.0,-1,-1,i,i,-1.0,0.20427471172479272,-1,1,none,none,-1,-1,-1.0,459018,12089,11:02:32.397391,other
9,102,other2,3,gabor,0,0.009722512688056607,n,n,-1,i,0.6221383235306348,-1.0,1,-1,congruent,hit,z,3,1.7711073539312563,461568,12089,11:02:32.397391,other
9,103,other2,3,gabor,0,0.009722512688056607,n,n,-1,z,0.7597103754360433,-1.0,1,-1,incongruent,hit,n,2,0.7276306457379178,469135,12089,11:02:32.397391,other
9,104,other2,3,cue,right,-1.0,-1,-1,n,i,-1.0,0.451528089826752,-1,0,none,none,-1,-1,-1.0,473236,12089,11:02:32.397391,other
9,105,other2,3,cue,left,-1.0,-1,-1,z,z,-1.0,0.2512668962708631,-1,1,none,none,-1,-1,-1.0,476034,12089,11:02:32.397391,other
9,106,other2,3,gabor,90,0.009722512688056607,n,x,-1,z,0.6962140758059832,-1.0,0,-1,incongruent,FA,x,2,1.1301824476549882,478734,12089,11:02:32.397391,other
9,107,other2,3,cue,right,-1.0,-1,-1,i,i,-1.0,0.5859133652993478,-1,1,none,none,-1,-1,-1.0,483085,12089,11:02:32.397391,other
9,108,other2,3,cue,right,-1.0,-1,-1,i,i,-1.0,0.3808545353103909,-1,1,none,none,-1,-1,-1.0,486018,12089,11:02:32.397391,other
9,109,other2,3,gabor,0,0.009722512688056607,n,n,-1,i,0.5756560846539287,-1.0,1,-1,congruent,hit,x,3,0.6695525188351894,488751,12089,11:02:32.397391,other
9,110,other2,3,cue,left,-1.0,-1,-1,z,z,-1.0,0.3522879779920913,-1,1,none,none,-1,-1,-1.0,492534,12089,11:02:32.397391,other
9,111,other2,3,cue,left,-1.0,-1,-1,z,z,-1.0,0.2773486204396249,-1,1,none,none,-1,-1,-1.0,495233,12089,11:02:32.397391,other
9,112,other2,3,cue,left,-1.0,-1,-1,z,z,-1.0,0.29211054915504064,-1,1,none,none,-1,-1,-1.0,497851,12089,11:02:32.397391,other
9,113,other2,3,cue,left,-1.0,-1,-1,z,z,-1.0,0.26287929609043204,-1,1,none,none,-1,-1,-1.0,500584,12089,11:02:32.397391,other
9,114,other2,3,gabor,90,0.009722512688056607,n,x,-1,i,0.7668926222613663,-1.0,0,-1,congruent,FA,n,1,1.5087126598236864,503201,12089,11:02:32.397391,other
9,115,other2,3,gabor,90,0.009722512688056607,x,x,-1,z,0.5865208457571498,-1.0,1,-1,congruent,CR,n,2,0.8164084234731491,508101,12089,11:02:32.397391,other
9,116,other2,3,cue,left,-1.0,-1,-1,z,z,-1.0,0.5093147643474367,-1,1,none,none,-1,-1,-1.0,512033,12089,11:02:32.397391,other
9,117,other2,3,cue,left,-1.0,-1,-1,z,z,-1.0,0.31904896668856964,-1,1,none,none,-1,-1,-1.0,514984,12089,11:02:32.397391,other
9,118,other2,3,gabor,0,0.009722512688056607,n,n,-1,i,0.7079124905585559,-1.0,1,-1,congruent,hit,space,0,1.5018717847597145,517851,12089,11:02:32.397391,other
9,119,other2,3,gabor,90,0.009722512688056607,i,x,-1,i,0.6756307793684755,-1.0,0,-1,otherWEcongruent,FA,space,0,2.3426055382096815,522483,12089,11:02:32.397391,other
9,120,other2,3,cue,right,-1.0,-1,-1,i,i,-1.0,0.31432083339313976,-1,1,none,none,-1,-1,-1.0,528117,12089,11:02:32.397391,other
9,121,other2,4,gabor,90,0.009722512688056607,n,x,-1,i,0.5721029767692016,-1.0,0,-1,congruent,FA,n,3,2.035892418359253,585098,12089,11:02:32.397391,other
9,122,other2,4,cue,right,-1.0,-1,-1,i,i,-1.0,0.27975588655044703,-1,1,none,none,-1,-1,-1.0,590431,12089,11:02:32.397391,other
9,123,other2,4,gabor,90,0.009722512688056607,n,x,-1,z,0.8895810189615077,-1.0,0,-1,incongruent,FA,x,1,2.387567155965371,593164,12089,11:02:32.397391,other
9,124,other2,4,cue,left,-1.0,-1,-1,z,z,-1.0,0.426251219664664,-1,1,none,none,-1,-1,-1.0,598964,12089,11:02:32.397391,other
9,125,other2,4,cue,left,-1.0,-1,-1,z,z,-1.0,0.3081319822340447,-1,1,none,none,-1,-1,-1.0,601932,12089,11:02:32.397391,other
9,126,other2,4,cue,right,-1.0,-1,-1,i,i,-1.0,0.42356286904396256,-1,1,none,none,-1,-1,-1.0,608231,12089,11:02:32.397391,other
9,127,other2,4,cue,right,-1.0,-1,-1,i,i,-1.0,0.4895708814874524,-1,1,none,none,-1,-1,-1.0,610997,12089,11:02:32.397391,other
9,128,other2,4,cue,right,-1.0,-1,-1,i,i,-1.0,0.32840270655196946,-1,1,none,none,-1,-1,-1.0,614031,12089,11:02:32.397391,other
9,129,other2,4,cue,right,-1.0,-1,-1,i,i,-1.0,0.32936307862746617,-1,1,none,none,-1,-1,-1.0,616813,12089,11:02:32.397391,other
9,130,other2,4,gabor,0,0.009722512688056607,n,n,-1,z,0.6291865560197039,-1.0,1,-1,incongruent,hit,i,2,0.8021222648494586,619497,12089,11:02:32.397391,other
9,131,other2,4,gabor,0,0.009722512688056607,n,n,-1,i,0.4966548255333692,-1.0,1,-1,congruent,hit,i,1,0.7386509249099618,627013,12089,11:02:32.397391,other
9,132,other2,4,gabor,90,0.009722512688056607,n,x,-1,z,0.5664267592446777,-1.0,0,-1,incongruent,FA,x,2,0.6533970714217503,630880,12089,11:02:32.397391,other
9,133,other2,4,gabor,0,0.009722512688056607,n,n,-1,i,0.5722915184278463,-1.0,1,-1,congruent,hit,n,2,0.9483591691723632,634730,12089,11:02:32.397391,other
9,134,other2,4,cue,left,-1.0,-1,-1,z,z,-1.0,0.6527965028790277,-1,1,none,none,-1,-1,-1.0,642129,12089,11:02:32.397391,other
9,135,other2,4,gabor,90,0.009722512688056607,n,x,-1,i,0.5205489288646277,-1.0,0,-1,congruent,FA,z,2,0.890554062881165,645229,12089,11:02:32.397391,other
9,136,other2,4,cue,right,-1.0,-1,-1,i,i,-1.0,0.5632361428597505,-1,1,none,none,-1,-1,-1.0,649162,12089,11:02:32.397391,other
9,137,other2,4,gabor,90,0.009722512688056607,n,x,-1,i,0.5072300542315133,-1.0,0,-1,congruent,FA,x,2,0.7652514266383149,652178,12089,11:02:32.397391,other
9,138,other2,4,gabor,0,0.009722512688056607,n,n,-1,z,0.4871179199435574,-1.0,1,-1,incongruent,hit,x,3,0.7458834751105314,655879,12089,11:02:32.397391,other
9,139,other2,4,cue,right,-1.0,-1,-1,i,i,-1.0,0.4657839128276464,-1,1,none,none,-1,-1,-1.0,659629,12089,11:02:32.397391,other
9,140,other2,4,gabor,0,0.009722512688056607,n,n,-1,z,0.5366728886692727,-1.0,1,-1,incongruent,hit,x,2,0.8256016533296133,662445,12089,11:02:32.397391,other
9,141,other2,4,cue,right,-1.0,-1,-1,i,i,-1.0,0.4013445209056954,-1,1,none,none,-1,-1,-1.0,666228,12089,11:02:32.397391,other
9,142,other2,4,gabor,90,0.009722512688056607,n,x,-1,z,0.528286816790569,-1.0,0,-1,incongruent,FA,n,3,0.8013247067528937,669078,12089,11:02:32.397391,other
9,143,other2,4,gabor,0,0.009722512688056607,i,n,-1,i,0.7861449912243188,-1.0,0,-1,otherWEcongruent,miss,x,2,1.0479951800916751,673030,12089,11:02:32.397391,other
9,144,other2,4,cue,left,-1.0,-1,-1,z,z,-1.0,0.5599061362054272,-1,1,none,none,-1,-1,-1.0,677295,12089,11:02:32.397391,other
9,145,other2,4,gabor,90,0.009722512688056607,n,x,-1,i,0.635590060514005,-1.0,0,-1,congruent,FA,space,0,0.9436026202301946,680195,12089,11:02:32.397391,other
9,146,other2,4,gabor,90,0.009722512688056607,x,x,-1,z,0.7913761582731239,-1.0,1,-1,congruent,CR,x,2,0.7103900277970752,684294,12089,11:02:32.397391,other
9,147,other2,4,gabor,0,0.009722512688056607,i,n,-1,i,0.6031839348679569,-1.0,0,-1,otherWEcongruent,miss,space,0,5.7770581280465185,688211,12089,11:02:32.397391,other
9,148,other2,4,cue,right,-1.0,-1,-1,i,i,-1.0,0.4076758342971516,-1,1,none,none,-1,-1,-1.0,697111,12089,11:02:32.397391,other
9,149,other2,4,cue,left,-1.0,-1,-1,z,z,-1.0,0.2895262612419174,-1,1,none,none,-1,-1,-1.0,699861,12089,11:02:32.397391,other
9,150,other2,4,gabor,0,0.009722512688056607,x,n,-1,z,0.9283057861557608,-1.0,0,-1,congruent,miss,i,2,1.1451955092525168,702494,12089,11:02:32.397391,other
9,151,other2,4,gabor,0,0.009722512688056607,n,n,-1,i,0.557112186894301,-1.0,1,-1,congruent,hit,x,3,1.0451766550868342,706978,12089,11:02:32.397391,other
9,152,other2,4,cue,left,-1.0,-1,-1,z,z,-1.0,0.23470556589563785,-1,1,none,none,-1,-1,-1.0,713844,12089,11:02:32.397391,other
9,153,other2,4,cue,left,-1.0,-1,-1,z,z,-1.0,0.2795784807531163,-1,1,none,none,-1,-1,-1.0,716527,12089,11:02:32.397391,other
9,154,other2,4,cue,left,-1.0,-1,-1,z,z,-1.0,0.24632218966416985,-1,1,none,none,-1,-1,-1.0,719160,12089,11:02:32.397391,other
9,155,other2,4,cue,left,-1.0,-1,-1,z,z,-1.0,0.24631297377800365,-1,1,none,none,-1,-1,-1.0,721760,12089,11:02:32.397391,other
9,156,other2,4,cue,right,-1.0,-1,-1,i,i,-1.0,0.2821666086192636,-1,1,none,none,-1,-1,-1.0,724461,12089,11:02:32.397391,other
9,157,other2,4,gabor,90,0.009722512688056607,n,x,-1,z,0.6489415747419116,-1.0,0,-1,incongruent,FA,x,2,0.6289085434718801,727295,12089,11:02:32.397391,other
9,158,other2,4,gabor,90,0.009722512688056607,x,x,-1,i,0.6686224823833982,-1.0,1,-1,incongruent,CR,n,2,1.8566211721918082,731194,12089,11:02:32.397391,other
9,159,other2,4,gabor,0,0.009722512688056607,n,n,-1,z,0.4314466751584405,-1.0,1,-1,incongruent,hit,z,2,0.8363995992622222,736143,12089,11:02:32.397391,other
9,160,other2,4,cue,left,-1.0,-1,-1,x,z,-1.0,0.5173114650606294,-1,0,none,none,-1,-1,-1.0,739826,12089,11:02:32.397391,other
9,161,other2,5,gabor,0,0.009722512688056607,n,n,-1,z,0.6308035599431605,-1.0,1,-1,incongruent,hit,i,2,1.2197746792771795,746359,12089,11:02:32.397391,other
9,162,other2,5,gabor,0,0.009722512688056607,n,n,-1,z,0.5435321955046675,-1.0,1,-1,incongruent,hit,n,3,1.6315327668889952,750742,12089,11:02:32.397391,other
9,163,other2,5,gabor,0,0.009722512688056607,x,n,-1,z,0.7433187709548292,-1.0,0,-1,congruent,miss,x,1,1.0962564688798009,755359,12089,11:02:32.397391,other
9,164,other2,5,gabor,90,0.009722512688056607,x,x,-1,i,0.7783003526228639,-1.0,1,-1,incongruent,CR,x,1,0.4810600111586609,759709,12089,11:02:32.397391,other
9,165,other2,5,gabor,90,0.009722512688056607,x,x,-1,z,0.7789988399508729,-1.0,1,-1,congruent,CR,space,0,1.4257865854333431,763492,12089,11:02:32.397391,other
9,166,other2,5,cue,right,-1.0,-1,-1,n,i,-1.0,0.5055742667900631,-1,0,none,none,-1,-1,-1.0,768310,12089,11:02:32.397391,other
9,167,other2,5,cue,right,-1.0,-1,-1,i,i,-1.0,0.3353929557606534,-1,1,none,none,-1,-1,-1.0,771359,12089,11:02:32.397391,other
9,168,other2,5,cue,right,-1.0,-1,-1,i,i,-1.0,0.3122702988521269,-1,1,none,none,-1,-1,-1.0,774141,12089,11:02:32.397391,other
9,169,other2,5,gabor,90,0.009722512688056607,n,x,-1,z,0.759139374525148,-1.0,0,-1,incongruent,FA,z,1,1.9650495219448203,776809,12089,11:02:32.397391,other
9,170,other2,5,cue,left,-1.0,-1,-1,z,z,-1.0,0.4638059533854175,-1,1,none,none,-1,-1,-1.0,781975,12089,11:02:32.397391,other
9,171,other2,5,gabor,90,0.009722512688056607,x,x,-1,i,1.078669103244465,-1.0,1,-1,incongruent,CR,z,2,1.8735618898554092,784993,12089,11:02:32.397391,other
9,172,other2,5,cue,right,-1.0,-1,-1,i,i,-1.0,0.42428170811854216,-1,1,none,none,-1,-1,-1.0,790357,12089,11:02:32.397391,other
9,173,other2,5,cue,left,-1.0,-1,-1,z,z,-1.0,0.36619206135947024,-1,1,none,none,-1,-1,-1.0,793224,12089,11:02:32.397391,other
9,174,other2,5,cue,right,-1.0,-1,-1,i,i,-1.0,0.3050231568331583,-1,1,none,none,-1,-1,-1.0,795941,12089,11:02:32.397391,other
9,175,other2,5,cue,right,-1.0,-1,-1,i,i,-1.0,0.2707734700770743,-1,1,none,none,-1,-1,-1.0,798591,12089,11:02:32.397391,other
9,176,other2,5,cue,left,-1.0,-1,-1,z,z,-1.0,0.24674458441950264,-1,1,none,none,-1,-1,-1.0,801207,12089,11:02:32.397391,other
9,177,other2,5,gabor,90,0.009722512688056607,x,x,-1,i,0.9116810965670084,-1.0,1,-1,incongruent,CR,x,1,1.1525563138611687,803808,12089,11:02:32.397391,other
9,178,other2,5,cue,right,-1.0,-1,-1,i,i,-1.0,0.40329329671021696,-1,1,none,none,-1,-1,-1.0,808508,12089,11:02:32.397391,other
9,179,other2,5,cue,left,-1.0,-1,-1,z,z,-1.0,0.2652427867460574,-1,1,none,none,-1,-1,-1.0,811357,12089,11:02:32.397391,other
9,180,other2,5,gabor,90,0.009722512688056607,n,x,-1,i,0.7987780503717659,-1.0,0,-1,congruent,FA,z,1,0.9087700287118424,817624,12089,11:02:32.397391,other
9,181,other2,5,gabor,0,0.009722512688056607,x,n,-1,i,0.6864867085805599,-1.0,0,-1,incongruent,miss,x,1,1.3284295862185902,821840,12089,11:02:32.397391,other
9,182,other2,5,gabor,0,0.009722512688056607,n,n,-1,i,0.5212900396627447,-1.0,1,-1,congruent,hit,x,1,1.1141913501996896,826373,12089,11:02:32.397391,other
9,183,other2,5,gabor,0,0.009722512688056607,n,n,-1,i,1.3901399240230603,-1.0,1,-1,congruent,hit,x,1,3.396815681136103,830440,12089,11:02:32.397391,other
9,184,other2,5,gabor,90,0.009722512688056607,n,x,-1,z,0.8426306898973053,-1.0,0,-1,incongruent,FA,space,0,0.8315904429737202,837740,12089,11:02:32.397391,other
9,185,other2,5,cue,left,-1.0,-1,-1,z,z,-1.0,0.4914897056642076,-1,1,none,none,-1,-1,-1.0,841939,12089,11:02:32.397391,other
9,186,other2,5,gabor,90,0.009722512688056607,n,x,-1,z,0.7373242213825506,-1.0,0,-1,incongruent,FA,i,2,1.890286034208657,844974,12089,11:02:32.397391,other
9,187,other2,5,cue,right,-1.0,-1,-1,i,i,-1.0,0.2657926679185039,-1,1,none,none,-1,-1,-1.0,852773,12089,11:02:32.397391,other
9,188,other2,5,gabor,0,0.009722512688056607,x,n,-1,z,0.7136762589952923,-1.0,0,-1,congruent,miss,x,2,3.4105542625584353,855590,12089,11:02:32.397391,other
9,189,other2,5,cue,right,-1.0,-1,-1,i,i,-1.0,0.2601218263280316,-1,1,none,none,-1,-1,-1.0,862323,12089,11:02:32.397391,other
9,190,other2,5,gabor,90,0.009722512688056607,n,x,-1,i,0.888166764521884,-1.0,0,-1,congruent,FA,i,1,2.2110096041051293,865023,12089,11:02:32.397391,other
9,191,other2,5,gabor,0,0.009722512688056607,n,n,-1,i,0.8638671622247784,-1.0,1,-1,congruent,hit,x,2,0.8027086255697213,870639,12089,11:02:32.397391,other
9,192,other2,5,gabor,0,0.009722512688056607,x,n,-1,i,0.7605970204276673,-1.0,0,-1,incongruent,miss,x,2,1.055427791809052,874838,12089,11:02:32.397391,other
9,193,other2,5,cue,left,-1.0,-1,-1,z,z,-1.0,0.366094910566062,-1,1,none,none,-1,-1,-1.0,879273,12089,11:02:32.397391,other
9,194,other2,5,cue,left,-1.0,-1,-1,z,z,-1.0,0.2941906513287904,-1,1,none,none,-1,-1,-1.0,882089,12089,11:02:32.397391,other
9,195,other2,5,cue,right,-1.0,-1,-1,i,i,-1.0,0.29186748017309583,-1,1,none,none,-1,-1,-1.0,884940,12089,11:02:32.397391,other
9,196,other2,5,cue,left,-1.0,-1,-1,z,z,-1.0,0.2827502813725005,-1,1,none,none,-1,-1,-1.0,887773,12089,11:02:32.397391,other
9,197,other2,5,gabor,0,0.009722512688056607,n,n,-1,z,0.7216088325039891,-1.0,1,-1,incongruent,hit,x,2,1.2825705716031734,890405,12089,11:02:32.397391,other
9,198,other2,5,cue,left,-1.0,-1,-1,x,z,-1.0,0.4003549651934009,-1,0,none,none,-1,-1,-1.0,894837,12089,11:02:32.397391,other
9,199,other2,5,gabor,90,0.009722512688056607,n,x,-1,z,0.9261922763962502,-1.0,0,-1,incongruent,FA,i,2,1.3511394482529795,897687,12089,11:02:32.397391,other
9,200,other2,5,cue,left,-1.0,-1,-1,z,z,-1.0,0.31574699168595544,-1,1,none,none,-1,-1,-1.0,905354,12089,11:02:32.397391,other
