8,1,same1,1,gabor,0,0.015793394082563198,x,x,-1,x,0.6913522268569068,-1.0,1,-1,congruent,hit,i,2,3.853310104263073,0,19914,11:45:14.493929,same
8,2,same1,1,cue,left,-1.0,-1,-1,x,x,-1.0,0.7235769953858835,-1,1,none,none,-1,-1,-1.0,9983,19914,11:45:14.493929,same
8,3,same1,1,cue,right,-1.0,-1,-1,n,n,-1.0,0.6084832701526466,-1,1,none,none,-1,-1,-1.0,13066,19914,11:45:14.493929,same
8,4,same1,1,gabor,90,0.015793394082563198,x,n,-1,x,0.6625526839634404,-1.0,0,-1,congruent,FA,space,0,3.1614195179499798,16133,19914,11:45:14.493929,same
8,5,same1,1,gabor,90,0.015793394082563198,n,n,-1,n,0.8549151987845107,-1.0,1,-1,congruent,CR,i,1,2.450862987901928,25333,19914,11:45:14.493929,same
8,6,same1,1,cue,left,-1.0,-1,-1,x,x,-1.0,0.7256025632359524,-1,1,none,none,-1,-1,-1.0,31166,19914,11:45:14.493929,same
8,7,same1,1,cue,left,-1.0,-1,-1,x,x,-1.0,0.5343279031476413,-1,1,none,none,-1,-1,-1.0,34349,19914,11:45:14.493929,same
8,8,same1,1,gabor,0,0.015793394082563198,n,x,-1,n,0.6752943697283627,-1.0,0,-1,congruent,miss,x,3,4.390203854683931,37433,19914,11:45:14.493929,same
8,9,same1,1,cue,right,-1.0,-1,-1,n,n,-1.0,0.5397986643147306,-1,1,none,none,-1,-1,-1.0,45015,19914,11:45:14.493929,same
8,10,same1,1,gabor,90,0.015793394082563198,n,n,-1,n,0.6727557860194793,-1.0,1,-1,congruent,CR,n,4,2.6676313873540494,47915,19914,11:45:14.493929,same
8,11,same1,1,cue,right,-1.0,-1,-1,n,n,-1.0,0.510282972787536,-1,1,none,none,-1,-1,-1.0,53781,19914,11:45:14.493929,same
8,12,same1,1,cue,left,-1.0,-1,-1,x,x,-1.0,0.01138618727964058,-1,1,none,none,-1,-1,-1.0,56648,19914,11:45:14.493929,same
8,13,same1,1,cue,right,-1.0,-1,-1,n,n,-1.0,0.4920724458261248,-1,1,none,none,-1,-1,-1.0,59014,19914,11:45:14.493929,same
8,14,same1,1,gabor,90,0.015793394082563198,n,n,-1,n,0.7068075975494139,-1.0,1,-1,congruent,CR,i,2,3.1327820204842283,62066,19914,11:45:14.493929,same
8,15,same1,1,cue,left,-1.0,-1,-1,x,x,-1.0,0.7524809846217977,-1,1,none,none,-1,-1,-1.0,68331,19914,11:45:14.493929,same
8,16,same1,1,cue,left,-1.0,-1,-1,x,x,-1.0,0.4922671307358542,-1,1,none,none,-1,-1,-1.0,71431,19914,11:45:14.493929,same
8,17,same1,1,gabor,0,0.015793394082563198,x,x,-1,x,0.6991519110597437,-1.0,1,-1,congruent,hit,x,2,8.117057470064537,74482,19914,11:45:14.493929,same
8,18,same1,1,gabor,90,0.015793394082563198,n,n,-1,n,0.7694807788011531,-1.0,1,-1,congruent,CR,x,2,2.7283988068538747,85714,19914,11:45:14.493929,same
8,19,same1,1,cue,right,-1.0,-1,-1,n,n,-1.0,0.4731949214492488,-1,1,none,none,-1,-1,-1.0,91730,19914,11:45:14.493929,same
8,20,same1,1,gabor,0,0.015793394082563198,n,x,-1,x,0.5897485915102152,-1.0,0,-1,incongruent,miss,z,2,4.460683632029031,98013,19914,11:45:14.493929,same
8,21,same1,1,gabor,90,0.015793394082563198,n,n,-1,x,0.6113317369417928,-1.0,1,-1,incongruent,CR,z,3,5.137331196279773,105681,19914,11:45:14.493929,same
8,22,same1,1,cue,left,-1.0,-1,-1,n,x,-1.0,0.42505667750083376,-1,0,none,none,-1,-1,-1.0,113947,19914,11:45:14.493929,same
8,23,same1,1,gabor,90,0.015793394082563198,x,n,-1,x,0.6217003403726267,-1.0,0,-1,congruent,FA,n,2,0.05057161332661053,116830,19914,11:45:14.493929,same
8,24,same1,1,gabor,0,0.015793394082563198,n,x,-1,x,0.5175381536337227,-1.0,0,-1,incongruent,miss,n,3,3.087488019389639,120029,19914,11:45:14.493929,same
8,25,same1,1,cue,left,-1.0,-1,-1,n,x,-1.0,0.41619064222322777,-1,0,none,none,-1,-1,-1.0,126162,19914,11:45:14.493929,same
8,26,same1,1,cue,right,-1.0,-1,-1,n,n,-1.0,0.40306342657822825,-1,1,none,none,-1,-1,-1.0,128929,19914,11:45:14.493929,same
8,27,same1,1,gabor,0,0.015793394082563198,n,x,-1,n,0.69582959579202,-1.0,0,-1,congruent,miss,i,2,5.177788026148847,131779,19914,11:45:14.493929,same
8,28,same1,1,cue,left,-1.0,-1,-1,x,x,-1.0,0.6003552711608791,-1,1,none,none,-1,-1,-1.0,140178,19914,11:45:14.493929,same
8,29,same1,1,cue,right,-1.0,-1,-1,n,n,-1.0,0.4660468749043503,-1,1,none,none,-1,-1,-1.0,143329,19914,11:45:14.493929,same
8,30,same1,1,gabor,0,0.015793394082563198,n,x,-1,n,0.6660443405435217,-1.0,0,-1,congruent,miss,i,2,4.101023420555067,146145,19914,11:45:14.493929,same
8,31,same1,1,gabor,0,0.015793394082563198,n,x,-1,n,0.5906271695657779,-1.0,0,-1,congruent,miss,n,2,1.8045451822581529,153445,19914,11:45:14.493929,same
8,32,same1,1,cue,right,-1.0,-1,-1,n,n,-1.0,0.6143937043434562,-1,1,none,none,-1,-1,-1.0,158463,19914,11:45:14.493929,same
8,33,same1,1,gabor,0,0.015793394082563198,n,x,-1,x,1.0072006537120617,-1.0,0,-1,incongruent,miss,z,1,1.5491170444147428,161428,19914,11:45:14.493929,same
8,34,same1,1,cue,left,-1.0,-1,-1,n,x,-1.0,0.4757868803098973,-1,0,none,none,-1,-1,-1.0,166511,19914,11:45:14.493929,same
8,35,same1,1,gabor,90,0.015793394082563198,n,n,-1,x,0.7385853971718461,-1.0,1,-1,incongruent,CR,z,2,4.083502930641772,169345,19914,11:45:14.493929,same
8,36,same1,1,gabor,90,0.015793394082563198,n,n,-1,n,0.5732426134927664,-1.0,1,-1,congruent,CR,x,3,6.124216652431643,176694,19914,11:45:14.493929,same
8,37,same1,1,gabor,0,0.015793394082563198,n,x,-1,n,0.09272800021972216,-1.0,0,-1,congruent,miss,z,2,3.038754200893891,185911,19914,11:45:14.493929,same
8,38,same1,1,cue,right,-1.0,-1,-1,n,n,-1.0,0.6064538623650151,-1,1,none,none,-1,-1,-1.0,191661,19914,11:45:14.493929,same
8,39,same1,1,cue,right,-1.0,-1,-1,n,n,-1.0,0.48142698279116297,-1,1,none,none,-1,-1,-1.0,194828,19914,11:45:14.493929,same
8,40,same1,1,gabor,90,0.015793394082563198,n,n,-1,x,0.7151421852631756,-1.0,1,-1,incongruent,CR,z,3,2.0921093860397377,197760,19914,11:45:14.493929,same
8,41,same1,2,cue,right,-1.0,-1,-1,n,n,-1.0,0.4275368941343913,-1,1,none,none,-1,-1,-1.0,207344,19914,11:45:14.493929,same
8,42,same1,2,gabor,0,0.015793394082563198,n,x,-1,n,0.6062737692227529,-1.0,0,-1,congruent,miss,x,2,1.6042136419200688,212892,19914,11:45:14.493929,same
8,43,same1,2,gabor,90,0.015793394082563198,n,n,-1,x,0.7409984148744115,-1.0,1,-1,incongruent,CR,z,2,1.6858234826104308,217728,19914,11:45:14.493929,same
8,44,same1,2,cue,right,-1.0,-1,-1,n,n,-1.0,0.4746648501186428,-1,1,none,none,-1,-1,-1.0,222777,19914,11:45:14.493929,same
8,45,same1,2,gabor,90,0.015793394082563198,n,n,-1,x,0.6225186313840823,-1.0,1,-1,incongruent,CR,n,2,1.2994465111860336,225693,19914,11:45:14.493929,same
8,46,same1,2,gabor,0,0.015793394082563198,n,x,-1,n,0.7163003108817065,-1.0,0,-1,congruent,miss,z,1,1.8621696116442763,230142,19914,11:45:14.493929,same
8,47,same1,2,cue,left,-1.0,-1,-1,x,x,-1.0,0.4748595350301912,-1,1,none,none,-1,-1,-1.0,237992,19914,11:45:14.493929,same
8,48,same1,2,cue,right,-1.0,-1,-1,n,n,-1.0,0.6026192992248979,-1,1,none,none,-1,-1,-1.0,240809,19914,11:45:14.493929,same
8,49,same1,2,gabor,90,0.015793394082563198,n,n,-1,n,0.4603933326361585,-1.0,1,-1,congruent,CR,n,2,1.7603474837651447,243959,19914,11:45:14.493929,same
8,50,same1,2,gabor,90,0.015793394082563198,n,n,-1,n,0.5312763035835815,-1.0,1,-1,congruent,CR,n,1,3.3242049022210267,248792,19914,11:45:14.493929,same
8,51,same1,2,cue,left,-1.0,-1,-1,x,x,-1.0,0.2717870461965504,-1,1,none,none,-1,-1,-1.0,255276,19914,11:45:14.493929,same
8,52,same1,2,gabor,0,0.015793394082563198,n,x,-1,x,0.6316914777926286,-1.0,0,-1,incongruent,miss,i,1,3.236582484963946,257892,19914,11:45:14.493929,same
8,53,same1,2,gabor,0,0.015793394082563198,n,x,-1,n,0.5482019869377837,-1.0,0,-1,congruent,miss,i,1,1.0762784693069989,264375,19914,11:45:14.493929,same
8,54,same1,2,gabor,90,0.015793394082563198,n,n,-1,n,0.3711585249711789,-1.0,1,-1,congruent,CR,z,1,2.202081016570446,268625,19914,11:45:14.493929,same
8,55,same1,2,gabor,0,0.015793394082563198,n,x,-1,x,1.374774979571157,-1.0,0,-1,incongruent,miss,x,1,3.149632057038616,273724,19914,11:45:14.493929,same
8,56,same1,2,cue,right,-1.0,-1,-1,n,n,-1.0,0.5613038589854114,-1,1,none,none,-1,-1,-1.0,280674,19914,11:45:14.493929,same
8,57,same1,2,cue,right,-1.0,-1,-1,n,n,-1.0,0.3453333988691156,-1,1,none,none,-1,-1,-1.0,283691,19914,11:45:14.493929,same
8,58,same1,2,cue,right,-1.0,-1,-1,n,n,-1.0,0.2761065936356317,-1,1,none,none,-1,-1,-1.0,286591,19914,11:45:14.493929,same
8,59,same1,2,cue,left,-1.0,-1,-1,x,x,-1.0,0.3736594772763056,-1,1,none,none,-1,-1,-1.0,291957,19914,11:45:14.493929,same
8,60,same1,2,cue,left,-1.0,-1,-1,x,x,-1.0,0.3535128530438669,-1,1,none,none,-1,-1,-1.0,294875,19914,11:45:14.493929,same
8,61,same1,2,gabor,0,0.015793394082563198,n,x,-1,n,0.5573663854793267,-1.0,0,-1,congruent,miss,x,1,2.2843478708309704,297574,19914,11:45:14.493929,same
8,62,same1,2,cue,left,-1.0,-1,-1,x,x,-1.0,0.4941740444701282,-1,1,none,none,-1,-1,-1.0,302957,19914,11:45:14.493929,same
8,63,same1,2,cue,left,-1.0,-1,-1,x,x,-1.0,0.659842070986997,-1,1,none,none,-1,-1,-1.0,306008,19914,11:45:14.493929,same
8,64,same1,2,cue,right,-1.0,-1,-1,n,n,-1.0,0.4357009885552543,-1,1,none,none,-1,-1,-1.0,309024,19914,11:45:14.493929,same
8,65,same1,2,gabor,0,0.015793394082563198,n,x,-1,x,0.5645559033691825,-1.0,0,-1,incongruent,miss,i,2,5.388448234549288,311806,19914,11:45:14.493929,same
8,66,same1,2,gabor,90,0.015793394082563198,n,n,-1,n,0.550184163477752,-1.0,1,-1,congruent,CR,z,1,2.9181228995530546,320172,19914,11:45:14.493929,same
8,67,same1,2,cue,left,-1.0,-1,-1,x,x,-1.0,0.3026724439823738,-1,1,none,none,-1,-1,-1.0,326173,19914,11:45:14.493929,same
8,68,same1,2,gabor,0,0.015793394082563198,n,x,-1,x,0.7965550370772689,-1.0,0,-1,incongruent,miss,x,1,1.2825473234097444,329024,19914,11:45:14.493929,same
8,69,same1,2,gabor,90,0.015793394082563198,x,n,-1,x,0.5763272365347802,-1.0,0,-1,congruent,FA,space,0,1.655266399611719,333539,19914,11:45:14.493929,same
8,70,same1,2,gabor,0,0.015793394082563198,n,x,-1,n,0.5979699010222248,-1.0,0,-1,congruent,miss,n,2,2.3400481067565124,338188,19914,11:45:14.493929,same
8,71,same1,2,cue,left,-1.0,-1,-1,x,x,-1.0,0.5637518201310739,-1,1,none,none,-1,-1,-1.0,343656,19914,11:45:14.493929,same
8,72,same1,2,gabor,0,0.015793394082563198,n,x,-1,x,0.6385231133608613,-1.0,0,-1,incongruent,miss,i,1,1.9075404115192212,346573,19914,11:45:14.493929,same
8,73,same1,2,cue,right,-1.0,-1,-1,n,n,-1.0,0.4482479894086282,-1,1,none,none,-1,-1,-1.0,351739,19914,11:45:14.493929,same
8,74,same1,2,gabor,90,0.015793394082563198,n,n,-1,n,0.5812734620267292,-1.0,1,-1,congruent,CR,z,2,1.2761860803730087,354638,19914,11:45:14.493929,same
8,75,same1,2,gabor,90,0.015793394082563198,n,n,-1,x,0.721951549185178,-1.0,1,-1,incongruent,CR,space,0,2.2677850617146755,358906,19914,11:45:14.493929,same
8,76,same1,2,gabor,90,0.015793394082563198,n,n,-1,x,0.5974787728173396,-1.0,1,-1,incongruent,CR,i,2,4.452489586084994,364422,19914,11:45:14.493929,same
8,77,same1,2,cue,right,-1.0,-1,-1,n,n,-1.0,0.26388944354584964,-1,1,none,none,-1,-1,-1.0,377388,19914,11:45:14.493929,same
8,78,same1,2,cue,left,-1.0,-1,-1,x,x,-1.0,0.5363995502648322,-1,1,none,none,-1,-1,-1.0,382754,19914,11:45:14.493929,same
8,79,same1,2,cue,left,-1.0,-1,-1,x,x,-1.0,0.365213531329573,-1,1,none,none,-1,-1,-1.0,385838,19914,11:45:14.493929,same
8,80,same1,2,cue,right,-1.0,-1,-1,n,n,-1.0,0.4732383127629873,-1,1,none,none,-1,-1,-1.0,388755,19914,11:45:14.493929,same
8,81,same1,3,cue,right,-1.0,-1,-1,n,n,-1.0,0.2589278582963743,-1,1,none,none,-1,-1,-1.0,394721,19914,11:45:14.493929,same
8,82,same1,3,gabor,0,0.015793394082563198,x,x,-1,n,0.4856735713892704,-1.0,1,-1,incongruent,hit,space,0,1.1206190135344514,397437,19914,11:45:14.493929,same
8,83,same1,3,cue,left,-1.0,-1,-1,x,x,-1.0,0.4683949976351869,-1,1,none,none,-1,-1,-1.0,401671,19914,11:45:14.493929,same
8,84,same1,3,cue,right,-1.0,-1,-1,n,n,-1.0,0.3641763637933764,-1,1,none,none,-1,-1,-1.0,404486,19914,11:45:14.493929,same
8,85,same1,3,cue,right,-1.0,-1,-1,n,n,-1.0,0.256224157210454,-1,1,none,none,-1,-1,-1.0,407203,19914,11:45:14.493929,same
8,86,same1,3,cue,right,-1.0,-1,-1,n,n,-1.0,0.3148592585548613,-1,1,none,none,-1,-1,-1.0,413353,19914,11:45:14.493929,same
8,87,same1,3,gabor,0,0.015793394082563198,n,x,-1,x,0.5755849763154401,-1.0,0,-1,incongruent,miss,i,1,1.702549873127282,416221,19914,11:45:14.493929,same
8,88,same1,3,gabor,90,0.015793394082563198,n,n,-1,x,0.6044966454282985,-1.0,1,-1,incongruent,CR,x,2,1.6972630450400177,420919,19914,11:45:14.493929,same
8,89,same1,3,gabor,0,0.015793394082563198,n,x,-1,n,0.3261041360747185,-1.0,0,-1,congruent,miss,z,2,1.3830005130148493,425853,19914,11:45:14.493929,same
8,90,same1,3,gabor,90,0.015793394082563198,n,n,-1,x,0.548813689229064,-1.0,1,-1,incongruent,CR,i,2,1.125815219060314,430086,19914,11:45:14.493929,same
8,91,same1,3,gabor,0,0.015793394082563198,n,x,-1,n,0.4665337791757338,-1.0,0,-1,congruent,miss,i,2,0.9175906840009702,434370,19914,11:45:14.493929,same
8,92,same1,3,gabor,0,0.015793394082563198,n,x,-1,x,0.502489816481102,-1.0,0,-1,incongruent,miss,x,2,2.424364336489816,438269,19914,11:45:14.493929,same
8,93,same1,3,gabor,90,0.015793394082563198,n,n,-1,n,0.4400969507805712,-1.0,1,-1,congruent,CR,x,2,0.5491201163658843,443619,19914,11:45:14.493929,same
8,94,same1,3,cue,left,-1.0,-1,-1,x,x,-1.0,0.6638106479967973,-1,1,none,none,-1,-1,-1.0,447237,19914,11:45:14.493929,same
8,95,same1,3,gabor,90,0.015793394082563198,n,n,-1,n,0.5426390672328125,-1.0,1,-1,congruent,CR,n,2,2.5915925302433607,450454,19914,11:45:14.493929,same
8,96,same1,3,gabor,0,0.015793394082563198,n,x,-1,n,0.5092730688193114,-1.0,0,-1,congruent,miss,n,1,1.8553268402538377,456102,19914,11:45:14.493929,same
8,97,same1,3,gabor,90,0.015793394082563198,n,n,-1,x,0.6421487838142639,-1.0,1,-1,incongruent,CR,x,2,2.8229454022093705,460985,19914,11:45:14.493929,same
8,98,same1,3,gabor,90,0.015793394082563198,n,n,-1,n,0.5335161400325887,-1.0,1,-1,congruent,CR,n,2,1.1744461271900946,469701,19914,11:45:14.493929,same
8,99,same1,3,gabor,90,0.015793394082563198,n,n,-1,n,0.5212598225643887,-1.0,1,-1,congruent,CR,i,2,1.4663149026491735,474019,19914,11:45:14.493929,same
8,100,same1,3,cue,left,-1.0,-1,-1,x,x,-1.0,0.5371502583511756,-1,1,none,none,-1,-1,-1.0,478635,19914,11:45:14.493929,same
8,101,same1,3,cue,left,-1.0,-1,-1,x,x,-1.0,0.29292783064920513,-1,1,none,none,-1,-1,-1.0,481719,19914,11:45:14.493929,same
8,102,same1,3,cue,left,-1.0,-1,-1,x,x,-1.0,0.2356962270296208,-1,1,none,none,-1,-1,-1.0,484552,19914,11:45:14.493929,same
8,103,same1,3,cue,right,-1.0,-1,-1,n,n,-1.0,0.4365307993830356,-1,1,none,none,-1,-1,-1.0,487335,19914,11:45:14.493929,same
8,104,same1,3,cue,left,-1.0,-1,-1,n,x,-1.0,0.286477501029367,-1,0,none,none,-1,-1,-1.0,490117,19914,11:45:14.493929,same
8,105,same1,3,gabor,90,0.015793394082563198,n,n,-1,x,0.612260234205678,-1.0,1,-1,incongruent,CR,i,2,3.329207574817701,492951,19914,11:45:14.493929,same
8,106,same1,3,cue,right,-1.0,-1,-1,n,n,-1.0,0.4608111180059496,-1,1,none,none,-1,-1,-1.0,499535,19914,11:45:14.493929,same
8,107,same1,3,cue,right,-1.0,-1,-1,n,n,-1.0,0.4737286729796324,-1,1,none,none,-1,-1,-1.0,502451,19914,11:45:14.493929,same
8,108,same1,3,gabor,0,0.015793394082563198,x,x,-1,x,0.6364380264567444,-1.0,1,-1,congruent,hit,x,1,3.3203622752098454,505367,19914,11:45:14.493929,same
8,109,same1,3,gabor,0,0.015793394082563198,n,x,-1,x,0.7731544484940969,-1.0,0,-1,incongruent,miss,z,1,3.476018428635143,511750,19914,11:45:14.493929,same
8,110,same1,3,gabor,0,0.015793394082563198,n,x,-1,x,0.6644956931249908,-1.0,0,-1,incongruent,miss,i,1,4.427414784073335,521266,19914,11:45:14.493929,same
8,111,same1,3,cue,left,-1.0,-1,-1,x,x,-1.0,0.5761817028433143,-1,1,none,none,-1,-1,-1.0,528883,19914,11:45:14.493929,same
8,112,same1,3,cue,left,-1.0,-1,-1,x,x,-1.0,0.43600856767261575,-1,1,none,none,-1,-1,-1.0,532000,19914,11:45:14.493929,same
8,113,same1,3,gabor,90,0.015793394082563198,n,n,-1,n,0.4090372197606485,-1.0,1,-1,congruent,CR,n,1,1.9346757248276845,534883,19914,11:45:14.493929,same
8,114,same1,3,cue,right,-1.0,-1,-1,n,n,-1.0,0.469415269441015,-1,1,none,none,-1,-1,-1.0,539749,19914,11:45:14.493929,same
8,115,same1,3,cue,right,-1.0,-1,-1,n,n,-1.0,0.31730030781000096,-1,1,none,none,-1,-1,-1.0,542566,19914,11:45:14.493929,same
8,116,same1,3,gabor,90,0.015793394082563198,x,n,-1,x,0.5072340611804975,-1.0,0,-1,congruent,FA,space,0,1.1413009252719348,545232,19914,11:45:14.493929,same
8,117,same1,3,gabor,0,0.015793394082563198,n,x,-1,n,0.5428644716557756,-1.0,0,-1,congruent,miss,i,1,1.5185618813866313,552149,19914,11:45:14.493929,same
8,118,same1,3,cue,left,-1.0,-1,-1,x,x,-1.0,0.45156377677813003,-1,1,none,none,-1,-1,-1.0,556833,19914,11:45:14.493929,same
8,119,same1,3,cue,left,-1.0,-1,-1,x,x,-1.0,0.3233873791941733,-1,1,none,none,-1,-1,-1.0,559632,19914,11:45:14.493929,same
8,120,same1,3,cue,right,-1.0,-1,-1,n,n,-1.0,0.2842219208287133,-1,1,none,none,-1,-1,-1.0,562398,19914,11:45:14.493929,same
8,121,same1,4,gabor,0,0.015793394082563198,n,x,-1,n,0.6300011366220133,-1.0,0,-1,congruent,miss,x,1,1.3378263180220529,568382,19914,11:45:14.493929,same
8,122,same1,4,cue,right,-1.0,-1,-1,n,n,-1.0,0.4286159170078463,-1,1,none,none,-1,-1,-1.0,572999,19914,11:45:14.493929,same
8,123,same1,4,cue,left,-1.0,-1,-1,x,x,-1.0,0.4374942400918371,-1,1,none,none,-1,-1,-1.0,575782,19914,11:45:14.493929,same
8,124,same1,4,cue,left,-1.0,-1,-1,x,x,-1.0,0.3422257361926313,-1,1,none,none,-1,-1,-1.0,578564,19914,11:45:14.493929,same
8,125,same1,4,cue,left,-1.0,-1,-1,x,x,-1.0,0.3272453659628809,-1,1,none,none,-1,-1,-1.0,581348,19914,11:45:14.493929,same
8,126,same1,4,cue,left,-1.0,-1,-1,x,x,-1.0,0.19606191210550605,-1,1,none,none,-1,-1,-1.0,584232,19914,11:45:14.493929,same
8,127,same1,4,gabor,90,0.015793394082563198,n,n,-1,n,0.5300191075366456,-1.0,1,-1,congruent,CR,n,2,4.658641706038908,586882,19914,11:45:14.493929,same
8,128,same1,4,gabor,0,0.015793394082563198,x,x,-1,x,0.7223666465961287,-1.0,1,-1,congruent,hit,space,0,2.8834056265859545,594481,19914,11:45:14.493929,same
8,129,same1,4,cue,left,-1.0,-1,-1,x,x,-1.0,0.6009765732997039,-1,1,none,none,-1,-1,-1.0,600514,19914,11:45:14.493929,same
8,130,same1,4,gabor,0,0.015793394082563198,n,x,-1,n,0.558957272229236,-1.0,0,-1,congruent,miss,n,1,4.534837079065255,603564,19914,11:45:14.493929,same
8,131,same1,4,cue,left,-1.0,-1,-1,x,x,-1.0,0.4835811885986914,-1,1,none,none,-1,-1,-1.0,611080,19914,11:45:14.493929,same
8,132,same1,4,cue,right,-1.0,-1,-1,n,n,-1.0,0.24904347118172154,-1,1,none,none,-1,-1,-1.0,613913,19914,11:45:14.493929,same
8,133,same1,4,gabor,0,0.015793394082563198,x,x,-1,x,0.5382480969255994,-1.0,1,-1,congruent,hit,space,0,0.978162266608706,616513,19914,11:45:14.493929,same
8,134,same1,4,cue,right,-1.0,-1,-1,n,n,-1.0,0.5089616497607494,-1,1,none,none,-1,-1,-1.0,620648,19914,11:45:14.493929,same
8,135,same1,4,gabor,0,0.015793394082563198,n,x,-1,n,0.5867649588672066,-1.0,0,-1,congruent,miss,z,1,0.8806838777854864,623698,19914,11:45:14.493929,same
8,136,same1,4,gabor,0,0.015793394082563198,n,x,-1,x,1.326497345833559,-1.0,0,-1,incongruent,miss,z,1,3.5514302237006627,627797,19914,11:45:14.493929,same
8,137,same1,4,cue,left,-1.0,-1,-1,x,x,-1.0,0.5780552091073332,-1,1,none,none,-1,-1,-1.0,635314,19914,11:45:14.493929,same
8,138,same1,4,gabor,90,0.015793394082563198,n,n,-1,x,0.7089153400957002,-1.0,1,-1,incongruent,CR,z,1,3.2308364001655714,638448,19914,11:45:14.493929,same
8,139,same1,4,gabor,0,0.015793394082563198,n,x,-1,n,0.7476019580608408,-1.0,0,-1,congruent,miss,i,1,0.9863954799311614,644912,19914,11:45:14.493929,same
8,140,same1,4,gabor,90,0.015793394082563198,n,n,-1,n,0.5002419161592115,-1.0,1,-1,congruent,CR,x,1,0.990266138496736,649280,19914,11:45:14.493929,same
8,141,same1,4,gabor,90,0.015793394082563198,n,n,-1,x,0.6602229929412715,-1.0,1,-1,incongruent,CR,n,1,2.048099460565936,653295,19914,11:45:14.493929,same
8,142,same1,4,cue,right,-1.0,-1,-1,n,n,-1.0,0.4708698383528826,-1,1,none,none,-1,-1,-1.0,658630,19914,11:45:14.493929,same
8,143,same1,4,cue,left,-1.0,-1,-1,x,x,-1.0,0.4214037434794591,-1,1,none,none,-1,-1,-1.0,661646,19914,11:45:14.493929,same
8,144,same1,4,gabor,0,0.015793394082563198,n,x,-1,n,0.5354280456849665,-1.0,0,-1,congruent,miss,n,1,1.303382448713819,664412,19914,11:45:14.493929,same
8,145,same1,4,cue,right,-1.0,-1,-1,n,n,-1.0,0.4532844534696778,-1,1,none,none,-1,-1,-1.0,668678,19914,11:45:14.493929,same
8,146,same1,4,gabor,90,0.015793394082563198,n,n,-1,n,0.5810883769663633,-1.0,1,-1,congruent,CR,i,1,2.3557519215046345,671679,19914,11:45:14.493929,same
8,147,same1,4,cue,right,-1.0,-1,-1,n,n,-1.0,0.4386539016850293,-1,1,none,none,-1,-1,-1.0,677229,19914,11:45:14.493929,same
8,148,same1,4,gabor,90,0.015793394082563198,x,n,-1,x,0.471441605277505,-1.0,0,-1,congruent,FA,space,0,0.9944105847152968,680212,19914,11:45:14.493929,same
8,149,same1,4,gabor,90,0.015793394082563198,n,n,-1,n,0.6281560459083266,-1.0,1,-1,congruent,CR,n,1,0.9611701523062948,684095,19914,11:45:14.493929,same
8,150,same1,4,gabor,0,0.015793394082563198,x,x,-1,x,0.8411428733816138,-1.0,1,-1,congruent,hit,space,0,2.8691091495002183,688194,19914,11:45:14.493929,same
8,151,same1,4,cue,right,-1.0,-1,-1,n,n,-1.0,0.5557816426335194,-1,1,none,none,-1,-1,-1.0,694528,19914,11:45:14.493929,same
8,152,same1,4,cue,left,-1.0,-1,-1,x,x,-1.0,0.39551986630795,-1,1,none,none,-1,-1,-1.0,697527,19914,11:45:14.493929,same
8,153,same1,4,gabor,90,0.015793394082563198,n,n,-1,x,0.6544204610381712,-1.0,1,-1,incongruent,CR,z,2,1.993245931200363,700479,19914,11:45:14.493929,same
8,154,same1,4,cue,right,-1.0,-1,-1,n,n,-1.0,0.4362147724004899,-1,1,none,none,-1,-1,-1.0,705544,19914,11:45:14.493929,same
8,155,same1,4,gabor,90,0.015793394082563198,n,n,-1,x,0.8417676314638811,-1.0,1,-1,incongruent,CR,n,2,2.430700619919662,711177,19914,11:45:14.493929,same
8,156,same1,4,gabor,0,0.015793394082563198,n,x,-1,x,0.9304971031488094,-1.0,0,-1,incongruent,miss,i,1,1.8273213967549964,716977,19914,11:45:14.493929,same
8,157,same1,4,cue,right,-1.0,-1,-1,n,n,-1.0,0.4201212038369704,-1,1,none,none,-1,-1,-1.0,722143,19914,11:45:14.493929,same
8,158,same1,4,gabor,90,0.015793394082563198,n,n,-1,n,0.5409709977084276,-1.0,1,-1,congruent,CR,i,2,2.7339167992722655,724910,19914,11:45:14.493929,same
8,159,same1,4,cue,left,-1.0,-1,-1,x,x,-1.0,0.4015992578169971,-1,1,none,none,-1,-1,-1.0,730811,19914,11:45:14.493929,same
8,160,same1,4,cue,right,-1.0,-1,-1,n,n,-1.0,0.25553796010171936,-1,1,none,none,-1,-1,-1.0,733659,19914,11:45:14.493929,same
8,161,same1,5,cue,left,-1.0,-1,-1,x,x,-1.0,0.32026589274028083,-1,1,none,none,-1,-1,-1.0,739259,19914,11:45:14.493929,same
8,162,same1,5,gabor,0,0.015793394082563198,x,x,-1,x,0.4771408428205177,-1.0,1,-1,congruent,hit,n,1,3.767828453026596,741943,19914,11:45:14.493929,same
8,163,same1,5,gabor,0,0.015793394082563198,n,x,-1,n,0.6095772687895078,-1.0,0,-1,congruent,miss,x,1,1.0395690359600849,748609,19914,11:45:14.493929,same
8,164,same1,5,cue,left,-1.0,-1,-1,x,x,-1.0,0.5593639217750024,-1,1,none,none,-1,-1,-1.0,752675,19914,11:45:14.493929,same
8,165,same1,5,gabor,0,0.015793394082563198,n,x,-1,n,0.819313203859565,-1.0,0,-1,congruent,miss,z,1,0.8892822693123891,755776,19914,11:45:14.493929,same
8,166,same1,5,cue,left,-1.0,-1,-1,n,x,-1.0,0.6379356026864116,-1,0,none,none,-1,-1,-1.0,759909,19914,11:45:14.493929,same
8,167,same1,5,gabor,0,0.015793394082563198,n,x,-1,x,0.7067722701103776,-1.0,0,-1,incongruent,miss,n,1,1.5807604461697338,762992,19914,11:45:14.493929,same
8,168,same1,5,cue,right,-1.0,-1,-1,n,n,-1.0,0.7185036679093173,-1,1,none,none,-1,-1,-1.0,767910,19914,11:45:14.493929,same
8,169,same1,5,gabor,90,0.015793394082563198,n,n,-1,n,0.5602659234591556,-1.0,1,-1,congruent,CR,z,2,1.8082461155190688,771075,19914,11:45:14.493929,same
8,170,same1,5,gabor,0,0.015793394082563198,n,x,-1,x,1.2570808476120874,-1.0,0,-1,incongruent,miss,i,1,2.308974935949664,775858,19914,11:45:14.493929,same
8,171,same1,5,cue,left,-1.0,-1,-1,x,x,-1.0,0.4737052493510418,-1,1,none,none,-1,-1,-1.0,782042,19914,11:45:14.493929,same
8,172,same1,5,gabor,0,0.015793394082563198,n,x,-1,n,0.5845193625100364,-1.0,0,-1,congruent,miss,space,0,2.3194810091972613,784858,19914,11:45:14.493929,same
8,173,same1,5,cue,left,-1.0,-1,-1,x,x,-1.0,0.4283175537439092,-1,1,none,none,-1,-1,-1.0,790191,19914,11:45:14.493929,same
8,174,same1,5,cue,left,-1.0,-1,-1,x,x,-1.0,0.3331888236261875,-1,1,none,none,-1,-1,-1.0,792974,19914,11:45:14.493929,same
8,175,same1,5,cue,right,-1.0,-1,-1,n,n,-1.0,0.2598221801017644,-1,1,none,none,-1,-1,-1.0,798408,19914,11:45:14.493929,same
8,176,same1,5,gabor,0,0.015793394082563198,x,x,-1,x,0.7355675890721614,-1.0,1,-1,congruent,hit,i,1,1.7045635371687242,801108,19914,11:45:14.493929,same
8,177,same1,5,gabor,90,0.015793394082563198,n,n,-1,x,0.7252515928066714,-1.0,1,-1,incongruent,CR,z,1,1.3182825642179523,806175,19914,11:45:14.493929,same
8,178,same1,5,gabor,90,0.015793394082563198,n,n,-1,n,0.5671194466794987,-1.0,1,-1,congruent,CR,z,1,1.2310767803483031,810740,19914,11:45:14.493929,same
8,179,same1,5,cue,right,-1.0,-1,-1,n,n,-1.0,0.6388882915653085,-1,1,none,none,-1,-1,-1.0,814941,19914,11:45:14.493929,same
8,180,same1,5,gabor,90,0.015793394082563198,n,n,-1,x,0.5996160828944994,-1.0,1,-1,incongruent,CR,n,2,2.7255841315272846,818125,19914,11:45:14.493929,same
8,181,same1,5,gabor,0,0.015793394082563198,n,x,-1,n,0.4692993032822415,-1.0,0,-1,congruent,miss,n,1,1.2412533868264288,823973,19914,11:45:14.493929,same
8,182,same1,5,cue,right,-1.0,-1,-1,n,n,-1.0,0.3290704889932385,-1,1,none,none,-1,-1,-1.0,828307,19914,11:45:14.493929,same
8,183,same1,5,gabor,90,0.015793394082563198,n,n,-1,n,0.5009492329336354,-1.0,1,-1,congruent,CR,n,2,1.958834317381843,831191,19914,11:45:14.493929,same
8,184,same1,5,gabor,90,0.015793394082563198,n,n,-1,n,0.4425345440922683,-1.0,1,-1,congruent,CR,n,2,0.6624390217675682,836274,19914,11:45:14.493929,same
8,185,same1,5,gabor,0,0.015793394082563198,n,x,-1,x,0.7133185982074792,-1.0,0,-1,incongruent,miss,n,1,1.4502581975011708,839889,19914,11:45:14.493929,same
8,186,same1,5,gabor,90,0.015793394082563198,n,n,-1,n,0.4339864557659894,-1.0,1,-1,congruent,CR,x,2,0.6540979061574035,844690,19914,11:45:14.493929,same
8,187,same1,5,cue,left,-1.0,-1,-1,n,x,-1.0,0.4369366809405619,-1,0,none,none,-1,-1,-1.0,848407,19914,11:45:14.493929,same
8,188,same1,5,gabor,0,0.015793394082563198,n,x,-1,n,0.5097561331513134,-1.0,0,-1,congruent,miss,z,1,1.319676846087532,851189,19914,11:45:14.493929,same
8,189,same1,5,gabor,90,0.015793394082563198,n,n,-1,x,0.5125358650293492,-1.0,1,-1,incongruent,CR,z,1,4.9454425299372815,855539,19914,11:45:14.493929,same
8,190,same1,5,cue,left,-1.0,-1,-1,x,x,-1.0,0.501191917081087,-1,1,none,none,-1,-1,-1.0,863422,19914,11:45:14.493929,same
8,191,same1,5,cue,right,-1.0,-1,-1,n,n,-1.0,0.3469400293670333,-1,1,none,none,-1,-1,-1.0,866473,19914,11:45:14.493929,same
8,192,same1,5,cue,left,-1.0,-1,-1,x,x,-1.0,0.21872024047115698,-1,1,none,none,-1,-1,-1.0,869273,19914,11:45:14.493929,same
8,193,same1,5,cue,left,-1.0,-1,-1,x,x,-1.0,0.20049704171105984,-1,1,none,none,-1,-1,-1.0,871939,19914,11:45:14.493929,same
8,194,same1,5,cue,right,-1.0,-1,-1,n,n,-1.0,0.2103699090093869,-1,1,none,none,-1,-1,-1.0,874689,19914,11:45:14.493929,same
8,195,same1,5,cue,right,-1.0,-1,-1,n,n,-1.0,0.2522129568751552,-1,1,none,none,-1,-1,-1.0,877456,19914,11:45:14.493929,same
8,196,same1,5,gabor,90,0.015793394082563198,n,n,-1,x,0.5522677144072077,-1.0,1,-1,incongruent,CR,n,2,2.7520751030642714,880154,19914,11:45:14.493929,same
8,197,same1,5,cue,right,-1.0,-1,-1,n,n,-1.0,0.3467388165609009,-1,1,none,none,-1,-1,-1.0,886089,19914,11:45:14.493929,same
8,198,same1,5,cue,right,-1.0,-1,-1,n,n,-1.0,0.23971011532194095,-1,1,none,none,-1,-1,-1.0,888788,19914,11:45:14.493929,same
8,199,same1,5,gabor,90,0.015793394082563198,n,n,-1,x,0.5714412980851193,-1.0,1,-1,incongruent,CR,i,1,1.5794379711605868,891471,19914,11:45:14.493929,same
8,200,same1,5,cue,right,-1.0,-1,-1,n,n,-1.0,0.3652227471848164,-1,1,none,none,-1,-1,-1.0,896037,19914,11:45:14.493929,same
8,1,other2,1,gabor,0,0.015793394082563198,x,x,-1,z,0.6252242524406029,-1.0,1,-1,congruent,hit,x,1,1.2382229069262394,3449,20065,12:04:47.056026,other
8,2,other2,1,cue,left,-1.0,-1,-1,z,z,-1.0,0.41488275898154825,-1,1,none,none,-1,-1,-1.0,7916,20065,12:04:47.056026,other
8,3,other2,1,gabor,0,0.015793394082563198,n,x,-1,z,0.6077087544454116,-1.0,0,-1,incongruent,miss,z,1,1.0376628902140508,10883,20065,12:04:47.056026,other
8,4,other2,1,cue,left,-1.0,-1,-1,z,z,-1.0,0.5814408833703055,-1,1,none,none,-1,-1,-1.0,14948,20065,12:04:47.056026,other
8,5,other2,1,gabor,0,0.015793394082563198,n,x,-1,i,0.5202837100569013,-1.0,0,-1,congruent,miss,x,1,1.1212718031747502,17882,20065,12:04:47.056026,other
8,6,other2,1,gabor,0,0.015793394082563198,n,x,-1,i,0.9900829734033324,-1.0,0,-1,congruent,miss,n,1,2.4602013356834505,22149,20065,12:04:47.056026,other
8,7,other2,1,gabor,90,0.015793394082563198,n,n,-1,i,0.5707251494495722,-1.0,1,-1,congruent,CR,n,1,1.026750935408927,28216,20065,12:04:47.056026,other
8,8,other2,1,cue,left,-1.0,-1,-1,x,z,-1.0,0.4915920694511442,-1,0,none,none,-1,-1,-1.0,32433,20065,12:04:47.056026,other
8,9,other2,1,cue,left,-1.0,-1,-1,z,z,-1.0,0.34431120709268725,-1,1,none,none,-1,-1,-1.0,35482,20065,12:04:47.056026,other
8,10,other2,1,cue,left,-1.0,-1,-1,z,z,-1.0,0.27325159895190154,-1,1,none,none,-1,-1,-1.0,38281,20065,12:04:47.056026,other
8,11,other2,1,cue,right,-1.0,-1,-1,i,i,-1.0,0.4257904898531706,-1,1,none,none,-1,-1,-1.0,44464,20065,12:04:47.056026,other
8,12,other2,1,gabor,0,0.015793394082563198,n,x,-1,i,0.4186209396484628,-1.0,0,-1,congruent,miss,n,1,1.5755269932360534,47248,20065,12:04:47.056026,other
8,13,other2,1,cue,right,-1.0,-1,-1,i,i,-1.0,0.4143620632457896,-1,1,none,none,-1,-1,-1.0,51764,20065,12:04:47.056026,other
8,14,other2,1,cue,right,-1.0,-1,-1,z,i,-1.0,0.30722622770554153,-1,0,none,none,-1,-1,-1.0,54630,20065,12:04:47.056026,other
8,15,other2,1,gabor,90,0.015793394082563198,n,n,-1,i,0.3850640962627949,-1.0,1,-1,congruent,CR,i,1,2.3511259469287324,57498,20065,12:04:47.056026,other
8,16,other2,1,cue,left,-1.0,-1,-1,z,z,-1.0,0.2667678618599893,-1,1,none,none,-1,-1,-1.0,62865,20065,12:04:47.056026,other
8,17,other2,1,cue,left,-1.0,-1,-1,z,z,-1.0,0.3256018720476277,-1,1,none,none,-1,-1,-1.0,65580,20065,12:04:47.056026,other
8,18,other2,1,cue,left,-1.0,-1,-1,z,z,-1.0,0.27838252551191545,-1,1,none,none,-1,-1,-1.0,68364,20065,12:04:47.056026,other
8,19,other2,1,gabor,90,0.015793394082563198,n,n,-1,z,0.5932617517501058,-1.0,1,-1,incongruent,CR,x,1,1.4242959855746449,71097,20065,12:04:47.056026,other
8,20,other2,1,gabor,0,0.015793394082563198,x,x,-1,z,0.6320244005091809,-1.0,1,-1,congruent,hit,i,1,1.5169091716179537,75731,20065,12:04:47.056026,other
8,21,other2,1,gabor,90,0.015793394082563198,x,n,-1,z,0.4727517924839049,-1.0,0,-1,congruent,FA,z,1,1.027698248371962,80313,20065,12:04:47.056026,other
8,22,other2,1,cue,left,-1.0,-1,-1,x,z,-1.0,0.4605000829433266,-1,0,none,none,-1,-1,-1.0,84230,20065,12:04:47.056026,other
8,23,other2,1,cue,right,-1.0,-1,-1,i,i,-1.0,0.4084562369826017,-1,1,none,none,-1,-1,-1.0,87147,20065,12:04:47.056026,other
8,24,other2,1,gabor,90,0.015793394082563198,x,n,-1,z,0.4692436241657561,-1.0,0,-1,congruent,FA,x,1,2.12827124407886,90013,20065,12:04:47.056026,other
8,25,other2,1,cue,right,-1.0,-1,-1,n,i,-1.0,0.4451721982277377,-1,0,none,none,-1,-1,-1.0,95030,20065,12:04:47.056026,other
8,26,other2,1,gabor,90,0.015793394082563198,n,n,-1,i,0.4527672136791807,-1.0,1,-1,congruent,CR,x,1,1.480685106565943,98031,20065,12:04:47.056026,other
8,27,other2,1,cue,right,-1.0,-1,-1,i,i,-1.0,0.4984352248375217,-1,1,none,none,-1,-1,-1.0,102496,20065,12:04:47.056026,other
8,28,other2,1,gabor,90,0.015793394082563198,n,n,-1,i,0.5042611803655745,-1.0,1,-1,congruent,CR,x,2,1.0182915496752685,105346,20065,12:04:47.056026,other
8,29,other2,1,cue,right,-1.0,-1,-1,i,i,-1.0,0.3061441328809451,-1,1,none,none,-1,-1,-1.0,109496,20065,12:04:47.056026,other
8,30,other2,1,gabor,0,0.015793394082563198,n,x,-1,z,0.4239884064554644,-1.0,0,-1,incongruent,miss,n,1,2.028840246248365,112163,20065,12:04:47.056026,other
8,31,other2,1,gabor,0,0.015793394082563198,x,x,-1,i,0.5256772884513339,-1.0,1,-1,incongruent,hit,i,1,1.0065889514207809,117230,20065,12:04:47.056026,other
8,32,other2,1,gabor,90,0.015793394082563198,x,n,-1,z,1.2793582540252828,-1.0,0,-1,congruent,FA,z,1,2.1142589224818953,121380,20065,12:04:47.056026,other
8,33,other2,1,gabor,0,0.015793394082563198,x,x,-1,z,0.5739971615166723,-1.0,1,-1,congruent,hit,z,1,1.2461827165880095,127412,20065,12:04:47.056026,other
8,34,other2,1,cue,right,-1.0,-1,-1,i,i,-1.0,0.4379496568635659,-1,1,none,none,-1,-1,-1.0,131645,20065,12:04:47.056026,other
8,35,other2,1,cue,right,-1.0,-1,-1,i,i,-1.0,0.3936624877896975,-1,1,none,none,-1,-1,-1.0,134528,20065,12:04:47.056026,other
8,36,other2,1,cue,left,-1.0,-1,-1,z,z,-1.0,0.32447523392875155,-1,1,none,none,-1,-1,-1.0,137479,20065,12:04:47.056026,other
8,37,other2,1,gabor,90,0.015793394082563198,x,n,-1,z,0.5283272303913691,-1.0,0,-1,congruent,FA,z,1,1.3853113883360493,140161,20065,12:04:47.056026,other
8,38,other2,1,cue,right,-1.0,-1,-1,i,i,-1.0,0.2951557632877666,-1,1,none,none,-1,-1,-1.0,144611,20065,12:04:47.056026,other
8,39,other2,1,gabor,90,0.015793394082563198,n,n,-1,i,0.5129271548194083,-1.0,1,-1,congruent,CR,n,1,1.0348566627544642,147361,20065,12:04:47.056026,other
8,40,other2,1,gabor,0,0.015793394082563198,n,x,-1,i,0.4827125943847932,-1.0,0,-1,congruent,miss,i,1,1.2366804034081724,151328,20065,12:04:47.056026,other
8,41,other2,2,gabor,90,0.015793394082563198,n,n,-1,i,0.5442825611480657,-1.0,1,-1,congruent,CR,i,1,0.6962500691188325,158377,20065,12:04:47.056026,other
8,42,other2,2,gabor,0,0.015793394082563198,n,x,-1,z,0.6079802381373156,-1.0,0,-1,incongruent,miss,z,1,1.5179344353437043,164811,20065,12:04:47.056026,other
8,43,other2,2,gabor,90,0.015793394082563198,n,n,-1,i,0.4656310095051594,-1.0,1,-1,congruent,CR,x,1,0.9806589949803309,169562,20065,12:04:47.056026,other
8,44,other2,2,cue,right,-1.0,-1,-1,n,i,-1.0,0.5624024655480753,-1,0,none,none,-1,-1,-1.0,173543,20065,12:04:47.056026,other
8,45,other2,2,gabor,90,0.015793394082563198,x,n,-1,z,0.4704105816435913,-1.0,0,-1,congruent,FA,z,1,0.905259487721196,176661,20065,12:04:47.056026,other
8,46,other2,2,cue,left,-1.0,-1,-1,x,z,-1.0,0.3397612633089011,-1,0,none,none,-1,-1,-1.0,184110,20065,12:04:47.056026,other
8,47,other2,2,gabor,0,0.015793394082563198,x,x,-1,z,0.4846993788505642,-1.0,1,-1,congruent,hit,z,1,1.6874773443596496,186893,20065,12:04:47.056026,other
8,48,other2,2,cue,right,-1.0,-1,-1,i,i,-1.0,0.27737492550659226,-1,1,none,none,-1,-1,-1.0,191493,20065,12:04:47.056026,other
8,49,other2,2,cue,right,-1.0,-1,-1,i,i,-1.0,0.36027383373402705,-1,1,none,none,-1,-1,-1.0,194209,20065,12:04:47.056026,other
8,50,other2,2,cue,left,-1.0,-1,-1,z,z,-1.0,0.4039834759732912,-1,1,none,none,-1,-1,-1.0,197127,20065,12:04:47.056026,other
8,51,other2,2,cue,right,-1.0,-1,-1,i,i,-1.0,0.3740311833771557,-1,1,none,none,-1,-1,-1.0,200077,20065,12:04:47.056026,other
8,52,other2,2,gabor,90,0.015793394082563198,n,n,-1,z,0.4896609641018586,-1.0,1,-1,incongruent,CR,x,1,0.8756804372005718,202793,20065,12:04:47.056026,other
8,53,other2,2,gabor,0,0.015793394082563198,n,x,-1,z,0.4144860932774464,-1.0,0,-1,incongruent,miss,x,1,0.8285056339591392,206676,20065,12:04:47.056026,other
8,54,other2,2,gabor,0,0.015793394082563198,n,x,-1,z,0.6283011956038536,-1.0,0,-1,incongruent,miss,n,1,2.4732651923350204,210326,20065,12:04:47.056026,other
8,55,other2,2,cue,left,-1.0,-1,-1,x,z,-1.0,0.7280466844422335,-1,0,none,none,-1,-1,-1.0,215843,20065,12:04:47.056026,other
8,56,other2,2,cue,right,-1.0,-1,-1,i,i,-1.0,0.5328307109102752,-1,1,none,none,-1,-1,-1.0,218926,20065,12:04:47.056026,other
8,57,other2,2,cue,left,-1.0,-1,-1,i,z,-1.0,0.4496000319486484,-1,0,none,none,-1,-1,-1.0,221809,20065,12:04:47.056026,other
8,58,other2,2,cue,right,-1.0,-1,-1,i,i,-1.0,0.2695061223985249,-1,1,none,none,-1,-1,-1.0,224708,20065,12:04:47.056026,other
8,59,other2,2,cue,right,-1.0,-1,-1,i,i,-1.0,0.28530555162979,-1,1,none,none,-1,-1,-1.0,227325,20065,12:04:47.056026,other
8,60,other2,2,cue,left,-1.0,-1,-1,z,z,-1.0,0.2763331500409549,-1,1,none,none,-1,-1,-1.0,229958,20065,12:04:47.056026,other
8,61,other2,2,gabor,90,0.015793394082563198,n,n,-1,i,0.5310658749240247,-1.0,1,-1,congruent,CR,z,1,1.1480569140403531,232776,20065,12:04:47.056026,other
8,62,other2,2,cue,right,-1.0,-1,-1,i,i,-1.0,0.5588363141505397,-1,1,none,none,-1,-1,-1.0,236892,20065,12:04:47.056026,other
8,63,other2,2,cue,left,-1.0,-1,-1,z,z,-1.0,0.4666124979266897,-1,1,none,none,-1,-1,-1.0,239792,20065,12:04:47.056026,other
8,64,other2,2,cue,left,-1.0,-1,-1,z,z,-1.0,0.2184579726363154,-1,1,none,none,-1,-1,-1.0,242608,20065,12:04:47.056026,other
8,65,other2,2,gabor,90,0.015793394082563198,n,n,-1,i,0.4393278109891981,-1.0,1,-1,congruent,CR,x,1,1.3162965477404214,245274,20065,12:04:47.056026,other
8,66,other2,2,gabor,0,0.015793394082563198,n,x,-1,i,0.5041640299077699,-1.0,0,-1,congruent,miss,z,1,1.0660899590202462,249457,20065,12:04:47.056026,other
8,67,other2,2,gabor,90,0.015793394082563198,n,n,-1,i,0.5768406363858958,-1.0,1,-1,congruent,CR,x,1,0.7277917124902159,253659,20065,12:04:47.056026,other
8,68,other2,2,gabor,0,0.015793394082563198,n,x,-1,i,0.6036238272827177,-1.0,0,-1,congruent,miss,i,1,1.0335814189947996,257575,20065,12:04:47.056026,other
8,69,other2,2,gabor,0,0.015793394082563198,n,x,-1,i,0.7933951512313797,-1.0,0,-1,congruent,miss,i,1,1.3923073732967168,261641,20065,12:04:47.056026,other
8,70,other2,2,gabor,0,0.015793394082563198,n,x,-1,i,0.445121127038874,-1.0,0,-1,congruent,miss,n,1,1.0661179905746394,266340,20065,12:04:47.056026,other
8,71,other2,2,cue,right,-1.0,-1,-1,n,i,-1.0,0.5918947334466793,-1,0,none,none,-1,-1,-1.0,270475,20065,12:04:47.056026,other
8,72,other2,2,gabor,0,0.015793394082563198,n,x,-1,i,0.4907223232567048,-1.0,0,-1,congruent,miss,z,1,1.4536730553008963,273608,20065,12:04:47.056026,other
8,73,other2,2,gabor,90,0.015793394082563198,n,n,-1,z,0.6364583781323745,-1.0,1,-1,incongruent,CR,z,1,1.0093944108921278,278174,20065,12:04:47.056026,other
8,74,other2,2,gabor,90,0.015793394082563198,z,n,-1,z,0.28230387127405265,-1.0,0,-1,otherWEcongruent,FA,i,1,2.1172344912538392,282441,20065,12:04:47.056026,other
8,75,other2,2,cue,left,-1.0,-1,-1,z,z,-1.0,0.4860195498968096,-1,1,none,none,-1,-1,-1.0,287357,20065,12:04:47.056026,other
8,76,other2,2,gabor,90,0.015793394082563198,x,n,-1,z,0.4767687527255475,-1.0,0,-1,congruent,FA,x,1,0.9757688325971684,290190,20065,12:04:47.056026,other
8,77,other2,2,cue,left,-1.0,-1,-1,z,z,-1.0,0.47754019648345997,-1,1,none,none,-1,-1,-1.0,294157,20065,12:04:47.056026,other
8,78,other2,2,cue,left,-1.0,-1,-1,z,z,-1.0,0.4283832167020592,-1,1,none,none,-1,-1,-1.0,296990,20065,12:04:47.056026,other
8,79,other2,2,cue,right,-1.0,-1,-1,i,i,-1.0,0.26523956611890753,-1,1,none,none,-1,-1,-1.0,299873,20065,12:04:47.056026,other
8,80,other2,2,gabor,0,0.015793394082563198,x,x,-1,z,0.4650845861779089,-1.0,1,-1,congruent,hit,space,0,2.5970060763193032,302690,20065,12:04:47.056026,other
8,81,other2,3,cue,left,-1.0,-1,-1,z,z,-1.0,0.7915565884140959,-1,1,none,none,-1,-1,-1.0,310922,20065,12:04:47.056026,other
8,82,other2,3,gabor,90,0.015793394082563198,x,n,-1,i,1.1373603798147087,-1.0,0,-1,incongruent,FA,z,2,2.0823536368825444,314273,20065,12:04:47.056026,other
8,83,other2,3,gabor,90,0.015793394082563198,n,n,-1,i,0.5218749808009306,-1.0,1,-1,congruent,CR,x,1,1.811917481245473,323472,20065,12:04:47.056026,other
8,84,other2,3,gabor,0,0.015793394082563198,n,x,-1,i,0.468574322789209,-1.0,0,-1,congruent,miss,i,1,1.263576104520325,328222,20065,12:04:47.056026,other
8,85,other2,3,gabor,90,0.015793394082563198,x,n,-1,z,0.5502924497577624,-1.0,0,-1,congruent,FA,i,1,1.5272850709316117,332573,20065,12:04:47.056026,other
8,86,other2,3,gabor,0,0.015793394082563198,x,x,-1,z,0.3992035198425583,-1.0,1,-1,congruent,hit,i,1,1.4691979288909351,337154,20065,12:04:47.056026,other
8,87,other2,3,gabor,90,0.015793394082563198,i,n,-1,i,0.555798922359827,-1.0,0,-1,otherWEcongruent,FA,space,0,2.587827853994895,341455,20065,12:04:47.056026,other
8,88,other2,3,cue,right,-1.0,-1,-1,i,i,-1.0,0.4854781184913009,-1,1,none,none,-1,-1,-1.0,347206,20065,12:04:47.056026,other
8,89,other2,3,cue,right,-1.0,-1,-1,i,i,-1.0,0.36045930279033206,-1,1,none,none,-1,-1,-1.0,350138,20065,12:04:47.056026,other
8,90,other2,3,cue,left,-1.0,-1,-1,z,z,-1.0,0.2363225210883684,-1,1,none,none,-1,-1,-1.0,352855,20065,12:04:47.056026,other
8,91,other2,3,cue,left,-1.0,-1,-1,z,z,-1.0,0.4840446692433034,-1,1,none,none,-1,-1,-1.0,355438,20065,12:04:47.056026,other
8,92,other2,3,cue,left,-1.0,-1,-1,z,z,-1.0,0.2747983263998321,-1,1,none,none,-1,-1,-1.0,358472,20065,12:04:47.056026,other
8,93,other2,3,cue,left,-1.0,-1,-1,z,z,-1.0,0.27869855249628017,-1,1,none,none,-1,-1,-1.0,361188,20065,12:04:47.056026,other
8,94,other2,3,cue,right,-1.0,-1,-1,z,i,-1.0,0.33359624116019404,-1,0,none,none,-1,-1,-1.0,363821,20065,12:04:47.056026,other
8,95,other2,3,gabor,90,0.015793394082563198,n,n,-1,i,0.5943165830067301,-1.0,1,-1,congruent,CR,n,1,2.504380602471429,366705,20065,12:04:47.056026,other
8,96,other2,3,cue,left,-1.0,-1,-1,z,z,-1.0,0.7571372947168129,-1,1,none,none,-1,-1,-1.0,372438,20065,12:04:47.056026,other
8,97,other2,3,cue,left,-1.0,-1,-1,z,z,-1.0,0.3848982108956989,-1,1,none,none,-1,-1,-1.0,375739,20065,12:04:47.056026,other
8,98,other2,3,cue,right,-1.0,-1,-1,i,i,-1.0,0.27570954393740976,-1,1,none,none,-1,-1,-1.0,378671,20065,12:04:47.056026,other
8,99,other2,3,cue,right,-1.0,-1,-1,i,i,-1.0,0.2995524935031426,-1,1,none,none,-1,-1,-1.0,381287,20065,12:04:47.056026,other
8,100,other2,3,cue,left,-1.0,-1,-1,z,z,-1.0,0.2214362293634622,-1,1,none,none,-1,-1,-1.0,384037,20065,12:04:47.056026,other
8,101,other2,3,gabor,0,0.015793394082563198,x,x,-1,z,0.3862652291973063,-1.0,1,-1,congruent,hit,x,1,1.7453079784718284,386703,20065,12:04:47.056026,other
8,102,other2,3,gabor,0,0.015793394082563198,x,x,-1,z,0.4707891996349645,-1.0,1,-1,congruent,hit,i,1,1.1857896911460557,394803,20065,12:04:47.056026,other
8,103,other2,3,cue,right,-1.0,-1,-1,i,i,-1.0,0.5995531078933709,-1,1,none,none,-1,-1,-1.0,398987,20065,12:04:47.056026,other
8,104,other2,3,gabor,90,0.015793394082563198,z,n,-1,z,0.5225181705900468,-1.0,0,-1,otherWEcongruent,FA,space,0,1.5552348353139678,402137,20065,12:04:47.056026,other
8,105,other2,3,cue,left,-1.0,-1,-1,x,z,-1.0,0.5102019500754977,-1,0,none,none,-1,-1,-1.0,406635,20065,12:04:47.056026,other
8,106,other2,3,gabor,90,0.015793394082563198,x,n,-1,z,0.6679101669305965,-1.0,0,-1,congruent,FA,x,1,0.8709035530191613,409704,20065,12:04:47.056026,other
8,107,other2,3,gabor,0,0.015793394082563198,n,x,-1,i,0.833767886435453,-1.0,0,-1,congruent,miss,z,1,1.630569447601374,413769,20065,12:04:47.056026,other
8,108,other2,3,gabor,90,0.015793394082563198,x,n,-1,z,0.5782629498098686,-1.0,0,-1,congruent,FA,i,1,0.9293670090864908,418736,20065,12:04:47.056026,other
8,109,other2,3,gabor,0,0.015793394082563198,n,x,-1,i,0.6262326204359852,-1.0,0,-1,congruent,miss,n,1,0.9431531582722528,422752,20065,12:04:47.056026,other
8,110,other2,3,gabor,0,0.015793394082563198,n,x,-1,i,0.6349938253770233,-1.0,0,-1,congruent,miss,n,1,1.2869402136857389,426937,20065,12:04:47.056026,other
8,111,other2,3,cue,left,-1.0,-1,-1,z,z,-1.0,0.4687187044964958,-1,1,none,none,-1,-1,-1.0,431285,20065,12:04:47.056026,other
8,112,other2,3,gabor,0,0.015793394082563198,n,x,-1,i,0.5404645097460161,-1.0,0,-1,congruent,miss,x,1,0.8925032101888064,434303,20065,12:04:47.056026,other
8,113,other2,3,cue,right,-1.0,-1,-1,n,i,-1.0,0.3982934542855219,-1,0,none,none,-1,-1,-1.0,438252,20065,12:04:47.056026,other
8,114,other2,3,cue,right,-1.0,-1,-1,i,i,-1.0,0.4481308712656755,-1,1,none,none,-1,-1,-1.0,441001,20065,12:04:47.056026,other
8,115,other2,3,gabor,90,0.015793394082563198,n,n,-1,z,0.5251500648191723,-1.0,1,-1,incongruent,CR,z,1,1.5019514570267347,443902,20065,12:04:47.056026,other
8,116,other2,3,cue,right,-1.0,-1,-1,i,i,-1.0,0.3107155803227215,-1,1,none,none,-1,-1,-1.0,448452,20065,12:04:47.056026,other
8,117,other2,3,gabor,90,0.015793394082563198,n,n,-1,i,0.5285768264293438,-1.0,1,-1,congruent,CR,z,1,1.1615162844136648,451218,20065,12:04:47.056026,other
8,118,other2,3,cue,right,-1.0,-1,-1,z,i,-1.0,0.5803683883914346,-1,0,none,none,-1,-1,-1.0,455519,20065,12:04:47.056026,other
8,119,other2,3,gabor,0,0.015793394082563198,x,x,-1,z,0.5992539766411937,-1.0,1,-1,congruent,hit,z,1,2.8929678428157786,458652,20065,12:04:47.056026,other
8,120,other2,3,gabor,0,0.015793394082563198,x,x,-1,z,0.8507504008885007,-1.0,1,-1,congruent,hit,n,1,2.1907462844756083,464568,20065,12:04:47.056026,other
8,121,other2,4,gabor,0,0.015793394082563198,x,x,-1,z,0.5392683687332465,-1.0,1,-1,congruent,hit,i,1,1.0992866161232089,473167,20065,12:04:47.056026,other
8,122,other2,4,gabor,0,0.015793394082563198,n,x,-1,z,0.4371570934436022,-1.0,0,-1,incongruent,miss,x,1,0.8731403175170271,477334,20065,12:04:47.056026,other
8,123,other2,4,cue,right,-1.0,-1,-1,n,i,-1.0,0.4508449401891994,-1,0,none,none,-1,-1,-1.0,481168,20065,12:04:47.056026,other
8,124,other2,4,gabor,0,0.015793394082563198,n,x,-1,i,0.6277482443801999,-1.0,0,-1,congruent,miss,i,1,0.8485877472139691,484168,20065,12:04:47.056026,other
8,125,other2,4,gabor,0,0.015793394082563198,n,x,-1,i,0.6405064418813708,-1.0,0,-1,congruent,miss,z,1,1.0445171814226342,488267,20065,12:04:47.056026,other
8,126,other2,4,gabor,0,0.015793394082563198,n,x,-1,i,0.4923535293655732,-1.0,0,-1,congruent,miss,n,3,0.022113441014880664,492367,20065,12:04:47.056026,other
8,127,other2,4,cue,left,-1.0,-1,-1,z,z,-1.0,0.4837916172600672,-1,1,none,none,-1,-1,-1.0,498150,20065,12:04:47.056026,other
8,128,other2,4,cue,left,-1.0,-1,-1,z,z,-1.0,0.4106876255664247,-1,1,none,none,-1,-1,-1.0,500983,20065,12:04:47.056026,other
8,129,other2,4,gabor,0,0.015793394082563198,n,x,-1,i,0.55654732648145,-1.0,0,-1,congruent,miss,i,1,1.2205192519177217,503750,20065,12:04:47.056026,other
8,130,other2,4,cue,right,-1.0,-1,-1,i,i,-1.0,0.5573176182551833,-1,1,none,none,-1,-1,-1.0,508151,20065,12:04:47.056026,other
8,131,other2,4,gabor,90,0.015793394082563198,x,n,-1,z,0.5692164373976993,-1.0,0,-1,congruent,FA,x,1,2.6400748327305337,511250,20065,12:04:47.056026,other
8,132,other2,4,gabor,90,0.015793394082563198,n,n,-1,i,0.599792336095561,-1.0,1,-1,congruent,CR,n,1,1.2138634855582495,517084,20065,12:04:47.056026,other
8,133,other2,4,gabor,0,0.015793394082563198,n,x,-1,z,0.7063917321502231,-1.0,0,-1,incongruent,miss,z,1,1.3336231207340459,521416,20065,12:04:47.056026,other
8,134,other2,4,gabor,0,0.015793394082563198,n,x,-1,i,0.3882685254011449,-1.0,0,-1,congruent,miss,n,1,1.2673273409818648,525965,20065,12:04:47.056026,other
8,135,other2,4,cue,left,-1.0,-1,-1,z,z,-1.0,0.5131563991817529,-1,1,none,none,-1,-1,-1.0,530048,20065,12:04:47.056026,other
8,136,other2,4,cue,right,-1.0,-1,-1,i,i,-1.0,0.2868584229836415,-1,1,none,none,-1,-1,-1.0,533117,20065,12:04:47.056026,other
8,137,other2,4,cue,right,-1.0,-1,-1,i,i,-1.0,0.2857644243467803,-1,1,none,none,-1,-1,-1.0,535749,20065,12:04:47.056026,other
8,138,other2,4,gabor,0,0.015793394082563198,n,x,-1,z,0.5725249288843771,-1.0,0,-1,incongruent,miss,x,1,1.0595359510462004,538583,20065,12:04:47.056026,other
8,139,other2,4,gabor,90,0.015793394082563198,n,n,-1,z,1.3601041084275494,-1.0,1,-1,incongruent,CR,x,1,1.6400222255688277,545481,20065,12:04:47.056026,other
8,140,other2,4,cue,right,-1.0,-1,-1,i,i,-1.0,0.5289001492965326,-1,1,none,none,-1,-1,-1.0,551099,20065,12:04:47.056026,other
8,141,other2,4,cue,left,-1.0,-1,-1,z,z,-1.0,0.6446800716385042,-1,1,none,none,-1,-1,-1.0,554183,20065,12:04:47.056026,other
8,142,other2,4,cue,right,-1.0,-1,-1,i,i,-1.0,0.2845199001003493,-1,1,none,none,-1,-1,-1.0,557382,20065,12:04:47.056026,other
8,143,other2,4,gabor,90,0.015793394082563198,n,n,-1,i,0.48736621652278705,-1.0,1,-1,congruent,CR,z,1,1.6103406486745369,560114,20065,12:04:47.056026,other
8,144,other2,4,gabor,90,0.015793394082563198,n,n,-1,i,0.4591376725675218,-1.0,1,-1,congruent,CR,i,1,0.9590313062562928,564831,20065,12:04:47.056026,other
8,145,other2,4,cue,left,-1.0,-1,-1,z,z,-1.0,0.4098405350105168,-1,1,none,none,-1,-1,-1.0,568865,20065,12:04:47.056026,other
8,146,other2,4,cue,left,-1.0,-1,-1,z,z,-1.0,0.3676714763187192,-1,1,none,none,-1,-1,-1.0,571714,20065,12:04:47.056026,other
8,147,other2,4,cue,left,-1.0,-1,-1,z,z,-1.0,0.2435892217508808,-1,1,none,none,-1,-1,-1.0,574632,20065,12:04:47.056026,other
8,148,other2,4,cue,right,-1.0,-1,-1,i,i,-1.0,0.2363167611820245,-1,1,none,none,-1,-1,-1.0,577214,20065,12:04:47.056026,other
8,149,other2,4,gabor,90,0.015793394082563198,i,n,-1,z,0.5336739615268016,-1.0,0,-1,otherWEincongruent,FA,space,0,2.0211519202766794,579797,20065,12:04:47.056026,other
8,150,other2,4,gabor,0,0.015793394082563198,x,x,-1,z,0.5579512081985739,-1.0,1,-1,congruent,hit,n,1,1.5088906108885567,584781,20065,12:04:47.056026,other
8,151,other2,4,gabor,90,0.015793394082563198,n,n,-1,z,0.4747055534735409,-1.0,1,-1,incongruent,CR,n,1,0.6056470911698852,589264,20065,12:04:47.056026,other
8,152,other2,4,gabor,90,0.015793394082563198,n,n,-1,z,0.5825172182867391,-1.0,1,-1,incongruent,CR,x,1,0.7813339026688482,592964,20065,12:04:47.056026,other
8,153,other2,4,gabor,90,0.015793394082563198,x,n,-1,i,0.6752724820762523,-1.0,0,-1,incongruent,FA,x,1,0.9732859280047704,596863,20065,12:04:47.056026,other
8,154,other2,4,cue,right,-1.0,-1,-1,n,i,-1.0,0.3760648151001078,-1,0,none,none,-1,-1,-1.0,601148,20065,12:04:47.056026,other
8,155,other2,4,gabor,90,0.015793394082563198,n,n,-1,i,0.4908060339257645,-1.0,1,-1,congruent,CR,n,1,0.8538369439011149,604064,20065,12:04:47.056026,other
8,156,other2,4,cue,right,-1.0,-1,-1,i,i,-1.0,0.5086033834468253,-1,1,none,none,-1,-1,-1.0,608031,20065,12:04:47.056026,other
8,157,other2,4,cue,left,-1.0,-1,-1,z,z,-1.0,0.582410851973691,-1,1,none,none,-1,-1,-1.0,610979,20065,12:04:47.056026,other
8,158,other2,4,cue,left,-1.0,-1,-1,z,z,-1.0,0.2972911533943261,-1,1,none,none,-1,-1,-1.0,613912,20065,12:04:47.056026,other
8,159,other2,4,cue,left,-1.0,-1,-1,z,z,-1.0,0.23119505047179698,-1,1,none,none,-1,-1,-1.0,616562,20065,12:04:47.056026,other
8,160,other2,4,cue,right,-1.0,-1,-1,i,i,-1.0,0.24397859157215865,-1,1,none,none,-1,-1,-1.0,619246,20065,12:04:47.056026,other
8,161,other2,5,cue,right,-1.0,-1,-1,i,i,-1.0,0.4265388939747936,-1,1,none,none,-1,-1,-1.0,624696,20065,12:04:47.056026,other
8,162,other2,5,cue,right,-1.0,-1,-1,i,i,-1.0,0.2674813225366961,-1,1,none,none,-1,-1,-1.0,627479,20065,12:04:47.056026,other
8,163,other2,5,gabor,0,0.015793394082563198,n,x,-1,i,0.48224796175963996,-1.0,0,-1,congruent,miss,z,1,0.9652750471541368,630296,20065,12:04:47.056026,other
8,164,other2,5,cue,left,-1.0,-1,-1,z,z,-1.0,0.3391280573596305,-1,1,none,none,-1,-1,-1.0,634279,20065,12:04:47.056026,other
8,165,other2,5,gabor,90,0.015793394082563198,n,n,-1,z,0.5057810282432911,-1.0,1,-1,incongruent,CR,x,1,1.227628131086021,639712,20065,12:04:47.056026,other
8,166,other2,5,gabor,90,0.015793394082563198,x,n,-1,z,0.5965425956765102,-1.0,0,-1,congruent,FA,z,1,0.7784743000574963,643862,20065,12:04:47.056026,other
8,167,other2,5,cue,right,-1.0,-1,-1,z,i,-1.0,0.6812462752586725,-1,0,none,none,-1,-1,-1.0,647745,20065,12:04:47.056026,other
8,168,other2,5,gabor,90,0.015793394082563198,n,n,-1,i,0.4562070310821582,-1.0,1,-1,congruent,CR,z,1,0.7881705301570037,650778,20065,12:04:47.056026,other
8,169,other2,5,cue,left,-1.0,-1,-1,i,z,-1.0,0.7168889735385164,-1,0,none,none,-1,-1,-1.0,654446,20065,12:04:47.056026,other
8,170,other2,5,gabor,90,0.015793394082563198,n,n,-1,z,0.39075411795056425,-1.0,1,-1,incongruent,CR,i,1,0.7657744696280133,657611,20065,12:04:47.056026,other
8,171,other2,5,cue,left,-1.0,-1,-1,z,z,-1.0,0.4715256999443227,-1,1,none,none,-1,-1,-1.0,661396,20065,12:04:47.056026,other
8,172,other2,5,cue,right,-1.0,-1,-1,i,i,-1.0,0.3073978729808005,-1,1,none,none,-1,-1,-1.0,664311,20065,12:04:47.056026,other
8,173,other2,5,cue,left,-1.0,-1,-1,i,z,-1.0,0.30126318635120697,-1,0,none,none,-1,-1,-1.0,667061,20065,12:04:47.056026,other
8,174,other2,5,gabor,90,0.015793394082563198,n,n,-1,i,0.5310328514478897,-1.0,1,-1,congruent,CR,x,1,0.8440001720300643,669911,20065,12:04:47.056026,other
8,175,other2,5,gabor,0,0.015793394082563198,n,x,-1,z,0.6998431000902201,-1.0,0,-1,incongruent,miss,z,1,0.8458395028355881,673695,20065,12:04:47.056026,other
8,176,other2,5,gabor,90,0.015793394082563198,n,n,-1,i,1.3513728550096855,-1.0,1,-1,congruent,CR,n,4,0.04723662626020087,681210,20065,12:04:47.056026,other
8,177,other2,5,cue,left,-1.0,-1,-1,z,z,-1.0,0.6342481092124217,-1,1,none,none,-1,-1,-1.0,685144,20065,12:04:47.056026,other
8,178,other2,5,gabor,90,0.015793394082563198,n,n,-1,i,0.7630561767728068,-1.0,1,-1,congruent,CR,i,1,1.8669687674719169,688127,20065,12:04:47.056026,other
8,179,other2,5,gabor,0,0.015793394082563198,n,x,-1,i,0.8058469215975492,-1.0,0,-1,congruent,miss,n,1,1.2747042478949882,693277,20065,12:04:47.056026,other
8,180,other2,5,cue,right,-1.0,-1,-1,n,i,-1.0,0.553441967769686,-1,0,none,none,-1,-1,-1.0,697978,20065,12:04:47.056026,other
8,181,other2,5,cue,left,-1.0,-1,-1,z,z,-1.0,0.3212700368021615,-1,1,none,none,-1,-1,-1.0,700976,20065,12:04:47.056026,other
8,182,other2,5,cue,left,-1.0,-1,-1,z,z,-1.0,0.2392224430623173,-1,1,none,none,-1,-1,-1.0,703643,20065,12:04:47.056026,other
8,183,other2,5,cue,right,-1.0,-1,-1,i,i,-1.0,0.2400391980991117,-1,1,none,none,-1,-1,-1.0,706227,20065,12:04:47.056026,other
8,184,other2,5,gabor,0,0.015793394082563198,x,x,-1,z,0.4808283362926886,-1.0,1,-1,congruent,hit,x,1,2.5547629068041715,709011,20065,12:04:47.056026,other
8,185,other2,5,gabor,90,0.015793394082563198,n,n,-1,i,0.4694064375798917,-1.0,1,-1,congruent,CR,z,1,1.3214574258290668,714677,20065,12:04:47.056026,other
8,186,other2,5,cue,left,-1.0,-1,-1,z,z,-1.0,0.6852828191913432,-1,1,none,none,-1,-1,-1.0,719093,20065,12:04:47.056026,other
8,187,other2,5,cue,left,-1.0,-1,-1,z,z,-1.0,0.3572663934664888,-1,1,none,none,-1,-1,-1.0,722326,20065,12:04:47.056026,other
8,188,other2,5,cue,right,-1.0,-1,-1,i,i,-1.0,0.26804118565087265,-1,1,none,none,-1,-1,-1.0,725126,20065,12:04:47.056026,other
8,189,other2,5,cue,right,-1.0,-1,-1,i,i,-1.0,0.22374902465526247,-1,1,none,none,-1,-1,-1.0,727843,20065,12:04:47.056026,other
8,190,other2,5,gabor,0,0.015793394082563198,z,x,-1,z,0.5097173497670155,-1.0,0,-1,otherWEcongruent,miss,n,2,0.03861557909476687,730509,20065,12:04:47.056026,other
8,191,other2,5,gabor,0,0.015793394082563198,n,x,-1,i,0.3853751313254179,-1.0,0,-1,congruent,miss,n,1,0.9284385118244244,733592,20065,12:04:47.056026,other
8,192,other2,5,gabor,0,0.015793394082563198,n,x,-1,z,0.3922605260413548,-1.0,0,-1,incongruent,miss,n,1,0.7991362441098318,737425,20065,12:04:47.056026,other
8,193,other2,5,gabor,90,0.015793394082563198,n,n,-1,z,0.6999463944503077,-1.0,1,-1,incongruent,CR,n,1,1.2789339407609075,741143,20065,12:04:47.056026,other
8,194,other2,5,cue,left,-1.0,-1,-1,i,z,-1.0,0.5327124407867814,-1,0,none,none,-1,-1,-1.0,745727,20065,12:04:47.056026,other
8,195,other2,5,gabor,90,0.015793394082563198,n,n,-1,z,0.5055721355602145,-1.0,1,-1,incongruent,CR,x,1,0.8514473498289591,748809,20065,12:04:47.056026,other
8,196,other2,5,gabor,0,0.015793394082563198,n,x,-1,z,0.6013574952521594,-1.0,0,-1,incongruent,miss,i,1,0.942266516345626,755441,20065,12:04:47.056026,other
8,197,other2,5,gabor,0,0.015793394082563198,n,x,-1,i,0.5380641638457746,-1.0,0,-1,congruent,miss,i,1,0.6988746674614958,759609,20065,12:04:47.056026,other
8,198,other2,5,cue,right,-1.0,-1,-1,n,i,-1.0,0.2517767398003343,-1,0,none,none,-1,-1,-1.0,763375,20065,12:04:47.056026,other
8,199,other2,5,gabor,0,0.015793394082563198,n,x,-1,i,0.5115401688344718,-1.0,0,-1,congruent,miss,i,1,0.9855503093458536,766074,20065,12:04:47.056026,other
8,200,other2,5,cue,right,-1.0,-1,-1,i,i,-1.0,0.4433236515669705,-1,1,none,none,-1,-1,-1.0,770192,20065,12:04:47.056026,other
