15,1,hand1,1,gabor,0,0.01602694685737935,3,3,-1,3,0.609559952354175,-1,1,-1,congruent,hit,q,3,1.0944990012358176,0,33684,16:11:39.610207,hand
15,2,hand1,1,cue,black,-1,-1,-1,3,3,-1,0.2463315283130214,-1,1,none,none,-1,-1,-1,5132,33684,16:11:39.610207,hand
15,3,hand1,1,gabor,0,0.01602694685737935,4,3,-1,4,0.5172489399892584,-1,0,-1,congruent,miss,4,2,1.2012462090351619,7717,33684,16:11:39.610207,hand
15,4,hand1,1,gabor,0,0.01602694685737935,3,3,-1,4,0.4419507122674986,-1,1,-1,incongruent,hit,q,2,1.2988520930275627,12682,33684,16:11:39.610207,hand
15,5,hand1,1,cue,white,-1,-1,-1,4,4,-1,0.33859338964703056,-1,1,none,none,-1,-1,-1,17665,33684,16:11:39.610207,hand
15,6,hand1,1,gabor,0,0.01602694685737935,3,3,-1,3,0.7372815947055642,-1,1,-1,congruent,hit,q,2,1.3014244583209802,20349,33684,16:11:39.610207,hand
15,7,hand1,1,cue,white,-1,-1,-1,4,4,-1,0.27411530064000544,-1,1,none,none,-1,-1,-1,25715,33684,16:11:39.610207,hand
15,8,hand1,1,cue,white,-1,-1,-1,4,4,-1,0.4777956376919974,-1,1,none,none,-1,-1,-1,32198,33684,16:11:39.610207,hand
15,9,hand1,1,cue,white,-1,-1,-1,4,4,-1,0.30562687148358236,-1,1,none,none,-1,-1,-1,35015,33684,16:11:39.610207,hand
15,10,hand1,1,cue,black,-1,-1,-1,3,3,-1,0.19548171466431086,-1,1,none,none,-1,-1,-1,37648,33684,16:11:39.610207,hand
15,11,hand1,1,cue,black,-1,-1,-1,3,3,-1,0.20032078727672342,-1,1,none,none,-1,-1,-1,40382,33684,16:11:39.610207,hand
15,12,hand1,1,cue,black,-1,-1,-1,3,3,-1,0.3982496857015576,-1,1,none,none,-1,-1,-1,42915,33684,16:11:39.610207,hand
15,13,hand1,1,cue,white,-1,-1,-1,4,4,-1,0.2320616016022541,-1,1,none,none,-1,-1,-1,45849,33684,16:11:39.610207,hand
15,14,hand1,1,cue,black,-1,-1,-1,3,3,-1,0.23402841083134263,-1,1,none,none,-1,-1,-1,48414,33684,16:11:39.610207,hand
15,15,hand1,1,gabor,90,0.01602694685737935,4,4,-1,4,0.33766259199455817,-1,1,-1,congruent,CR,c,3,1.964660792606992,51182,33684,16:11:39.610207,hand
15,16,hand1,1,cue,white,-1,-1,-1,4,4,-1,0.6853823297433337,-1,1,none,none,-1,-1,-1,56931,33684,16:11:39.610207,hand
15,17,hand1,1,cue,black,-1,-1,-1,3,3,-1,0.25111338605347555,-1,1,none,none,-1,-1,-1,59948,33684,16:11:39.610207,hand
15,18,hand1,1,cue,black,-1,-1,-1,3,3,-1,0.20810047392296838,-1,1,none,none,-1,-1,-1,62732,33684,16:11:39.610207,hand
15,19,hand1,1,cue,black,-1,-1,-1,3,3,-1,0.18398229334070493,-1,1,none,none,-1,-1,-1,65482,33684,16:11:39.610207,hand
15,20,hand1,1,cue,white,-1,-1,-1,4,4,-1,0.17574642368617788,-1,1,none,none,-1,-1,-1,68097,33684,16:11:39.610207,hand
15,21,hand1,1,gabor,90,0.01602694685737935,4,4,-1,3,0.47833629903470865,-1,1,-1,incongruent,CR,c,2,1.387331628919128,74280,33684,16:11:39.610207,hand
15,22,hand1,1,cue,black,-1,-1,-1,3,3,-1,0.3901405335500385,-1,1,none,none,-1,-1,-1,79598,33684,16:11:39.610207,hand
15,23,hand1,1,cue,white,-1,-1,-1,4,4,-1,0.41676848865972715,-1,1,none,none,-1,-1,-1,82330,33684,16:11:39.610207,hand
15,24,hand1,1,gabor,90,0.01602694685737935,4,4,-1,3,0.6608248618204016,-1,1,-1,incongruent,CR,q,4,1.2437929543530117,85080,33684,16:11:39.610207,hand
15,25,hand1,1,gabor,90,0.01602694685737935,4,4,-1,4,0.6514508386007947,-1,1,-1,congruent,CR,c,3,1.2394795673781118,90431,33684,16:11:39.610207,hand
15,26,hand1,1,cue,white,-1,-1,-1,4,4,-1,0.3402487810153616,-1,1,none,none,-1,-1,-1,95765,33684,16:11:39.610207,hand
15,27,hand1,1,cue,white,-1,-1,-1,4,4,-1,0.34794475731359853,-1,1,none,none,-1,-1,-1,102113,33684,16:11:39.610207,hand
15,28,hand1,1,cue,white,-1,-1,-1,4,4,-1,0.5416347632954057,-1,1,none,none,-1,-1,-1,104997,33684,16:11:39.610207,hand
15,29,hand1,1,cue,black,-1,-1,-1,3,3,-1,0.2294623568377574,-1,1,none,none,-1,-1,-1,107879,33684,16:11:39.610207,hand
15,30,hand1,1,cue,white,-1,-1,-1,4,4,-1,0.21730362051130214,-1,1,none,none,-1,-1,-1,110546,33684,16:11:39.610207,hand
15,31,hand1,1,cue,black,-1,-1,-1,3,3,-1,0.19925060037257936,-1,1,none,none,-1,-1,-1,113297,33684,16:11:39.610207,hand
15,32,hand1,1,cue,black,-1,-1,-1,3,3,-1,0.24779914738337538,-1,1,none,none,-1,-1,-1,119595,33684,16:11:39.610207,hand
15,33,hand1,1,gabor,90,0.01602694685737935,3,4,-1,4,0.2706309533223248,-1,0,-1,incongruent,FA,3,2,2.152554048854654,122379,33684,16:11:39.610207,hand
15,34,hand1,1,gabor,90,0.01602694685737935,4,4,-1,3,0.49729438933263737,-1,1,-1,incongruent,CR,c,2,1.7572419052476107,128245,33684,16:11:39.610207,hand
15,35,hand1,1,gabor,0,0.01602694685737935,3,3,-1,3,0.6600380613299421,-1,1,-1,congruent,hit,c,3,1.0279174016923207,133947,33684,16:11:39.610207,hand
15,36,hand1,1,gabor,0,0.01602694685737935,3,3,-1,4,0.4463551054477648,-1,1,-1,incongruent,hit,3,2,1.4964530619172365,142628,33684,16:11:39.610207,hand
15,37,hand1,2,cue,black,-1,-1,-1,3,3,-1,0.2432703406557266,-1,1,none,none,-1,-1,-1,166412,33684,16:11:39.610207,hand
15,38,hand1,2,gabor,90,0.01602694685737935,4,4,-1,4,0.3989450959943497,-1,1,-1,congruent,CR,3,3,1.0549508528083607,169261,33684,16:11:39.610207,hand
15,39,hand1,2,cue,white,-1,-1,-1,4,4,-1,0.5146854065214939,-1,1,none,none,-1,-1,-1,174060,33684,16:11:39.610207,hand
15,40,hand1,2,gabor,0,0.01602694685737935,3,3,-1,3,0.48149847670265444,-1,1,-1,congruent,hit,4,3,1.0294506834688946,177010,33684,16:11:39.610207,hand
15,41,hand1,2,cue,white,-1,-1,-1,4,4,-1,0.44228900959842576,-1,1,none,none,-1,-1,-1,181860,33684,16:11:39.610207,hand
15,42,hand1,2,cue,white,-1,-1,-1,4,4,-1,0.30814701380677434,-1,1,none,none,-1,-1,-1,184727,33684,16:11:39.610207,hand
15,43,hand1,2,cue,black,-1,-1,-1,3,3,-1,0.20998280481944676,-1,1,none,none,-1,-1,-1,187561,33684,16:11:39.610207,hand
15,44,hand1,2,cue,black,-1,-1,-1,3,3,-1,0.22769791161863395,-1,1,none,none,-1,-1,-1,190093,33684,16:11:39.610207,hand
15,45,hand1,2,cue,white,-1,-1,-1,4,4,-1,0.20472902038181928,-1,1,none,none,-1,-1,-1,192743,33684,16:11:39.610207,hand
15,46,hand1,2,cue,black,-1,-1,-1,4,3,-1,0.3514989912519013,-1,0,none,none,-1,-1,-1,195276,33684,16:11:39.610207,hand
15,47,hand1,2,gabor,90,0.01602694685737935,4,4,-1,3,0.32329474721427687,-1,1,-1,incongruent,CR,4,3,1.3482780627427928,198059,33684,16:11:39.610207,hand
15,48,hand1,2,cue,black,-1,-1,-1,3,3,-1,0.5281493331203819,-1,1,none,none,-1,-1,-1,203076,33684,16:11:39.610207,hand
15,49,hand1,2,gabor,90,0.01602694685737935,4,4,-1,4,0.48777099305789307,-1,1,-1,congruent,CR,3,3,1.0327445705388527,206043,33684,16:11:39.610207,hand
15,50,hand1,2,gabor,90,0.01602694685737935,4,4,-1,3,0.5315449781855932,-1,1,-1,incongruent,CR,c,2,1.368490656312133,210809,33684,16:11:39.610207,hand
15,51,hand1,2,cue,black,-1,-1,-1,4,3,-1,0.48229948491280084,-1,0,none,none,-1,-1,-1,215942,33684,16:11:39.610207,hand
15,52,hand1,2,gabor,0,0.01602694685737935,3,3,-1,4,0.4352784597904247,-1,1,-1,incongruent,hit,3,2,1.4520186098097838,218960,33684,16:11:39.610207,hand
15,53,hand1,2,gabor,90,0.01602694685737935,4,4,-1,3,0.5707893885992235,-1,1,-1,incongruent,CR,4,3,1.0527336805134837,224192,33684,16:11:39.610207,hand
15,54,hand1,2,cue,black,-1,-1,-1,3,3,-1,0.2185300923347313,-1,1,none,none,-1,-1,-1,229058,33684,16:11:39.610207,hand
15,55,hand1,2,cue,black,-1,-1,-1,3,3,-1,0.19142022672440362,-1,1,none,none,-1,-1,-1,231608,33684,16:11:39.610207,hand
15,56,hand1,2,cue,black,-1,-1,-1,3,3,-1,0.19924599246314756,-1,1,none,none,-1,-1,-1,234125,33684,16:11:39.610207,hand
15,57,hand1,2,gabor,90,0.01602694685737935,4,4,-1,4,0.6451545147147044,-1,1,-1,congruent,CR,c,2,2.0871670497626837,236759,33684,16:11:39.610207,hand
15,58,hand1,2,cue,white,-1,-1,-1,4,4,-1,0.2867279160191174,-1,1,none,none,-1,-1,-1,242825,33684,16:11:39.610207,hand
15,59,hand1,2,cue,white,-1,-1,-1,4,4,-1,0.31371528804447735,-1,1,none,none,-1,-1,-1,245642,33684,16:11:39.610207,hand
15,60,hand1,2,cue,white,-1,-1,-1,4,4,-1,0.2153805864181777,-1,1,none,none,-1,-1,-1,248391,33684,16:11:39.610207,hand
15,61,hand1,2,cue,black,-1,-1,-1,3,3,-1,0.22331694197691832,-1,1,none,none,-1,-1,-1,250941,33684,16:11:39.610207,hand
15,62,hand1,2,cue,white,-1,-1,-1,4,4,-1,0.266122114200698,-1,1,none,none,-1,-1,-1,253692,33684,16:11:39.610207,hand
15,63,hand1,2,cue,black,-1,-1,-1,3,3,-1,0.4600678591423275,-1,1,none,none,-1,-1,-1,256492,33684,16:11:39.610207,hand
15,64,hand1,2,gabor,0,0.01602694685737935,3,3,-1,3,0.4827925311938088,-1,1,-1,congruent,hit,c,2,1.7496246473983774,259374,33684,16:11:39.610207,hand
15,65,hand1,2,cue,white,-1,-1,-1,4,4,-1,0.5335294510678068,-1,1,none,none,-1,-1,-1,264840,33684,16:11:39.610207,hand
15,66,hand1,2,cue,white,-1,-1,-1,4,4,-1,0.6233018894727138,-1,1,none,none,-1,-1,-1,267908,33684,16:11:39.610207,hand
15,67,hand1,2,cue,black,-1,-1,-1,3,3,-1,0.6029952177586893,-1,1,none,none,-1,-1,-1,274724,33684,16:11:39.610207,hand
15,68,hand1,2,gabor,0,0.01602694685737935,3,3,-1,4,0.40073104479051835,-1,1,-1,incongruent,hit,3,2,1.741706723477364,277657,33684,16:11:39.610207,hand
15,69,hand1,2,cue,white,-1,-1,-1,4,4,-1,0.39347473982525116,-1,1,none,none,-1,-1,-1,283040,33684,16:11:39.610207,hand
15,70,hand1,2,gabor,0,0.01602694685737935,3,3,-1,3,0.540168296201955,-1,1,-1,congruent,hit,3,2,1.2152715325682948,285856,33684,16:11:39.610207,hand
15,71,hand1,2,cue,white,-1,-1,-1,4,4,-1,0.23714335742988624,-1,1,none,none,-1,-1,-1,290857,33684,16:11:39.610207,hand
15,72,hand1,2,gabor,0,0.01602694685737935,3,3,-1,4,0.4748024166947289,-1,1,-1,incongruent,hit,3,2,0.9508428249864664,293523,33684,16:11:39.610207,hand
15,73,hand1,3,cue,white,-1,-1,-1,4,4,-1,0.33723328845735523,-1,1,none,none,-1,-1,-1,306057,33684,16:11:39.610207,hand
15,74,hand1,3,cue,black,-1,-1,-1,3,3,-1,0.352889811836576,-1,1,none,none,-1,-1,-1,312622,33684,16:11:39.610207,hand
15,75,hand1,3,gabor,0,0.01602694685737935,3,3,-1,3,0.5485731225271593,-1,1,-1,congruent,hit,c,2,1.470552388471333,315305,33684,16:11:39.610207,hand
15,76,hand1,3,cue,white,-1,-1,-1,4,4,-1,0.3523483825083531,-1,1,none,none,-1,-1,-1,320572,33684,16:11:39.610207,hand
15,77,hand1,3,gabor,0,0.01602694685737935,3,3,-1,3,0.5572432876206221,-1,1,-1,congruent,hit,q,2,4.781139674175392,323356,33684,16:11:39.610207,hand
15,78,hand1,3,gabor,90,0.01602694685737935,4,4,-1,4,0.7006195333879077,-1,1,-1,congruent,CR,3,2,0.977582905885356,331938,33684,16:11:39.610207,hand
15,79,hand1,3,cue,black,-1,-1,-1,3,3,-1,0.5483745984402049,-1,1,none,none,-1,-1,-1,337055,33684,16:11:39.610207,hand
15,80,hand1,3,cue,white,-1,-1,-1,4,4,-1,0.28525760900265595,-1,1,none,none,-1,-1,-1,340139,33684,16:11:39.610207,hand
15,81,hand1,3,cue,black,-1,-1,-1,3,3,-1,0.25214402173696726,-1,1,none,none,-1,-1,-1,342956,33684,16:11:39.610207,hand
15,82,hand1,3,cue,black,-1,-1,-1,4,3,-1,0.3838695531640042,-1,0,none,none,-1,-1,-1,345739,33684,16:11:39.610207,hand
15,83,hand1,3,cue,black,-1,-1,-1,3,3,-1,0.2734940008867852,-1,1,none,none,-1,-1,-1,352121,33684,16:11:39.610207,hand
15,84,hand1,3,cue,black,-1,-1,-1,3,3,-1,0.21837111946842924,-1,1,none,none,-1,-1,-1,354721,33684,16:11:39.610207,hand
15,85,hand1,3,cue,white,-1,-1,-1,4,4,-1,0.225232680213594,-1,1,none,none,-1,-1,-1,357472,33684,16:11:39.610207,hand
15,86,hand1,3,gabor,90,0.01602694685737935,3,4,-1,4,0.30312093688007735,-1,0,-1,incongruent,FA,4,1,1.570097818231261,360021,33684,16:11:39.610207,hand
15,87,hand1,3,gabor,90,0.01602694685737935,4,4,-1,3,0.5677604563052228,-1,1,-1,incongruent,CR,c,3,1.4266712694552552,365237,33684,16:11:39.610207,hand
15,88,hand1,3,cue,white,-1,-1,-1,4,4,-1,0.3714811893632941,-1,1,none,none,-1,-1,-1,370470,33684,16:11:39.610207,hand
15,89,hand1,3,gabor,90,0.01602694685737935,4,4,-1,4,0.7172909487608194,-1,1,-1,congruent,CR,c,2,1.027324901371685,373270,33684,16:11:39.610207,hand
15,90,hand1,3,cue,white,-1,-1,-1,4,4,-1,0.3140386096711154,-1,1,none,none,-1,-1,-1,378354,33684,16:11:39.610207,hand
15,91,hand1,3,cue,black,-1,-1,-1,4,3,-1,0.36184144338130864,-1,0,none,none,-1,-1,-1,381205,33684,16:11:39.610207,hand
15,92,hand1,3,cue,black,-1,-1,-1,3,3,-1,0.20779251199382998,-1,1,none,none,-1,-1,-1,383987,33684,16:11:39.610207,hand
15,93,hand1,3,cue,black,-1,-1,-1,3,3,-1,0.19937578190456406,-1,1,none,none,-1,-1,-1,386620,33684,16:11:39.610207,hand
15,94,hand1,3,cue,white,-1,-1,-1,4,4,-1,0.23739487247257784,-1,1,none,none,-1,-1,-1,389354,33684,16:11:39.610207,hand
15,95,hand1,3,cue,white,-1,-1,-1,4,4,-1,0.2073209692889577,-1,1,none,none,-1,-1,-1,392121,33684,16:11:39.610207,hand
15,96,hand1,3,cue,white,-1,-1,-1,4,4,-1,0.3410828125752232,-1,1,none,none,-1,-1,-1,394753,33684,16:11:39.610207,hand
15,97,hand1,3,gabor,90,0.01602694685737935,4,4,-1,3,0.6179951140802586,-1,1,-1,incongruent,CR,c,3,1.0099077726981704,397420,33684,16:11:39.610207,hand
15,98,hand1,3,cue,white,-1,-1,-1,4,4,-1,0.5496436934236044,-1,1,none,none,-1,-1,-1,402386,33684,16:11:39.610207,hand
15,99,hand1,3,gabor,0,0.01602694685737935,4,3,-1,4,0.6104273912551434,-1,0,-1,congruent,miss,4,1,1.218338096118714,405269,33684,16:11:39.610207,hand
15,100,hand1,3,gabor,0,0.01602694685737935,3,3,-1,4,0.5162271361314197,-1,1,-1,incongruent,hit,q,2,1.6141605656675893,410436,33684,16:11:39.610207,hand
15,101,hand1,3,cue,black,-1,-1,-1,4,3,-1,0.385590223246254,-1,0,none,none,-1,-1,-1,419586,33684,16:11:39.610207,hand
15,102,hand1,3,cue,white,-1,-1,-1,4,4,-1,0.22255318103179889,-1,1,none,none,-1,-1,-1,422402,33684,16:11:39.610207,hand
15,103,hand1,3,cue,white,-1,-1,-1,4,4,-1,0.19836818576641235,-1,1,none,none,-1,-1,-1,424952,33684,16:11:39.610207,hand
15,104,hand1,3,cue,black,-1,-1,-1,3,3,-1,0.20827442249446904,-1,1,none,none,-1,-1,-1,427486,33684,16:11:39.610207,hand
15,105,hand1,3,cue,black,-1,-1,-1,4,3,-1,0.4799375474713088,-1,0,none,none,-1,-1,-1,430119,33684,16:11:39.610207,hand
15,106,hand1,3,gabor,0,0.01602694685737935,3,3,-1,4,0.4046661992206282,-1,1,-1,incongruent,hit,3,2,1.1155993853053587,436801,33684,16:11:39.610207,hand
15,107,hand1,3,gabor,90,0.01602694685737935,4,4,-1,3,0.44336687635131966,-1,1,-1,incongruent,CR,q,3,1.1573132510411597,441568,33684,16:11:39.610207,hand
15,108,hand1,3,gabor,0,0.01602694685737935,3,3,-1,3,0.5801411402580925,-1,1,-1,congruent,hit,4,2,1.1730715324138146,446385,33684,16:11:39.610207,hand
15,109,hand1,4,cue,black,-1,-1,-1,3,3,-1,0.22646529591565923,-1,1,none,none,-1,-1,-1,475400,33684,16:11:39.610207,hand
15,110,hand1,4,cue,black,-1,-1,-1,3,3,-1,0.2022826046049886,-1,1,none,none,-1,-1,-1,478050,33684,16:11:39.610207,hand
15,111,hand1,4,cue,black,-1,-1,-1,3,3,-1,0.21124191599938058,-1,1,none,none,-1,-1,-1,480785,33684,16:11:39.610207,hand
15,112,hand1,4,cue,white,-1,-1,-1,4,4,-1,0.18914391959515342,-1,1,none,none,-1,-1,-1,483334,33684,16:11:39.610207,hand
15,113,hand1,4,gabor,0,0.01602694685737935,4,3,-1,3,0.4639457986995694,-1,0,-1,incongruent,miss,4,2,0.9108035502404164,485950,33684,16:11:39.610207,hand
15,114,hand1,4,cue,black,-1,-1,-1,3,3,-1,0.44668418696073786,-1,1,none,none,-1,-1,-1,490550,33684,16:11:39.610207,hand
15,115,hand1,4,cue,white,-1,-1,-1,4,4,-1,0.5384445541803871,-1,1,none,none,-1,-1,-1,493534,33684,16:11:39.610207,hand
15,116,hand1,4,cue,white,-1,-1,-1,4,4,-1,0.2341021373786134,-1,1,none,none,-1,-1,-1,496601,33684,16:11:39.610207,hand
15,117,hand1,4,cue,white,-1,-1,-1,4,4,-1,0.2022192458534846,-1,1,none,none,-1,-1,-1,499167,33684,16:11:39.610207,hand
15,118,hand1,4,cue,black,-1,-1,-1,3,3,-1,0.21982568279599946,-1,1,none,none,-1,-1,-1,501700,33684,16:11:39.610207,hand
15,119,hand1,4,gabor,0,0.01602694685737935,3,3,-1,4,0.536792234751374,-1,1,-1,incongruent,hit,4,2,1.3987104766192715,504349,33684,16:11:39.610207,hand
15,120,hand1,4,cue,black,-1,-1,-1,4,3,-1,0.3755211737261561,-1,0,none,none,-1,-1,-1,509532,33684,16:11:39.610207,hand
15,121,hand1,4,cue,white,-1,-1,-1,4,4,-1,0.25939111088246136,-1,1,none,none,-1,-1,-1,512332,33684,16:11:39.610207,hand
15,122,hand1,4,gabor,90,0.01602694685737935,4,4,-1,4,0.4191634494500249,-1,1,-1,congruent,CR,q,1,1.8021394522265837,515117,33684,16:11:39.610207,hand
15,123,hand1,4,cue,black,-1,-1,-1,3,3,-1,0.2307207000330891,-1,1,none,none,-1,-1,-1,523415,33684,16:11:39.610207,hand
15,124,hand1,4,gabor,0,0.01602694685737935,3,3,-1,3,0.7205391407323987,-1,1,-1,congruent,hit,4,2,0.9445077178634165,525982,33684,16:11:39.610207,hand
15,125,hand1,4,gabor,90,0.01602694685737935,4,4,-1,3,0.40828839981895726,-1,1,-1,incongruent,CR,q,3,1.572297710867133,531083,33684,16:11:39.610207,hand
15,126,hand1,4,gabor,90,0.01602694685737935,4,4,-1,4,0.4729108699802964,-1,1,-1,congruent,CR,q,2,1.000798320264039,539132,33684,16:11:39.610207,hand
15,127,hand1,4,cue,white,-1,-1,-1,4,4,-1,0.1935840240712423,-1,1,none,none,-1,-1,-1,543848,33684,16:11:39.610207,hand
15,128,hand1,4,cue,white,-1,-1,-1,4,4,-1,0.28143035644552583,-1,1,none,none,-1,-1,-1,546364,33684,16:11:39.610207,hand
15,129,hand1,4,gabor,90,0.01602694685737935,4,4,-1,3,0.5212854684214108,-1,1,-1,incongruent,CR,3,1,0.9372921160975238,549082,33684,16:11:39.610207,hand
15,130,hand1,4,gabor,0,0.01602694685737935,3,3,-1,3,0.6177382231444426,-1,1,-1,congruent,hit,3,2,1.0886895797502802,557548,33684,16:11:39.610207,hand
15,131,hand1,4,cue,black,-1,-1,-1,4,3,-1,0.4034835025331631,-1,0,none,none,-1,-1,-1,562497,33684,16:11:39.610207,hand
15,132,hand1,4,gabor,90,0.01602694685737935,3,4,-1,3,0.6083238807195812,-1,0,-1,congruent,FA,4,1,1.2853781826252089,565230,33684,16:11:39.610207,hand
15,133,hand1,4,cue,white,-1,-1,-1,4,4,-1,0.34577980798803765,-1,1,none,none,-1,-1,-1,577063,33684,16:11:39.610207,hand
15,134,hand1,4,cue,white,-1,-1,-1,4,4,-1,0.25750225211595534,-1,1,none,none,-1,-1,-1,579747,33684,16:11:39.610207,hand
15,135,hand1,4,cue,white,-1,-1,-1,4,4,-1,0.20348142897455546,-1,1,none,none,-1,-1,-1,582430,33684,16:11:39.610207,hand
15,136,hand1,4,cue,black,-1,-1,-1,3,3,-1,0.5262044114588207,-1,1,none,none,-1,-1,-1,584964,33684,16:11:39.610207,hand
15,137,hand1,4,cue,white,-1,-1,-1,4,4,-1,0.2730854329402064,-1,1,none,none,-1,-1,-1,587814,33684,16:11:39.610207,hand
15,138,hand1,4,gabor,0,0.01602694685737935,3,3,-1,4,0.3329041577935641,-1,1,-1,incongruent,hit,c,2,1.7718167219481984,590414,33684,16:11:39.610207,hand
15,139,hand1,4,cue,black,-1,-1,-1,3,3,-1,0.5596048410689036,-1,1,none,none,-1,-1,-1,595863,33684,16:11:39.610207,hand
15,140,hand1,4,cue,black,-1,-1,-1,4,3,-1,0.39548225225371425,-1,0,none,none,-1,-1,-1,598846,33684,16:11:39.610207,hand
15,141,hand1,4,cue,white,-1,-1,-1,4,4,-1,0.43018288023540663,-1,1,none,none,-1,-1,-1,601680,33684,16:11:39.610207,hand
15,142,hand1,4,gabor,90,0.01602694685737935,4,4,-1,4,0.538989439440229,-1,1,-1,congruent,CR,3,2,1.1589671064402864,604447,33684,16:11:39.610207,hand
15,143,hand1,4,gabor,0,0.01602694685737935,3,3,-1,4,0.6917174368654742,-1,1,-1,incongruent,hit,c,1,1.9357173631397018,609380,33684,16:11:39.610207,hand
15,144,hand1,4,cue,black,-1,-1,-1,3,3,-1,0.509464261440371,-1,1,none,none,-1,-1,-1,615447,33684,16:11:39.610207,hand
15,145,hand1,5,cue,black,-1,-1,-1,3,3,-1,0.3358858590181626,-1,1,none,none,-1,-1,-1,626495,33684,16:11:39.610207,hand
15,146,hand1,5,cue,white,-1,-1,-1,4,4,-1,0.2566831962612923,-1,1,none,none,-1,-1,-1,629396,33684,16:11:39.610207,hand
15,147,hand1,5,cue,black,-1,-1,-1,3,3,-1,0.2755187929733438,-1,1,none,none,-1,-1,-1,632078,33684,16:11:39.610207,hand
15,148,hand1,5,gabor,90,0.01602694685737935,4,4,-1,4,0.714312319475539,-1,1,-1,congruent,CR,c,3,3.6122574991795773,634678,33684,16:11:39.610207,hand
15,149,hand1,5,cue,white,-1,-1,-1,3,4,-1,0.2770010037556858,-1,0,none,none,-1,-1,-1,642329,33684,16:11:39.610207,hand
15,150,hand1,5,cue,black,-1,-1,-1,3,3,-1,0.23078866669402487,-1,1,none,none,-1,-1,-1,644928,33684,16:11:39.610207,hand
15,151,hand1,5,cue,white,-1,-1,-1,4,4,-1,0.2647455013366198,-1,1,none,none,-1,-1,-1,647595,33684,16:11:39.610207,hand
15,152,hand1,5,cue,white,-1,-1,-1,4,4,-1,0.32043246763532807,-1,1,none,none,-1,-1,-1,650295,33684,16:11:39.610207,hand
15,153,hand1,5,cue,black,-1,-1,-1,3,3,-1,0.26192584491764137,-1,1,none,none,-1,-1,-1,660479,33684,16:11:39.610207,hand
15,154,hand1,5,gabor,0,0.01602694685737935,3,3,-1,4,0.44665692349826713,-1,1,-1,incongruent,hit,q,1,1.195609968136523,663178,33684,16:11:39.610207,hand
15,155,hand1,5,cue,black,-1,-1,-1,4,3,-1,0.5444690114272817,-1,0,none,none,-1,-1,-1,668044,33684,16:11:39.610207,hand
15,156,hand1,5,gabor,0,0.01602694685737935,4,3,-1,3,0.5072528490318291,-1,0,-1,incongruent,miss,4,1,2.0602610841333444,671028,33684,16:11:39.610207,hand
15,157,hand1,5,cue,black,-1,-1,-1,3,3,-1,0.3291133845168588,-1,1,none,none,-1,-1,-1,677028,33684,16:11:39.610207,hand
15,158,hand1,5,cue,black,-1,-1,-1,4,3,-1,0.4227914099355985,-1,0,none,none,-1,-1,-1,679895,33684,16:11:39.610207,hand
15,159,hand1,5,cue,white,-1,-1,-1,4,4,-1,0.37363845883919566,-1,1,none,none,-1,-1,-1,682644,33684,16:11:39.610207,hand
15,160,hand1,5,gabor,0,0.01602694685737935,4,3,-1,4,0.6424304724105241,-1,0,-1,congruent,miss,c,1,1.8853233485060628,685544,33684,16:11:39.610207,hand
15,161,hand1,5,gabor,90,0.01602694685737935,4,4,-1,3,0.5782300099299391,-1,1,-1,incongruent,CR,3,2,2.9681297802262634,691410,33684,16:11:39.610207,hand
15,162,hand1,5,gabor,0,0.01602694685737935,3,3,-1,4,0.3786994790762037,-1,1,-1,incongruent,hit,4,2,1.1126887226801045,698193,33684,16:11:39.610207,hand
15,163,hand1,5,cue,white,-1,-1,-1,4,4,-1,0.23034745939094137,-1,1,none,none,-1,-1,-1,706777,33684,16:11:39.610207,hand
15,164,hand1,5,cue,black,-1,-1,-1,3,3,-1,0.23713414161193214,-1,1,none,none,-1,-1,-1,709344,33684,16:11:39.610207,hand
15,165,hand1,5,cue,white,-1,-1,-1,4,4,-1,0.21079533280226315,-1,1,none,none,-1,-1,-1,714942,33684,16:11:39.610207,hand
15,166,hand1,5,cue,black,-1,-1,-1,3,3,-1,0.17763566644498496,-1,1,none,none,-1,-1,-1,717476,33684,16:11:39.610207,hand
15,167,hand1,5,cue,black,-1,-1,-1,3,3,-1,0.17062895656181354,-1,1,none,none,-1,-1,-1,720194,33684,16:11:39.610207,hand
15,168,hand1,5,gabor,90,0.01602694685737935,3,4,-1,4,0.21527076458278316,-1,0,-1,incongruent,FA,3,1,1.6132985026597453,722893,33684,16:11:39.610207,hand
15,169,hand1,5,gabor,90,0.01602694685737935,4,4,-1,4,0.4219420186791467,-1,1,-1,congruent,CR,c,2,2.2230811706240274,727959,33684,16:11:39.610207,hand
15,170,hand1,5,cue,black,-1,-1,-1,3,3,-1,0.454715772642885,-1,1,none,none,-1,-1,-1,733843,33684,16:11:39.610207,hand
15,171,hand1,5,cue,white,-1,-1,-1,4,4,-1,0.29251852187462646,-1,1,none,none,-1,-1,-1,736625,33684,16:11:39.610207,hand
15,172,hand1,5,cue,white,-1,-1,-1,4,4,-1,0.24738443555816048,-1,1,none,none,-1,-1,-1,739241,33684,16:11:39.610207,hand
15,173,hand1,5,cue,black,-1,-1,-1,3,3,-1,0.14519252996433352,-1,1,none,none,-1,-1,-1,742027,33684,16:11:39.610207,hand
15,174,hand1,5,cue,white,-1,-1,-1,4,4,-1,0.17816442402272514,-1,1,none,none,-1,-1,-1,744509,33684,16:11:39.610207,hand
15,175,hand1,5,gabor,90,0.01602694685737935,3,4,-1,3,0.3546028020691665,-1,0,-1,congruent,FA,3,1,1.7285181194511097,753524,33684,16:11:39.610207,hand
15,176,hand1,5,gabor,90,0.01602694685737935,4,4,-1,3,0.4871235818191053,-1,1,-1,incongruent,CR,q,2,1.2062815017789035,758942,33684,16:11:39.610207,hand
15,177,hand1,5,gabor,0,0.01602694685737935,4,3,-1,3,0.7769061576254899,-1,0,-1,incongruent,miss,c,2,2.8607662645754317,764075,33684,16:11:39.610207,hand
15,178,hand1,5,cue,white,-1,-1,-1,4,4,-1,0.22458718893722107,-1,1,none,none,-1,-1,-1,770957,33684,16:11:39.610207,hand
15,179,hand1,5,cue,white,-1,-1,-1,4,4,-1,0.3873715641320814,-1,1,none,none,-1,-1,-1,773607,33684,16:11:39.610207,hand
15,180,hand1,5,gabor,0,0.01602694685737935,4,3,-1,3,0.6392264395681195,-1,0,-1,incongruent,miss,q,1,2.253301758915768,776425,33684,16:11:39.610207,hand
15,181,hand1,6,gabor,90,0.01602694685737935,4,4,-1,3,0.4838627180988624,-1,1,-1,incongruent,CR,q,1,1.1747726188823435,817956,33684,16:11:39.610207,hand
15,182,hand1,6,gabor,0,0.01602694685737935,3,3,-1,4,0.46165182791992265,-1,1,-1,incongruent,hit,q,4,1.2275301069266789,823072,33684,16:11:39.610207,hand
15,183,hand1,6,cue,white,-1,-1,-1,4,4,-1,0.25330137492346694,-1,1,none,none,-1,-1,-1,828207,33684,16:11:39.610207,hand
15,184,hand1,6,cue,white,-1,-1,-1,4,4,-1,0.1792737781552205,-1,1,none,none,-1,-1,-1,830889,33684,16:11:39.610207,hand
15,185,hand1,6,gabor,90,0.01602694685737935,4,4,-1,4,0.22276015295119578,-1,1,-1,congruent,CR,3,3,1.730950711499645,833506,33684,16:11:39.610207,hand
15,186,hand1,6,cue,black,-1,-1,-1,3,3,-1,0.4676789731129247,-1,1,none,none,-1,-1,-1,838705,33684,16:11:39.610207,hand
15,187,hand1,6,cue,white,-1,-1,-1,4,4,-1,0.2165456194525177,-1,1,none,none,-1,-1,-1,841605,33684,16:11:39.610207,hand
15,188,hand1,6,cue,black,-1,-1,-1,4,3,-1,0.3264672926761705,-1,0,none,none,-1,-1,-1,844155,33684,16:11:39.610207,hand
15,189,hand1,6,gabor,90,0.01602694685737935,3,4,-1,3,0.45038088209184934,-1,0,-1,congruent,FA,c,1,1.1202564455052197,846805,33684,16:11:39.610207,hand
15,190,hand1,6,cue,white,-1,-1,-1,4,4,-1,0.37399480381463945,-1,1,none,none,-1,-1,-1,851605,33684,16:11:39.610207,hand
15,191,hand1,6,cue,black,-1,-1,-1,3,3,-1,0.40283954722690396,-1,1,none,none,-1,-1,-1,854405,33684,16:11:39.610207,hand
15,192,hand1,6,cue,white,-1,-1,-1,4,4,-1,0.22864022904377634,-1,1,none,none,-1,-1,-1,857138,33684,16:11:39.610207,hand
15,193,hand1,6,gabor,0,0.01602694685737935,4,3,-1,4,0.5752897798884078,-1,0,-1,congruent,miss,c,1,0.9322825508461392,863372,33684,16:11:39.610207,hand
15,194,hand1,6,cue,black,-1,-1,-1,3,3,-1,0.27405770177483646,-1,1,none,none,-1,-1,-1,868221,33684,16:11:39.610207,hand
15,195,hand1,6,cue,white,-1,-1,-1,4,4,-1,0.26898247381723195,-1,1,none,none,-1,-1,-1,870921,33684,16:11:39.610207,hand
15,196,hand1,6,cue,black,-1,-1,-1,3,3,-1,0.2618336867344624,-1,1,none,none,-1,-1,-1,873722,33684,16:11:39.610207,hand
15,197,hand1,6,gabor,0,0.01602694685737935,3,3,-1,3,0.46952751267326676,-1,1,-1,congruent,hit,4,2,1.098460651143796,876505,33684,16:11:39.610207,hand
15,198,hand1,6,cue,white,-1,-1,-1,4,4,-1,0.31625923789761146,-1,1,none,none,-1,-1,-1,881421,33684,16:11:39.610207,hand
15,199,hand1,6,cue,black,-1,-1,-1,3,3,-1,0.2532099847248901,-1,1,none,none,-1,-1,-1,884071,33684,16:11:39.610207,hand
15,200,hand1,6,gabor,90,0.01602694685737935,4,4,-1,4,0.39979602322091523,-1,1,-1,congruent,CR,q,1,1.3837309318951156,889487,33684,16:11:39.610207,hand
15,201,hand1,6,cue,white,-1,-1,-1,3,4,-1,0.25351833064723905,-1,0,none,none,-1,-1,-1,894704,33684,16:11:39.610207,hand
15,202,hand1,6,cue,black,-1,-1,-1,3,3,-1,0.2574638528722062,-1,1,none,none,-1,-1,-1,897286,33684,16:11:39.610207,hand
15,203,hand1,6,cue,black,-1,-1,-1,3,3,-1,0.24007667560908885,-1,1,none,none,-1,-1,-1,903737,33684,16:11:39.610207,hand
15,204,hand1,6,cue,white,-1,-1,-1,4,4,-1,0.22786418034138478,-1,1,none,none,-1,-1,-1,906303,33684,16:11:39.610207,hand
15,205,hand1,6,cue,black,-1,-1,-1,3,3,-1,0.2597040647133326,-1,1,none,none,-1,-1,-1,909054,33684,16:11:39.610207,hand
15,206,hand1,6,gabor,0,0.01602694685737935,3,3,-1,3,0.6934910979034612,-1,1,-1,congruent,hit,4,2,4.093349711891278,911736,33684,16:11:39.610207,hand
15,207,hand1,6,cue,black,-1,-1,-1,3,3,-1,0.2381171622346301,-1,1,none,none,-1,-1,-1,919754,33684,16:11:39.610207,hand
15,208,hand1,6,cue,white,-1,-1,-1,4,4,-1,0.3859108569258751,-1,1,none,none,-1,-1,-1,922520,33684,16:11:39.610207,hand
15,209,hand1,6,gabor,0,0.01602694685737935,3,3,-1,3,0.4347024711451013,-1,1,-1,congruent,hit,c,2,1.713632268881156,925437,33684,16:11:39.610207,hand
15,210,hand1,6,cue,black,-1,-1,-1,3,3,-1,0.26244193074489885,-1,1,none,none,-1,-1,-1,930919,33684,16:11:39.610207,hand
15,211,hand1,6,cue,white,-1,-1,-1,4,4,-1,0.24927982219560363,-1,1,none,none,-1,-1,-1,933620,33684,16:11:39.610207,hand
15,212,hand1,6,cue,white,-1,-1,-1,4,4,-1,0.41021988174543367,-1,1,none,none,-1,-1,-1,936403,33684,16:11:39.610207,hand
15,213,hand1,6,gabor,90,0.01602694685737935,4,4,-1,3,0.442979427989485,-1,1,-1,incongruent,CR,c,2,0.8819257834793461,939235,33684,16:11:39.610207,hand
15,214,hand1,6,gabor,0,0.01602694685737935,3,3,-1,4,0.5807155929342116,-1,1,-1,incongruent,hit,q,2,2.149549308083806,943802,33684,16:11:39.610207,hand
15,215,hand1,6,cue,black,-1,-1,-1,3,3,-1,0.2203571283207566,-1,1,none,none,-1,-1,-1,949784,33684,16:11:39.610207,hand
15,216,hand1,6,gabor,90,0.01602694685737935,4,4,-1,4,0.5093145043920231,-1,1,-1,congruent,CR,c,3,1.0432494514661812,952335,33684,16:11:39.610207,hand
15,217,hand1,7,cue,black,-1,-1,-1,3,3,-1,0.20108378023633122,-1,1,none,none,-1,-1,-1,990618,33684,16:11:39.610207,hand
15,218,hand1,7,cue,white,-1,-1,-1,4,4,-1,0.18968342896096146,-1,1,none,none,-1,-1,-1,996100,33684,16:11:39.610207,hand
15,219,hand1,7,cue,white,-1,-1,-1,4,4,-1,0.20855128103721654,-1,1,none,none,-1,-1,-1,998716,33684,16:11:39.610207,hand
15,220,hand1,7,gabor,0,0.01602694685737935,3,3,-1,4,0.35335559465420374,-1,1,-1,incongruent,hit,c,2,0.9342754715617048,1001451,33684,16:11:39.610207,hand
15,221,hand1,7,cue,black,-1,-1,-1,4,3,-1,0.298234249206871,-1,0,none,none,-1,-1,-1,1006185,33684,16:11:39.610207,hand
15,222,hand1,7,gabor,0,0.01602694685737935,3,3,-1,4,0.45683848279986705,-1,1,-1,incongruent,hit,q,2,2.4746822270635676,1011850,33684,16:11:39.610207,hand
15,223,hand1,7,cue,black,-1,-1,-1,3,3,-1,0.3324579585887477,-1,1,none,none,-1,-1,-1,1018217,33684,16:11:39.610207,hand
15,224,hand1,7,cue,white,-1,-1,-1,4,4,-1,0.2362417432022994,-1,1,none,none,-1,-1,-1,1020983,33684,16:11:39.610207,hand
15,225,hand1,7,gabor,90,0.01602694685737935,3,4,-1,3,0.4412303424678612,-1,0,-1,congruent,FA,3,1,4.328066621150356,1023550,33684,16:11:39.610207,hand
15,226,hand1,7,cue,black,-1,-1,-1,3,3,-1,0.18562501295946277,-1,1,none,none,-1,-1,-1,1031767,33684,16:11:39.610207,hand
15,227,hand1,7,cue,black,-1,-1,-1,3,3,-1,0.24353644740949676,-1,1,none,none,-1,-1,-1,1034483,33684,16:11:39.610207,hand
15,228,hand1,7,gabor,0,0.01602694685737935,3,3,-1,3,0.4874119601354323,-1,1,-1,congruent,hit,4,1,1.886345920349413,1037149,33684,16:11:39.610207,hand
15,229,hand1,7,cue,white,-1,-1,-1,4,4,-1,0.38317951876524603,-1,1,none,none,-1,-1,-1,1042866,33684,16:11:39.610207,hand
15,230,hand1,7,cue,black,-1,-1,-1,3,3,-1,0.24786865001351543,-1,1,none,none,-1,-1,-1,1045783,33684,16:11:39.610207,hand
15,231,hand1,7,cue,black,-1,-1,-1,4,3,-1,0.3517666339757852,-1,0,none,none,-1,-1,-1,1048365,33684,16:11:39.610207,hand
15,232,hand1,7,gabor,0,0.01602694685737935,4,3,-1,3,0.5496156619765316,-1,0,-1,incongruent,miss,c,1,1.068457018574918,1051148,33684,16:11:39.610207,hand
15,233,hand1,7,gabor,0,0.01602694685737935,3,3,-1,4,0.5283682088056594,-1,1,-1,incongruent,hit,c,1,2.8982961487863577,1056016,33684,16:11:39.610207,hand
15,234,hand1,7,gabor,90,0.01602694685737935,3,4,-1,3,0.459863191176737,-1,0,-1,congruent,FA,3,1,3.72678976952011,1062698,33684,16:11:39.610207,hand
15,235,hand1,7,cue,white,-1,-1,-1,4,4,-1,0.3995103328525147,-1,1,none,none,-1,-1,-1,1070214,33684,16:11:39.610207,hand
15,236,hand1,7,cue,black,-1,-1,-1,3,3,-1,0.23630894187863305,-1,1,none,none,-1,-1,-1,1073149,33684,16:11:39.610207,hand
15,237,hand1,7,cue,white,-1,-1,-1,4,4,-1,0.21626338501664577,-1,1,none,none,-1,-1,-1,1075815,33684,16:11:39.610207,hand
15,238,hand1,7,cue,white,-1,-1,-1,4,4,-1,0.2540006251392697,-1,1,none,none,-1,-1,-1,1078464,33684,16:11:39.610207,hand
15,239,hand1,7,cue,white,-1,-1,-1,4,4,-1,0.21490558778077684,-1,1,none,none,-1,-1,-1,1081248,33684,16:11:39.610207,hand
15,240,hand1,7,cue,white,-1,-1,-1,4,4,-1,0.2537717656505265,-1,1,none,none,-1,-1,-1,1083797,33684,16:11:39.610207,hand
15,241,hand1,7,gabor,0,0.01602694685737935,3,3,-1,3,0.5805435643260353,-1,1,-1,congruent,hit,q,2,7.138453462805046,1086380,33684,16:11:39.610207,hand
15,242,hand1,7,cue,black,-1,-1,-1,3,3,-1,0.20594589239499328,-1,1,none,none,-1,-1,-1,1097447,33684,16:11:39.610207,hand
15,243,hand1,7,gabor,90,0.01602694685737935,4,4,-1,3,0.4158638024928223,-1,1,-1,incongruent,CR,3,2,1.079524064422003,1099980,33684,16:11:39.610207,hand
15,244,hand1,7,gabor,90,0.01602694685737935,4,4,-1,4,0.4456101601326736,-1,1,-1,congruent,CR,c,2,1.0674478864666526,1104696,33684,16:11:39.610207,hand
15,245,hand1,7,cue,black,-1,-1,-1,3,3,-1,0.37333203287835204,-1,1,none,none,-1,-1,-1,1109665,33684,16:11:39.610207,hand
15,246,hand1,7,cue,white,-1,-1,-1,4,4,-1,0.22585743589752383,-1,1,none,none,-1,-1,-1,1116130,33684,16:11:39.610207,hand
15,247,hand1,7,gabor,90,0.01602694685737935,4,4,-1,4,0.5046835556777296,-1,1,-1,congruent,CR,4,2,1.3286579694940883,1118679,33684,16:11:39.610207,hand
15,248,hand1,7,cue,black,-1,-1,-1,3,3,-1,0.48842608414543065,-1,1,none,none,-1,-1,-1,1123947,33684,16:11:39.610207,hand
15,249,hand1,7,cue,white,-1,-1,-1,4,4,-1,0.30527667038677464,-1,1,none,none,-1,-1,-1,1126964,33684,16:11:39.610207,hand
15,250,hand1,7,cue,black,-1,-1,-1,3,3,-1,0.2632110675831427,-1,1,none,none,-1,-1,-1,1129797,33684,16:11:39.610207,hand
15,251,hand1,7,cue,white,-1,-1,-1,4,4,-1,0.2600135626125848,-1,1,none,none,-1,-1,-1,1132397,33684,16:11:39.610207,hand
15,252,hand1,7,gabor,90,0.01602694685737935,4,4,-1,4,0.45673173290379054,-1,1,-1,congruent,CR,q,2,1.4777622303508906,1135079,33684,16:11:39.610207,hand
15,253,hand1,8,gabor,90,0.01602694685737935,4,4,-1,3,0.4314170319075856,-1,1,-1,incongruent,CR,c,2,3.3284102943762264,1175661,33684,16:11:39.610207,hand
15,254,hand1,8,cue,black,-1,-1,-1,3,3,-1,0.23512432522875315,-1,1,none,none,-1,-1,-1,1182878,33684,16:11:39.610207,hand
15,255,hand1,8,cue,white,-1,-1,-1,4,4,-1,0.210047699540155,-1,1,none,none,-1,-1,-1,1185544,33684,16:11:39.610207,hand
15,256,hand1,8,cue,black,-1,-1,-1,3,3,-1,0.21384845661850704,-1,1,none,none,-1,-1,-1,1188278,33684,16:11:39.610207,hand
15,257,hand1,8,gabor,90,0.01602694685737935,4,4,-1,4,0.4545318402679186,-1,1,-1,congruent,CR,4,3,2.186487459959608,1190928,33684,16:11:39.610207,hand
15,258,hand1,8,gabor,90,0.01602694685737935,4,4,-1,3,0.552288249294179,-1,1,-1,incongruent,CR,q,3,1.294234968040655,1197012,33684,16:11:39.610207,hand
15,259,hand1,8,cue,black,-1,-1,-1,3,3,-1,0.2930015843530782,-1,1,none,none,-1,-1,-1,1202094,33684,16:11:39.610207,hand
15,260,hand1,8,gabor,90,0.01602694685737935,4,4,-1,3,0.6028362448914777,-1,1,-1,incongruent,CR,c,3,1.7966952075439622,1204810,33684,16:11:39.610207,hand
15,261,hand1,8,cue,black,-1,-1,-1,3,3,-1,0.3124792164098835,-1,1,none,none,-1,-1,-1,1210543,33684,16:11:39.610207,hand
15,262,hand1,8,cue,white,-1,-1,-1,4,4,-1,0.2295748666201689,-1,1,none,none,-1,-1,-1,1223559,33684,16:11:39.610207,hand
15,263,hand1,8,gabor,0,0.01602694685737935,3,3,-1,3,0.510608942876388,-1,1,-1,congruent,hit,3,2,1.7994983522885377,1226126,33684,16:11:39.610207,hand
15,264,hand1,8,cue,white,-1,-1,-1,4,4,-1,0.21723258191195782,-1,1,none,none,-1,-1,-1,1231677,33684,16:11:39.610207,hand
15,265,hand1,8,cue,white,-1,-1,-1,4,4,-1,0.2972773400688311,-1,1,none,none,-1,-1,-1,1234226,33684,16:11:39.610207,hand
15,266,hand1,8,cue,black,-1,-1,-1,3,3,-1,0.2848893602613316,-1,1,none,none,-1,-1,-1,1237060,33684,16:11:39.610207,hand
15,267,hand1,8,cue,black,-1,-1,-1,3,3,-1,0.3998271266073061,-1,1,none,none,-1,-1,-1,1239877,33684,16:11:39.610207,hand
15,268,hand1,8,cue,white,-1,-1,-1,4,4,-1,0.3846475218279011,-1,1,none,none,-1,-1,-1,1242810,33684,16:11:39.610207,hand
15,269,hand1,8,cue,black,-1,-1,-1,3,3,-1,0.3034607701811183,-1,1,none,none,-1,-1,-1,1245525,33684,16:11:39.610207,hand
15,270,hand1,8,cue,black,-1,-1,-1,3,3,-1,0.25729297624093306,-1,1,none,none,-1,-1,-1,1248259,33684,16:11:39.610207,hand
15,271,hand1,8,cue,white,-1,-1,-1,4,4,-1,0.25534536663235485,-1,1,none,none,-1,-1,-1,1250842,33684,16:11:39.610207,hand
15,272,hand1,8,gabor,90,0.01602694685737935,4,4,-1,4,0.38896590070362436,-1,1,-1,congruent,CR,c,3,1.4699483683771177,1253425,33684,16:11:39.610207,hand
15,273,hand1,8,cue,white,-1,-1,-1,4,4,-1,0.34172139198835794,-1,1,none,none,-1,-1,-1,1258726,33684,16:11:39.610207,hand
15,274,hand1,8,gabor,0,0.01602694685737935,3,3,-1,4,0.4575216053344775,-1,1,-1,incongruent,hit,4,2,3.490456252126023,1261592,33684,16:11:39.610207,hand
15,275,hand1,8,cue,black,-1,-1,-1,3,3,-1,0.40119298768422595,-1,1,none,none,-1,-1,-1,1268875,33684,16:11:39.610207,hand
15,276,hand1,8,gabor,90,0.01602694685737935,4,4,-1,4,0.416943589208131,-1,1,-1,congruent,CR,c,4,1.089907603741267,1271708,33684,16:11:39.610207,hand
15,277,hand1,8,cue,white,-1,-1,-1,4,4,-1,0.41181959421282954,-1,1,none,none,-1,-1,-1,1276558,33684,16:11:39.610207,hand
15,278,hand1,8,cue,black,-1,-1,-1,3,3,-1,0.4236511689878171,-1,1,none,none,-1,-1,-1,1279391,33684,16:11:39.610207,hand
15,279,hand1,8,cue,white,-1,-1,-1,3,4,-1,0.3892112718676799,-1,0,none,none,-1,-1,-1,1285908,33684,16:11:39.610207,hand
15,280,hand1,8,cue,white,-1,-1,-1,4,4,-1,0.3050528027988548,-1,1,none,none,-1,-1,-1,1288724,33684,16:11:39.610207,hand
15,281,hand1,8,gabor,0,0.01602694685737935,3,3,-1,4,0.4538514056803251,-1,1,-1,incongruent,hit,q,2,0.9587860924084453,1291558,33684,16:11:39.610207,hand
15,282,hand1,8,cue,black,-1,-1,-1,3,3,-1,0.30756065736477467,-1,1,none,none,-1,-1,-1,1296408,33684,16:11:39.610207,hand
15,283,hand1,8,cue,black,-1,-1,-1,3,3,-1,0.2973863939196235,-1,1,none,none,-1,-1,-1,1299241,33684,16:11:39.610207,hand
15,284,hand1,8,cue,white,-1,-1,-1,4,4,-1,0.25925824950081733,-1,1,none,none,-1,-1,-1,1301874,33684,16:11:39.610207,hand
15,285,hand1,8,gabor,0,0.01602694685737935,3,3,-1,4,0.510182327286202,-1,1,-1,incongruent,hit,3,2,3.3190543188020456,1304557,33684,16:11:39.610207,hand
15,286,hand1,8,gabor,0,0.01602694685737935,3,3,-1,3,0.5106362063388588,-1,1,-1,congruent,hit,4,2,2.509617090428037,1311723,33684,16:11:39.610207,hand
15,287,hand1,8,cue,white,-1,-1,-1,4,4,-1,0.3072273519346709,-1,1,none,none,-1,-1,-1,1318191,33684,16:11:39.610207,hand
15,288,hand1,8,gabor,0,0.01602694685737935,3,3,-1,3,0.51622329620659,-1,1,-1,congruent,hit,4,3,2.236092754139463,1320824,33684,16:11:39.610207,hand
15,289,hand1,9,cue,black,-1,-1,-1,3,3,-1,0.23201398654055083,-1,1,none,none,-1,-1,-1,1360372,33684,16:11:39.610207,hand
15,290,hand1,9,cue,white,-1,-1,-1,4,4,-1,0.2047493719810518,-1,1,none,none,-1,-1,-1,1363138,33684,16:11:39.610207,hand
15,291,hand1,9,gabor,90,0.01602694685737935,3,4,-1,3,0.4966527379810941,-1,0,-1,congruent,FA,q,4,1.0385221206524875,1365771,33684,16:11:39.610207,hand
15,292,hand1,9,gabor,0,0.01602694685737935,3,3,-1,4,0.49927540628323186,-1,1,-1,incongruent,hit,3,1,1.3613338053883126,1370756,33684,16:11:39.610207,hand
15,293,hand1,9,cue,black,-1,-1,-1,3,3,-1,0.448285435397338,-1,1,none,none,-1,-1,-1,1375955,33684,16:11:39.610207,hand
15,294,hand1,9,cue,white,-1,-1,-1,4,4,-1,0.21896745971389464,-1,1,none,none,-1,-1,-1,1378838,33684,16:11:39.610207,hand
15,295,hand1,9,cue,black,-1,-1,-1,4,3,-1,0.350689919200704,-1,0,none,none,-1,-1,-1,1381488,33684,16:11:39.610207,hand
15,296,hand1,9,cue,black,-1,-1,-1,3,3,-1,0.2374447914880875,-1,1,none,none,-1,-1,-1,1384271,33684,16:11:39.610207,hand
15,297,hand1,9,cue,black,-1,-1,-1,4,3,-1,0.3383795058625765,-1,0,none,none,-1,-1,-1,1387038,33684,16:11:39.610207,hand
15,298,hand1,9,cue,black,-1,-1,-1,3,3,-1,0.40823771281793597,-1,1,none,none,-1,-1,-1,1389805,33684,16:11:39.610207,hand
15,299,hand1,9,cue,black,-1,-1,-1,3,3,-1,0.21799787882537203,-1,1,none,none,-1,-1,-1,1392638,33684,16:11:39.610207,hand
15,300,hand1,9,cue,white,-1,-1,-1,3,4,-1,0.3138746449030805,-1,0,none,none,-1,-1,-1,1395388,33684,16:11:39.610207,hand
15,301,hand1,9,gabor,90,0.01602694685737935,4,4,-1,3,0.33482104800714296,-1,1,-1,incongruent,CR,3,3,2.2196613340356635,1398038,33684,16:11:39.610207,hand
15,302,hand1,9,gabor,90,0.01602694685737935,4,4,-1,4,0.5603313547489961,-1,1,-1,congruent,CR,4,2,1.4142241548133825,1404037,33684,16:11:39.610207,hand
15,303,hand1,9,gabor,0,0.01602694685737935,3,3,-1,3,0.45210001620489493,-1,1,-1,congruent,hit,c,3,1.8781250263991751,1409471,33684,16:11:39.610207,hand
15,304,hand1,9,gabor,90,0.01602694685737935,4,4,-1,4,0.4507537387426055,-1,1,-1,congruent,CR,3,2,1.2216577106828481,1415137,33684,16:11:39.610207,hand
15,305,hand1,9,gabor,90,0.01602694685737935,4,4,-1,4,0.4664256218175069,-1,1,-1,congruent,CR,c,2,1.2423921499657808,1420153,33684,16:11:39.610207,hand
15,306,hand1,9,cue,black,-1,-1,-1,3,3,-1,0.44829311524608784,-1,1,none,none,-1,-1,-1,1425304,33684,16:11:39.610207,hand
15,307,hand1,9,cue,black,-1,-1,-1,3,3,-1,0.23414053662145307,-1,1,none,none,-1,-1,-1,1428287,33684,16:11:39.610207,hand
15,308,hand1,9,cue,white,-1,-1,-1,4,4,-1,0.1988800476765391,-1,1,none,none,-1,-1,-1,1431054,33684,16:11:39.610207,hand
15,309,hand1,9,cue,white,-1,-1,-1,4,4,-1,0.19361551145175326,-1,1,none,none,-1,-1,-1,1433787,33684,16:11:39.610207,hand
15,310,hand1,9,cue,white,-1,-1,-1,4,4,-1,0.2066178791483253,-1,1,none,none,-1,-1,-1,1436402,33684,16:11:39.610207,hand
15,311,hand1,9,cue,white,-1,-1,-1,4,4,-1,0.13942726760978985,-1,1,none,none,-1,-1,-1,1439036,33684,16:11:39.610207,hand
15,312,hand1,9,cue,white,-1,-1,-1,4,4,-1,0.23925262785269297,-1,1,none,none,-1,-1,-1,1441603,33684,16:11:39.610207,hand
15,313,hand1,9,cue,black,-1,-1,-1,3,3,-1,0.2232286237176595,-1,1,none,none,-1,-1,-1,1444169,33684,16:11:39.610207,hand
15,314,hand1,9,gabor,90,0.01602694685737935,4,4,-1,3,0.42396489080419997,-1,1,-1,incongruent,CR,q,3,1.6228157550558535,1446920,33684,16:11:39.610207,hand
15,315,hand1,9,cue,white,-1,-1,-1,4,4,-1,0.47375027743419196,-1,1,none,none,-1,-1,-1,1452403,33684,16:11:39.610207,hand
15,316,hand1,9,cue,white,-1,-1,-1,4,4,-1,0.1994498924441359,-1,1,none,none,-1,-1,-1,1455403,33684,16:11:39.610207,hand
15,317,hand1,9,cue,white,-1,-1,-1,4,4,-1,0.18138880846345273,-1,1,none,none,-1,-1,-1,1458036,33684,16:11:39.610207,hand
15,318,hand1,9,gabor,0,0.01602694685737935,3,3,-1,4,0.34421926274990255,-1,1,-1,incongruent,hit,3,2,1.4491801377616866,1460552,33684,16:11:39.610207,hand
15,319,hand1,9,gabor,0,0.01602694685737935,3,3,-1,3,0.4669693550995362,-1,1,-1,congruent,hit,4,2,1.710814916415984,1465685,33684,16:11:39.610207,hand
15,320,hand1,9,gabor,0,0.01602694685737935,3,3,-1,3,0.4284952335019625,-1,1,-1,congruent,hit,q,2,1.139546305264048,1471201,33684,16:11:39.610207,hand
15,321,hand1,9,cue,white,-1,-1,-1,4,4,-1,0.2412781879238537,-1,1,none,none,-1,-1,-1,1476219,33684,16:11:39.610207,hand
15,322,hand1,9,cue,black,-1,-1,-1,3,3,-1,0.21431807936187397,-1,1,none,none,-1,-1,-1,1478885,33684,16:11:39.610207,hand
15,323,hand1,9,cue,black,-1,-1,-1,3,3,-1,0.2021950543312414,-1,1,none,none,-1,-1,-1,1481535,33684,16:11:39.610207,hand
15,324,hand1,9,gabor,0,0.01602694685737935,3,3,-1,4,0.5688118275811576,-1,1,-1,incongruent,hit,q,2,2.3407241636450635,1484269,33684,16:11:39.610207,hand
15,325,hand1,10,cue,black,-1,-1,-1,3,3,-1,0.42023747627899866,-1,1,none,none,-1,-1,-1,1495118,33684,16:11:39.610207,hand
15,326,hand1,10,cue,black,-1,-1,-1,3,3,-1,0.21096390547972987,-1,1,none,none,-1,-1,-1,1497984,33684,16:11:39.610207,hand
15,327,hand1,10,gabor,0,0.01602694685737935,4,3,-1,3,0.48170621660756296,-1,0,-1,incongruent,miss,q,1,1.1167060514899276,1503567,33684,16:11:39.610207,hand
15,328,hand1,10,gabor,90,0.01602694685737935,4,4,-1,4,0.4713929479021317,-1,1,-1,congruent,CR,4,3,1.4653208755944434,1508618,33684,16:11:39.610207,hand
15,329,hand1,10,gabor,0,0.01602694685737935,3,3,-1,4,0.3912875189407714,-1,1,-1,incongruent,hit,3,3,1.0521146847158889,1513800,33684,16:11:39.610207,hand
15,330,hand1,10,gabor,90,0.01602694685737935,4,4,-1,3,0.32189778275096614,-1,1,-1,incongruent,CR,3,3,1.5846338516976175,1518484,33684,16:11:39.610207,hand
15,331,hand1,10,cue,black,-1,-1,-1,3,3,-1,0.4046569834008551,-1,1,none,none,-1,-1,-1,1523834,33684,16:11:39.610207,hand
15,332,hand1,10,cue,white,-1,-1,-1,4,4,-1,0.23040160232358176,-1,1,none,none,-1,-1,-1,1526566,33684,16:11:39.610207,hand
15,333,hand1,10,cue,white,-1,-1,-1,4,4,-1,0.20122393747442402,-1,1,none,none,-1,-1,-1,1529133,33684,16:11:39.610207,hand
15,334,hand1,10,cue,white,-1,-1,-1,4,4,-1,0.21919939114104636,-1,1,none,none,-1,-1,-1,1531666,33684,16:11:39.610207,hand
15,335,hand1,10,cue,black,-1,-1,-1,3,3,-1,0.19484390323668777,-1,1,none,none,-1,-1,-1,1537149,33684,16:11:39.610207,hand
15,336,hand1,10,cue,white,-1,-1,-1,4,4,-1,0.15563136419405055,-1,1,none,none,-1,-1,-1,1539766,33684,16:11:39.610207,hand
15,337,hand1,10,gabor,90,0.01602694685737935,4,4,-1,3,0.22541238867142965,-1,1,-1,incongruent,CR,c,3,2.1124210799562206,1542349,33684,16:11:39.610207,hand
15,338,hand1,10,cue,black,-1,-1,-1,3,3,-1,0.3772291720588328,-1,1,none,none,-1,-1,-1,1548134,33684,16:11:39.610207,hand
15,339,hand1,10,cue,black,-1,-1,-1,3,3,-1,0.2568198975668565,-1,1,none,none,-1,-1,-1,1554599,33684,16:11:39.610207,hand
15,340,hand1,10,cue,white,-1,-1,-1,4,4,-1,0.21567434062762914,-1,1,none,none,-1,-1,-1,1557383,33684,16:11:39.610207,hand
15,341,hand1,10,cue,black,-1,-1,-1,3,3,-1,0.21950965702581016,-1,1,none,none,-1,-1,-1,1560133,33684,16:11:39.610207,hand
15,342,hand1,10,gabor,0,0.01602694685737935,3,3,-1,4,0.3682744685729631,-1,1,-1,incongruent,hit,4,2,3.7843437070168875,1562782,33684,16:11:39.610207,hand
15,343,hand1,10,cue,white,-1,-1,-1,4,4,-1,0.2618713179926999,-1,1,none,none,-1,-1,-1,1570182,33684,16:11:39.610207,hand
15,344,hand1,10,cue,black,-1,-1,-1,3,3,-1,0.2747742316505537,-1,1,none,none,-1,-1,-1,1572882,33684,16:11:39.610207,hand
15,345,hand1,10,cue,white,-1,-1,-1,4,4,-1,0.2856304656525026,-1,1,none,none,-1,-1,-1,1575481,33684,16:11:39.610207,hand
15,346,hand1,10,cue,white,-1,-1,-1,4,4,-1,0.2554540364899367,-1,1,none,none,-1,-1,-1,1578299,33684,16:11:39.610207,hand
15,347,hand1,10,gabor,0,0.01602694685737935,3,3,-1,3,0.44126182984655316,-1,1,-1,congruent,hit,4,1,1.4813444957371757,1581083,33684,16:11:39.610207,hand
15,348,hand1,10,cue,white,-1,-1,-1,4,4,-1,0.5410526307705368,-1,1,none,none,-1,-1,-1,1586231,33684,16:11:39.610207,hand
15,349,hand1,10,gabor,90,0.01602694685737935,4,4,-1,4,0.557755917515351,-1,1,-1,congruent,CR,3,2,1.9246618370652868,1589198,33684,16:11:39.610207,hand
15,350,hand1,10,cue,white,-1,-1,-1,4,4,-1,0.6414992907657506,-1,1,none,none,-1,-1,-1,1595014,33684,16:11:39.610207,hand
15,351,hand1,10,cue,white,-1,-1,-1,4,4,-1,0.325311091468393,-1,1,none,none,-1,-1,-1,1598182,33684,16:11:39.610207,hand
15,352,hand1,10,cue,black,-1,-1,-1,3,3,-1,0.3082073006180508,-1,1,none,none,-1,-1,-1,1601032,33684,16:11:39.610207,hand
15,353,hand1,10,cue,black,-1,-1,-1,3,3,-1,0.22108863390076294,-1,1,none,none,-1,-1,-1,1603865,33684,16:11:39.610207,hand
15,354,hand1,10,cue,black,-1,-1,-1,3,3,-1,0.27585977825219743,-1,1,none,none,-1,-1,-1,1606414,33684,16:11:39.610207,hand
15,355,hand1,10,gabor,0,0.01602694685737935,4,3,-1,4,0.5236139985208865,-1,0,-1,congruent,miss,3,1,1.9165691965881706,1609215,33684,16:11:39.610207,hand
15,356,hand1,10,gabor,90,0.01602694685737935,4,4,-1,4,0.5441998327323745,-1,1,-1,congruent,CR,3,3,1.6042374332719191,1614997,33684,16:11:39.610207,hand
15,357,hand1,10,gabor,90,0.01602694685737935,4,4,-1,3,0.48492484116195556,-1,1,-1,incongruent,CR,4,3,1.7579384675163965,1620380,33684,16:11:39.610207,hand
15,358,hand1,10,cue,black,-1,-1,-1,3,3,-1,0.429700585741557,-1,1,none,none,-1,-1,-1,1625863,33684,16:11:39.610207,hand
15,359,hand1,10,cue,white,-1,-1,-1,4,4,-1,0.35855600414379296,-1,1,none,none,-1,-1,-1,1628630,33684,16:11:39.610207,hand
15,360,hand1,10,gabor,0,0.01602694685737935,3,3,-1,3,0.6284512279689807,-1,1,-1,congruent,hit,q,2,1.2882492940298107,1631413,33684,16:11:39.610207,hand
15,361,hand1,11,cue,black,-1,-1,-1,3,3,-1,0.197988417252418,-1,1,none,none,-1,-1,-1,1656862,33684,16:11:39.610207,hand
15,362,hand1,11,cue,white,-1,-1,-1,4,4,-1,0.23075871528453717,-1,1,none,none,-1,-1,-1,1659462,33684,16:11:39.610207,hand
15,363,hand1,11,gabor,90,0.01602694685737935,4,4,-1,4,0.4646995758412231,-1,1,-1,congruent,CR,c,2,1.1115920402971824,1662229,33684,16:11:39.610207,hand
15,364,hand1,11,cue,white,-1,-1,-1,4,4,-1,0.33037556763702014,-1,1,none,none,-1,-1,-1,1667145,33684,16:11:39.610207,hand
15,365,hand1,11,cue,black,-1,-1,-1,3,3,-1,0.20824677503878775,-1,1,none,none,-1,-1,-1,1670014,33684,16:11:39.610207,hand
15,366,hand1,11,gabor,0,0.01602694685737935,3,3,-1,4,0.37002125014078047,-1,1,-1,incongruent,hit,c,3,1.8991424681034914,1672645,33684,16:11:39.610207,hand
15,367,hand1,11,gabor,0,0.01602694685737935,3,3,-1,3,0.511773591918427,-1,1,-1,congruent,hit,c,2,2.2006579326307474,1678362,33684,16:11:39.610207,hand
15,368,hand1,11,gabor,0,0.01602694685737935,3,3,-1,3,0.47836625044510583,-1,1,-1,congruent,hit,3,2,1.3002475215216691,1684311,33684,16:11:39.610207,hand
15,369,hand1,11,gabor,90,0.01602694685737935,4,4,-1,3,0.48306362985022133,-1,1,-1,incongruent,CR,4,3,2.4760465521703736,1689428,33684,16:11:39.610207,hand
15,370,hand1,11,cue,black,-1,-1,-1,3,3,-1,0.42375023903514375,-1,1,none,none,-1,-1,-1,1695829,33684,16:11:39.610207,hand
15,371,hand1,11,cue,black,-1,-1,-1,3,3,-1,0.2475887195314499,-1,1,none,none,-1,-1,-1,1698677,33684,16:11:39.610207,hand
15,372,hand1,11,cue,white,-1,-1,-1,4,4,-1,0.2284109855627321,-1,1,none,none,-1,-1,-1,1701260,33684,16:11:39.610207,hand
15,373,hand1,11,cue,white,-1,-1,-1,4,4,-1,0.2692278449812875,-1,1,none,none,-1,-1,-1,1703928,33684,16:11:39.610207,hand
15,374,hand1,11,gabor,90,0.01602694685737935,4,4,-1,4,0.3541911621841791,-1,1,-1,congruent,CR,3,4,1.7199858076401142,1706728,33684,16:11:39.610207,hand
15,375,hand1,11,gabor,90,0.01602694685737935,4,4,-1,3,0.5996982587475941,-1,1,-1,incongruent,CR,3,4,1.4537028006097898,1712245,33684,16:11:39.610207,hand
15,376,hand1,11,cue,white,-1,-1,-1,4,4,-1,0.3274629850502606,-1,1,none,none,-1,-1,-1,1717643,33684,16:11:39.610207,hand
15,377,hand1,11,cue,black,-1,-1,-1,3,3,-1,0.36731679145123053,-1,1,none,none,-1,-1,-1,1720495,33684,16:11:39.610207,hand
15,378,hand1,11,cue,white,-1,-1,-1,4,4,-1,0.2593550155934281,-1,1,none,none,-1,-1,-1,1723395,33684,16:11:39.610207,hand
15,379,hand1,11,cue,black,-1,-1,-1,3,3,-1,0.26810428312910517,-1,1,none,none,-1,-1,-1,1725977,33684,16:11:39.610207,hand
15,380,hand1,11,gabor,0,0.01602694685737935,3,3,-1,4,0.6356380303031983,-1,1,-1,incongruent,hit,3,1,1.6096920457503074,1728777,33684,16:11:39.610207,hand
15,381,hand1,11,cue,black,-1,-1,-1,3,3,-1,0.4255384917851188,-1,1,none,none,-1,-1,-1,1734259,33684,16:11:39.610207,hand
15,382,hand1,11,cue,white,-1,-1,-1,4,4,-1,0.2384009326415253,-1,1,none,none,-1,-1,-1,1737009,33684,16:11:39.610207,hand
15,383,hand1,11,gabor,90,0.01602694685737935,4,4,-1,3,0.36229839437419287,-1,1,-1,incongruent,CR,q,3,3.9881411617607228,1739677,33684,16:11:39.610207,hand
15,384,hand1,11,gabor,0,0.01602694685737935,3,3,-1,3,0.4545041928131468,-1,1,-1,congruent,hit,c,2,1.110473470346733,1750942,33684,16:11:39.610207,hand
15,385,hand1,11,cue,black,-1,-1,-1,3,3,-1,0.4232349211933979,-1,1,none,none,-1,-1,-1,1755944,33684,16:11:39.610207,hand
15,386,hand1,11,cue,white,-1,-1,-1,4,4,-1,0.27630175353988307,-1,1,none,none,-1,-1,-1,1758793,33684,16:11:39.610207,hand
15,387,hand1,11,cue,black,-1,-1,-1,3,3,-1,0.24881787930189603,-1,1,none,none,-1,-1,-1,1761593,33684,16:11:39.610207,hand
15,388,hand1,11,gabor,90,0.01602694685737935,4,4,-1,4,0.47384435557978577,-1,1,-1,congruent,CR,3,3,2.5017467815678174,1764376,33684,16:11:39.610207,hand
15,389,hand1,11,cue,white,-1,-1,-1,4,4,-1,0.3434777733664305,-1,1,none,none,-1,-1,-1,1770592,33684,16:11:39.610207,hand
15,390,hand1,11,cue,black,-1,-1,-1,3,3,-1,0.3972593692233204,-1,1,none,none,-1,-1,-1,1773259,33684,16:11:39.610207,hand
15,391,hand1,11,cue,white,-1,-1,-1,4,4,-1,0.29423650400985935,-1,1,none,none,-1,-1,-1,1776092,33684,16:11:39.610207,hand
15,392,hand1,11,cue,white,-1,-1,-1,4,4,-1,0.25307021148000786,-1,1,none,none,-1,-1,-1,1778926,33684,16:11:39.610207,hand
15,393,hand1,11,cue,white,-1,-1,-1,4,4,-1,0.2648810506652808,-1,1,none,none,-1,-1,-1,1781608,33684,16:11:39.610207,hand
15,394,hand1,11,cue,black,-1,-1,-1,3,3,-1,0.2306723169876932,-1,1,none,none,-1,-1,-1,1784208,33684,16:11:39.610207,hand
15,395,hand1,11,cue,black,-1,-1,-1,3,3,-1,0.20655490439003188,-1,1,none,none,-1,-1,-1,1786774,33684,16:11:39.610207,hand
15,396,hand1,11,gabor,0,0.01602694685737935,3,3,-1,4,0.6703977931183545,-1,1,-1,incongruent,hit,q,2,1.4563327647683764,1789508,33684,16:11:39.610207,hand
