8,1,hand2,1,gabor,0,0.006059122786624887,3,4,-1,3,0.7137173464852822,-1,0,-1,congruent,miss,4,1,1.1596586896775989,0,10860,15:10:01.335793,hand
8,2,hand2,1,cue,yellow,-1,-1,-1,3,3,-1,0.24256786827754695,-1,1,none,none,-1,-1,-1,5150,10860,15:10:01.335793,hand
8,3,hand2,1,gabor,90,0.006059122786624887,4,3,-1,4,0.20436495060494053,-1,0,-1,congruent,FA,q,1,3.4222377014966696,7733,10860,15:10:01.335793,hand
8,4,hand2,1,cue,yellow,-1,-1,-1,3,3,-1,0.2020460033972995,-1,1,none,none,-1,-1,-1,14800,10860,15:10:01.335793,hand
8,5,hand2,1,cue,yellow,-1,-1,-1,3,3,-1,0.25587061511032516,-1,1,none,none,-1,-1,-1,17332,10860,15:10:01.335793,hand
8,6,hand2,1,cue,yellow,-1,-1,-1,3,3,-1,0.3046756411467868,-1,1,none,none,-1,-1,-1,20134,10860,15:10:01.335793,hand
8,7,hand2,1,gabor,90,0.006059122786624887,4,3,-1,3,0.2163609616627582,-1,0,-1,incongruent,FA,3,2,2.329467525331893,22967,10860,15:10:01.335793,hand
8,8,hand2,1,cue,blue,-1,-1,-1,4,4,-1,0.14516440563875221,-1,1,none,none,-1,-1,-1,28949,10860,15:10:01.335793,hand
8,9,hand2,1,cue,yellow,-1,-1,-1,3,3,-1,0.29412076419612276,-1,1,none,none,-1,-1,-1,31432,10860,15:10:01.335793,hand
8,10,hand2,1,cue,yellow,-1,-1,-1,3,3,-1,0.19684517197038076,-1,1,none,none,-1,-1,-1,34266,10860,15:10:01.335793,hand
8,11,hand2,1,gabor,90,0.006059122786624887,4,3,-1,4,0.3356206649341402,-1,0,-1,congruent,FA,c,2,3.2316282281035456,37000,10860,15:10:01.335793,hand
8,12,hand2,1,gabor,0,0.006059122786624887,4,4,-1,4,0.4442924676650364,-1,1,-1,congruent,hit,3,2,1.7803082636928593,43999,10860,15:10:01.335793,hand
8,13,hand2,1,cue,blue,-1,-1,-1,4,4,-1,0.1389928342650819,-1,1,none,none,-1,-1,-1,49548,10860,15:10:01.335793,hand
8,14,hand2,1,gabor,0,0.006059122786624887,4,4,-1,4,0.30077808953956264,-1,1,-1,congruent,hit,c,1,1.9437823299986121,52232,10860,15:10:01.335793,hand
8,15,hand2,1,cue,blue,-1,-1,-1,4,4,-1,0.13152489498679643,-1,1,none,none,-1,-1,-1,57715,10860,15:10:01.335793,hand
8,16,hand2,1,gabor,90,0.006059122786624887,4,3,-1,3,0.37136831709085527,-1,0,-1,incongruent,FA,3,3,3.00433799413986,60281,10860,15:10:01.335793,hand
8,17,hand2,1,cue,yellow,-1,-1,-1,3,3,-1,0.15289154169840913,-1,1,none,none,-1,-1,-1,66897,10860,15:10:01.335793,hand
8,18,hand2,1,gabor,0,0.006059122786624887,4,4,-1,3,0.2868713182051579,-1,1,-1,incongruent,hit,q,4,1.5987672217061117,69480,10860,15:10:01.335793,hand
8,19,hand2,1,cue,blue,-1,-1,-1,4,4,-1,0.18659595522512973,-1,1,none,none,-1,-1,-1,74815,10860,15:10:01.335793,hand
8,20,hand2,1,cue,blue,-1,-1,-1,3,4,-1,0.5405055450837608,-1,0,none,none,-1,-1,-1,77330,10860,15:10:01.335793,hand
8,21,hand2,1,cue,blue,-1,-1,-1,4,4,-1,0.27122236050308857,-1,1,none,none,-1,-1,-1,80314,10860,15:10:01.335793,hand
8,22,hand2,1,gabor,0,0.006059122786624887,4,4,-1,3,0.2761405714391003,-1,1,-1,incongruent,hit,3,2,3.6210182094382617,83013,10860,15:10:01.335793,hand
8,23,hand2,1,cue,yellow,-1,-1,-1,3,3,-1,0.2996660393464481,-1,1,none,none,-1,-1,-1,90147,10860,15:10:01.335793,hand
8,24,hand2,1,cue,blue,-1,-1,-1,4,4,-1,0.2592747328453697,-1,1,none,none,-1,-1,-1,96446,10860,15:10:01.335793,hand
8,25,hand2,1,cue,blue,-1,-1,-1,4,4,-1,0.30617821449141047,-1,1,none,none,-1,-1,-1,99146,10860,15:10:01.335793,hand
8,26,hand2,1,cue,yellow,-1,-1,-1,3,3,-1,0.23220345296158484,-1,1,none,none,-1,-1,-1,101896,10860,15:10:01.335793,hand
8,27,hand2,1,cue,blue,-1,-1,-1,4,4,-1,0.19889724249151186,-1,1,none,none,-1,-1,-1,104663,10860,15:10:01.335793,hand
8,28,hand2,1,cue,yellow,-1,-1,-1,3,3,-1,0.19972398422760307,-1,1,none,none,-1,-1,-1,107196,10860,15:10:01.335793,hand
8,29,hand2,1,cue,yellow,-1,-1,-1,3,3,-1,0.1765467999948669,-1,1,none,none,-1,-1,-1,109829,10860,15:10:01.335793,hand
8,30,hand2,1,cue,blue,-1,-1,-1,4,4,-1,0.14139050049561774,-1,1,none,none,-1,-1,-1,112446,10860,15:10:01.335793,hand
8,31,hand2,1,gabor,0,0.006059122786624887,4,4,-1,4,0.292189652172965,-1,1,-1,congruent,hit,4,2,1.0311688930069067,114929,10860,15:10:01.335793,hand
8,32,hand2,1,cue,blue,-1,-1,-1,4,4,-1,0.22903280432910833,-1,1,none,none,-1,-1,-1,119696,10860,15:10:01.335793,hand
8,33,hand2,1,gabor,90,0.006059122786624887,4,3,-1,3,0.7186451573015802,-1,0,-1,incongruent,FA,3,1,2.933783862139535,122362,10860,15:10:01.335793,hand
8,34,hand2,1,cue,yellow,-1,-1,-1,3,3,-1,0.16944596015946445,-1,1,none,none,-1,-1,-1,129362,10860,15:10:01.335793,hand
8,35,hand2,1,cue,blue,-1,-1,-1,4,4,-1,0.19121503387395933,-1,1,none,none,-1,-1,-1,131962,10860,15:10:01.335793,hand
8,36,hand2,1,gabor,90,0.006059122786624887,4,3,-1,4,0.3552071097483349,-1,0,-1,congruent,FA,4,1,1.0961462622481122,134595,10860,15:10:01.335793,hand
8,37,hand2,2,gabor,90,0.006059122786624887,4,3,-1,4,0.26958730880414805,-1,0,-1,congruent,FA,4,2,1.645514417292361,142295,10860,15:10:01.335793,hand
8,38,hand2,2,cue,blue,-1,-1,-1,4,4,-1,0.2813141392034595,-1,1,none,none,-1,-1,-1,147662,10860,15:10:01.335793,hand
8,39,hand2,2,cue,yellow,-1,-1,-1,3,3,-1,0.23626573852470756,-1,1,none,none,-1,-1,-1,150479,10860,15:10:01.335793,hand
8,40,hand2,2,gabor,0,0.006059122786624887,3,4,-1,4,0.40616519705235987,-1,0,-1,incongruent,miss,3,4,1.5531328443021266,153044,10860,15:10:01.335793,hand
8,41,hand2,2,gabor,0,0.006059122786624887,3,4,-1,3,0.41183219869071763,-1,0,-1,congruent,miss,3,1,1.3036622777290177,158445,10860,15:10:01.335793,hand
8,42,hand2,2,gabor,0,0.006059122786624887,4,4,-1,4,0.6534362389356829,-1,1,-1,congruent,hit,q,1,3.4514336270003696,163494,10860,15:10:01.335793,hand
8,43,hand2,2,cue,yellow,-1,-1,-1,3,3,-1,0.18821833508172858,-1,1,none,none,-1,-1,-1,170844,10860,15:10:01.335793,hand
8,44,hand2,2,gabor,0,0.006059122786624887,4,4,-1,4,0.5858534620438149,-1,1,-1,congruent,hit,3,1,1.8797461330723308,173561,10860,15:10:01.335793,hand
8,45,hand2,2,gabor,90,0.006059122786624887,4,3,-1,3,0.7435345762742145,-1,0,-1,incongruent,FA,3,2,3.019478158158563,179261,10860,15:10:01.335793,hand
8,46,hand2,2,gabor,0,0.006059122786624887,4,4,-1,3,0.4662293472965757,-1,1,-1,incongruent,hit,q,1,2.70010279552298,186461,10860,15:10:01.335793,hand
8,47,hand2,2,gabor,90,0.006059122786624887,4,3,-1,4,0.3417123652989176,-1,0,-1,congruent,FA,3,2,3.616492825624846,196643,10860,15:10:01.335793,hand
8,48,hand2,2,cue,blue,-1,-1,-1,4,4,-1,0.2721646848031014,-1,1,none,none,-1,-1,-1,203843,10860,15:10:01.335793,hand
8,49,hand2,2,cue,blue,-1,-1,-1,4,4,-1,0.2641998556946419,-1,1,none,none,-1,-1,-1,206543,10860,15:10:01.335793,hand
8,50,hand2,2,cue,yellow,-1,-1,-1,3,3,-1,0.2068263600440332,-1,1,none,none,-1,-1,-1,209343,10860,15:10:01.335793,hand
8,51,hand2,2,gabor,90,0.006059122786624887,4,3,-1,4,0.19568627435910457,-1,0,-1,congruent,FA,c,4,1.4066317512606474,212077,10860,15:10:01.335793,hand
8,52,hand2,2,cue,blue,-1,-1,-1,4,4,-1,0.40444221044617734,-1,1,none,none,-1,-1,-1,217026,10860,15:10:01.335793,hand
8,53,hand2,2,cue,blue,-1,-1,-1,4,4,-1,0.3562577207048889,-1,1,none,none,-1,-1,-1,219859,10860,15:10:01.335793,hand
8,54,hand2,2,cue,blue,-1,-1,-1,4,4,-1,0.3411732359927555,-1,1,none,none,-1,-1,-1,222642,10860,15:10:01.335793,hand
8,55,hand2,2,cue,yellow,-1,-1,-1,3,3,-1,0.22999855233774724,-1,1,none,none,-1,-1,-1,225308,10860,15:10:01.335793,hand
8,56,hand2,2,gabor,0,0.006059122786624887,3,4,-1,3,0.4877553520300353,-1,0,-1,congruent,miss,4,4,2.9667271971147784,227875,10860,15:10:01.335793,hand
8,57,hand2,2,cue,blue,-1,-1,-1,4,4,-1,0.3875041807477828,-1,1,none,none,-1,-1,-1,234776,10860,15:10:01.335793,hand
8,58,hand2,2,cue,yellow,-1,-1,-1,3,3,-1,0.20023047393806337,-1,1,none,none,-1,-1,-1,237592,10860,15:10:01.335793,hand
8,59,hand2,2,cue,blue,-1,-1,-1,4,4,-1,0.2111666581549798,-1,1,none,none,-1,-1,-1,240225,10860,15:10:01.335793,hand
8,60,hand2,2,cue,blue,-1,-1,-1,4,4,-1,0.376985399348996,-1,1,none,none,-1,-1,-1,242976,10860,15:10:01.335793,hand
8,61,hand2,2,cue,yellow,-1,-1,-1,3,3,-1,0.23880087504858238,-1,1,none,none,-1,-1,-1,245875,10860,15:10:01.335793,hand
8,62,hand2,2,cue,yellow,-1,-1,-1,3,3,-1,0.271630547435052,-1,1,none,none,-1,-1,-1,248442,10860,15:10:01.335793,hand
8,63,hand2,2,cue,blue,-1,-1,-1,4,4,-1,0.18848981971041212,-1,1,none,none,-1,-1,-1,251142,10860,15:10:01.335793,hand
8,64,hand2,2,cue,yellow,-1,-1,-1,3,3,-1,0.1743503472662269,-1,1,none,none,-1,-1,-1,253859,10860,15:10:01.335793,hand
8,65,hand2,2,cue,yellow,-1,-1,-1,3,3,-1,0.17023583835180034,-1,1,none,none,-1,-1,-1,256358,10860,15:10:01.335793,hand
8,66,hand2,2,cue,blue,-1,-1,-1,4,4,-1,0.18622002389201953,-1,1,none,none,-1,-1,-1,258957,10860,15:10:01.335793,hand
8,67,hand2,2,gabor,90,0.006059122786624887,4,3,-1,3,0.1568716522815521,-1,0,-1,incongruent,FA,4,1,1.4018448666938639,261474,10860,15:10:01.335793,hand
8,68,hand2,2,cue,yellow,-1,-1,-1,4,3,-1,0.21363997144635505,-1,0,none,none,-1,-1,-1,266274,10860,15:10:01.335793,hand
8,69,hand2,2,cue,blue,-1,-1,-1,4,4,-1,0.2666309295100291,-1,1,none,none,-1,-1,-1,268825,10860,15:10:01.335793,hand
8,70,hand2,2,cue,yellow,-1,-1,-1,3,3,-1,0.28030154377574945,-1,1,none,none,-1,-1,-1,271524,10860,15:10:01.335793,hand
8,71,hand2,2,cue,yellow,-1,-1,-1,3,3,-1,0.2082290946282228,-1,1,none,none,-1,-1,-1,274240,10860,15:10:01.335793,hand
8,72,hand2,2,gabor,90,0.006059122786624887,4,3,-1,3,0.23499740227180155,-1,0,-1,incongruent,FA,3,1,1.0350272771011078,276774,10860,15:10:01.335793,hand
8,73,hand2,3,gabor,0,0.006059122786624887,4,4,-1,4,0.23451702423608367,-1,1,-1,congruent,hit,q,2,3.2475359985937757,284507,10860,15:10:01.335793,hand
8,74,hand2,3,cue,blue,-1,-1,-1,4,4,-1,0.17422938876734406,-1,1,none,none,-1,-1,-1,291424,10860,15:10:01.335793,hand
8,75,hand2,3,cue,blue,-1,-1,-1,4,4,-1,0.20991406570738036,-1,1,none,none,-1,-1,-1,296756,10860,15:10:01.335793,hand
8,76,hand2,3,cue,yellow,-1,-1,-1,3,3,-1,0.16972781266031234,-1,1,none,none,-1,-1,-1,299290,10860,15:10:01.335793,hand
8,77,hand2,3,gabor,90,0.006059122786624887,4,3,-1,4,0.22251064530792064,-1,0,-1,congruent,FA,3,1,1.3585371164035678,301790,10860,15:10:01.335793,hand
8,78,hand2,3,cue,yellow,-1,-1,-1,3,3,-1,0.16826171886259544,-1,1,none,none,-1,-1,-1,306807,10860,15:10:01.335793,hand
8,79,hand2,3,cue,yellow,-1,-1,-1,3,3,-1,0.2092428420410215,-1,1,none,none,-1,-1,-1,309507,10860,15:10:01.335793,hand
8,80,hand2,3,cue,yellow,-1,-1,-1,3,3,-1,0.15704406614077016,-1,1,none,none,-1,-1,-1,312139,10860,15:10:01.335793,hand
8,81,hand2,3,gabor,0,0.006059122786624887,4,4,-1,3,0.5958169863361036,-1,1,-1,incongruent,hit,q,1,1.556795774823513,314622,10860,15:10:01.335793,hand
8,82,hand2,3,cue,blue,-1,-1,-1,4,4,-1,0.11558602088371117,-1,1,none,none,-1,-1,-1,320106,10860,15:10:01.335793,hand
8,83,hand2,3,cue,blue,-1,-1,-1,4,4,-1,0.18046969528859336,-1,1,none,none,-1,-1,-1,322556,10860,15:10:01.335793,hand
8,84,hand2,3,cue,blue,-1,-1,-1,4,4,-1,0.209288537473185,-1,1,none,none,-1,-1,-1,325172,10860,15:10:01.335793,hand
8,85,hand2,3,cue,yellow,-1,-1,-1,3,3,-1,0.22102650373471988,-1,1,none,none,-1,-1,-1,327705,10860,15:10:01.335793,hand
8,86,hand2,3,gabor,90,0.006059122786624887,4,3,-1,3,0.5820104377589814,-1,0,-1,incongruent,FA,c,2,3.144884089118932,330355,10860,15:10:01.335793,hand
8,87,hand2,3,gabor,90,0.006059122786624887,4,3,-1,4,0.47045444683772075,-1,0,-1,congruent,FA,4,1,1.6614152758675118,337507,10860,15:10:01.335793,hand
8,88,hand2,3,cue,yellow,-1,-1,-1,3,3,-1,0.18513754133255134,-1,1,none,none,-1,-1,-1,342872,10860,15:10:01.335793,hand
8,89,hand2,3,cue,yellow,-1,-1,-1,3,3,-1,0.19211972664106725,-1,1,none,none,-1,-1,-1,345388,10860,15:10:01.335793,hand
8,90,hand2,3,cue,yellow,-1,-1,-1,3,3,-1,0.2390193683349935,-1,1,none,none,-1,-1,-1,348105,10860,15:10:01.335793,hand
8,91,hand2,3,gabor,0,0.006059122786624887,4,4,-1,3,0.5627427089866615,-1,1,-1,incongruent,hit,c,1,1.132656144941393,350671,10860,15:10:01.335793,hand
8,92,hand2,3,cue,yellow,-1,-1,-1,3,3,-1,0.1864696207931047,-1,1,none,none,-1,-1,-1,355823,10860,15:10:01.335793,hand
8,93,hand2,3,gabor,90,0.006059122786624887,4,3,-1,3,0.2592067656896688,-1,0,-1,incongruent,FA,q,4,1.5542602543046087,358438,10860,15:10:01.335793,hand
8,94,hand2,3,gabor,0,0.006059122786624887,4,4,-1,4,0.43097052106986666,-1,1,-1,congruent,hit,3,4,2.207993321554568,363604,10860,15:10:01.335793,hand
8,95,hand2,3,cue,blue,-1,-1,-1,4,4,-1,0.1446371801848727,-1,1,none,none,-1,-1,-1,369672,10860,15:10:01.335793,hand
8,96,hand2,3,cue,blue,-1,-1,-1,4,4,-1,0.201618232707915,-1,1,none,none,-1,-1,-1,372138,10860,15:10:01.335793,hand
8,97,hand2,3,gabor,0,0.006059122786624887,4,4,-1,3,0.5783586430989089,-1,1,-1,incongruent,hit,4,2,2.2932579269099733,374771,10860,15:10:01.335793,hand
8,98,hand2,3,cue,blue,-1,-1,-1,4,4,-1,0.22205138700974203,-1,1,none,none,-1,-1,-1,380887,10860,15:10:01.335793,hand
8,99,hand2,3,cue,blue,-1,-1,-1,4,4,-1,0.3779016119742664,-1,1,none,none,-1,-1,-1,383437,10860,15:10:01.335793,hand
8,100,hand2,3,cue,yellow,-1,-1,-1,3,3,-1,0.20970862825743097,-1,1,none,none,-1,-1,-1,386355,10860,15:10:01.335793,hand
8,101,hand2,3,cue,blue,-1,-1,-1,4,4,-1,0.1975490352315319,-1,1,none,none,-1,-1,-1,388987,10860,15:10:01.335793,hand
8,102,hand2,3,cue,blue,-1,-1,-1,4,4,-1,0.23146042218741059,-1,1,none,none,-1,-1,-1,391520,10860,15:10:01.335793,hand
8,103,hand2,3,cue,yellow,-1,-1,-1,3,3,-1,0.28926399249849055,-1,1,none,none,-1,-1,-1,394187,10860,15:10:01.335793,hand
8,104,hand2,3,cue,yellow,-1,-1,-1,3,3,-1,0.22922518593986752,-1,1,none,none,-1,-1,-1,397004,10860,15:10:01.335793,hand
8,105,hand2,3,gabor,90,0.006059122786624887,4,3,-1,3,0.21313732168709976,-1,0,-1,incongruent,FA,3,1,1.4929047280947998,399570,10860,15:10:01.335793,hand
8,106,hand2,3,gabor,0,0.006059122786624887,4,4,-1,4,0.1775286758038419,-1,1,-1,congruent,hit,c,4,3.0663827917915114,408171,10860,15:10:01.335793,hand
8,107,hand2,3,cue,blue,-1,-1,-1,4,4,-1,0.19318992135413282,-1,1,none,none,-1,-1,-1,414769,10860,15:10:01.335793,hand
8,108,hand2,3,gabor,90,0.006059122786624887,4,3,-1,4,0.20676530480159272,-1,0,-1,congruent,FA,3,1,1.6507160167102484,420953,10860,15:10:01.335793,hand
8,109,hand2,4,cue,blue,-1,-1,-1,4,4,-1,0.16124996592043317,-1,1,none,none,-1,-1,-1,449418,10860,15:10:01.335793,hand
8,110,hand2,4,cue,yellow,-1,-1,-1,3,3,-1,0.159162951833423,-1,1,none,none,-1,-1,-1,452101,10860,15:10:01.335793,hand
8,111,hand2,4,cue,yellow,-1,-1,-1,3,3,-1,0.144857209453221,-1,1,none,none,-1,-1,-1,454684,10860,15:10:01.335793,hand
8,112,hand2,4,gabor,0,0.006059122786624887,4,4,-1,4,0.33053426408605446,-1,1,-1,congruent,hit,3,1,1.129623734591405,457269,10860,15:10:01.335793,hand
8,113,hand2,4,gabor,0,0.006059122786624887,4,4,-1,3,0.6672335716275484,-1,1,-1,incongruent,hit,3,4,2.4173421462801343,462152,10860,15:10:01.335793,hand
8,114,hand2,4,cue,yellow,-1,-1,-1,3,3,-1,0.16311157480686234,-1,1,none,none,-1,-1,-1,468685,10860,15:10:01.335793,hand
8,115,hand2,4,cue,yellow,-1,-1,-1,3,3,-1,0.3648745737173158,-1,1,none,none,-1,-1,-1,471385,10860,15:10:01.335793,hand
8,116,hand2,4,cue,yellow,-1,-1,-1,3,3,-1,0.3718367912742906,-1,1,none,none,-1,-1,-1,474285,10860,15:10:01.335793,hand
8,117,hand2,4,gabor,0,0.006059122786624887,4,4,-1,4,0.2266458899648569,-1,1,-1,congruent,hit,q,1,1.4425218656479046,476984,10860,15:10:01.335793,hand
8,118,hand2,4,cue,blue,-1,-1,-1,4,4,-1,0.4032929127151874,-1,1,none,none,-1,-1,-1,481884,10860,15:10:01.335793,hand
8,119,hand2,4,gabor,90,0.006059122786624887,4,3,-1,4,0.17418599730717688,-1,0,-1,congruent,FA,q,4,4.786932949440597,484818,10860,15:10:01.335793,hand
8,120,hand2,4,cue,blue,-1,-1,-1,4,4,-1,0.18868181732705125,-1,1,none,none,-1,-1,-1,493117,10860,15:10:01.335793,hand
8,121,hand2,4,cue,yellow,-1,-1,-1,3,3,-1,0.1975010358273721,-1,1,none,none,-1,-1,-1,495733,10860,15:10:01.335793,hand
8,122,hand2,4,gabor,90,0.006059122786624887,4,3,-1,4,0.23724569435762533,-1,0,-1,congruent,FA,4,2,1.0912234433690173,498367,10860,15:10:01.335793,hand
8,123,hand2,4,cue,yellow,-1,-1,-1,3,3,-1,0.20221956924251572,-1,1,none,none,-1,-1,-1,503033,10860,15:10:01.335793,hand
8,124,hand2,4,gabor,90,0.006059122786624887,4,3,-1,3,0.214823828747285,-1,0,-1,incongruent,FA,4,1,1.8907422205447801,505767,10860,15:10:01.335793,hand
8,125,hand2,4,cue,blue,-1,-1,-1,4,4,-1,0.18765040613288875,-1,1,none,none,-1,-1,-1,511216,10860,15:10:01.335793,hand
8,126,hand2,4,gabor,90,0.006059122786624887,4,3,-1,3,0.6204306967329103,-1,0,-1,incongruent,FA,c,4,2.5573771436047537,513733,10860,15:10:01.335793,hand
8,127,hand2,4,gabor,0,0.006059122786624887,3,4,-1,3,0.19808509257563855,-1,0,-1,congruent,miss,q,1,1.6460777382990273,520350,10860,15:10:01.335793,hand
8,128,hand2,4,cue,blue,-1,-1,-1,4,4,-1,0.16582027717504388,-1,1,none,none,-1,-1,-1,525532,10860,15:10:01.335793,hand
8,129,hand2,4,cue,yellow,-1,-1,-1,3,3,-1,0.24965027634152648,-1,1,none,none,-1,-1,-1,528133,10860,15:10:01.335793,hand
8,130,hand2,4,cue,blue,-1,-1,-1,4,4,-1,0.24550543180430395,-1,1,none,none,-1,-1,-1,530716,10860,15:10:01.335793,hand
8,131,hand2,4,cue,blue,-1,-1,-1,4,4,-1,0.2974415549660989,-1,1,none,none,-1,-1,-1,533399,10860,15:10:01.335793,hand
8,132,hand2,4,cue,yellow,-1,-1,-1,4,3,-1,0.30123350788471726,-1,0,none,none,-1,-1,-1,536233,10860,15:10:01.335793,hand
8,133,hand2,4,gabor,90,0.006059122786624887,3,3,-1,4,0.28603612857568805,-1,1,-1,incongruent,CR,3,4,1.7341658605964767,538865,10860,15:10:01.335793,hand
8,134,hand2,4,gabor,0,0.006059122786624887,4,4,-1,3,0.18049695895024342,-1,1,-1,incongruent,hit,4,1,1.2154773886331895,547798,10860,15:10:01.335793,hand
8,135,hand2,4,cue,blue,-1,-1,-1,4,4,-1,0.5001422702334821,-1,1,none,none,-1,-1,-1,552548,10860,15:10:01.335793,hand
8,136,hand2,4,cue,blue,-1,-1,-1,4,4,-1,0.23417334850364568,-1,1,none,none,-1,-1,-1,555381,10860,15:10:01.335793,hand
8,137,hand2,4,cue,blue,-1,-1,-1,4,4,-1,0.2748991148519053,-1,1,none,none,-1,-1,-1,558149,10860,15:10:01.335793,hand
8,138,hand2,4,cue,yellow,-1,-1,-1,3,3,-1,0.23076807878351246,-1,1,none,none,-1,-1,-1,560948,10860,15:10:01.335793,hand
8,139,hand2,4,cue,blue,-1,-1,-1,4,4,-1,0.2296329888768014,-1,1,none,none,-1,-1,-1,563615,10860,15:10:01.335793,hand
8,140,hand2,4,cue,yellow,-1,-1,-1,3,3,-1,0.20948975097508082,-1,1,none,none,-1,-1,-1,566282,10860,15:10:01.335793,hand
8,141,hand2,4,gabor,90,0.006059122786624887,4,3,-1,3,0.23626036259065586,-1,0,-1,incongruent,FA,4,4,1.171309873016071,568814,10860,15:10:01.335793,hand
8,142,hand2,4,cue,blue,-1,-1,-1,4,4,-1,0.1581323086293196,-1,1,none,none,-1,-1,-1,573464,10860,15:10:01.335793,hand
8,143,hand2,4,cue,yellow,-1,-1,-1,3,3,-1,0.18804937717868597,-1,1,none,none,-1,-1,-1,575947,10860,15:10:01.335793,hand
8,144,hand2,4,gabor,0,0.006059122786624887,3,4,-1,4,0.11180328385034954,-1,0,-1,incongruent,miss,q,1,2.735660754035962,578665,10860,15:10:01.335793,hand
8,145,hand2,5,cue,blue,-1,-1,-1,4,4,-1,0.1816113131135353,-1,1,none,none,-1,-1,-1,614180,10860,15:10:01.335793,hand
8,146,hand2,5,cue,yellow,-1,-1,-1,3,3,-1,0.18155140985800244,-1,1,none,none,-1,-1,-1,617064,10860,15:10:01.335793,hand
8,147,hand2,5,cue,yellow,-1,-1,-1,3,3,-1,0.2904006183862293,-1,1,none,none,-1,-1,-1,619679,10860,15:10:01.335793,hand
8,148,hand2,5,cue,blue,-1,-1,-1,4,4,-1,0.18031225724280375,-1,1,none,none,-1,-1,-1,622296,10860,15:10:01.335793,hand
8,149,hand2,5,gabor,90,0.006059122786624887,4,3,-1,4,0.28917298562828364,-1,0,-1,congruent,FA,3,1,3.1320283127370203,624813,10860,15:10:01.335793,hand
8,150,hand2,5,gabor,90,0.006059122786624887,4,3,-1,3,0.7997983257037049,-1,0,-1,incongruent,FA,c,1,2.084626789273898,631479,10860,15:10:01.335793,hand
8,151,hand2,5,cue,yellow,-1,-1,-1,3,3,-1,0.18048966304013447,-1,1,none,none,-1,-1,-1,637612,10860,15:10:01.335793,hand
8,152,hand2,5,cue,yellow,-1,-1,-1,3,3,-1,0.1372264561969132,-1,1,none,none,-1,-1,-1,640330,10860,15:10:01.335793,hand
8,153,hand2,5,gabor,90,0.006059122786624887,4,3,-1,4,0.19514138512477075,-1,0,-1,congruent,FA,c,4,1.467980749551316,642895,10860,15:10:01.335793,hand
8,154,hand2,5,cue,blue,-1,-1,-1,4,4,-1,0.19677912478982762,-1,1,none,none,-1,-1,-1,647895,10860,15:10:01.335793,hand
8,155,hand2,5,gabor,90,0.006059122786624887,4,3,-1,4,0.18964295739351655,-1,0,-1,congruent,FA,3,1,1.287551757757683,650429,10860,15:10:01.335793,hand
8,156,hand2,5,cue,blue,-1,-1,-1,4,4,-1,0.20138322762522876,-1,1,none,none,-1,-1,-1,655145,10860,15:10:01.335793,hand
8,157,hand2,5,cue,yellow,-1,-1,-1,3,3,-1,0.17524006421990634,-1,1,none,none,-1,-1,-1,657879,10860,15:10:01.335793,hand
8,158,hand2,5,cue,blue,-1,-1,-1,4,4,-1,0.27719655832697754,-1,1,none,none,-1,-1,-1,660378,10860,15:10:01.335793,hand
8,159,hand2,5,cue,yellow,-1,-1,-1,3,3,-1,0.1781008286998258,-1,1,none,none,-1,-1,-1,663078,10860,15:10:01.335793,hand
8,160,hand2,5,gabor,0,0.006059122786624887,4,4,-1,3,0.1775920350173692,-1,1,-1,incongruent,hit,c,3,3.777681352307809,665795,10860,15:10:01.335793,hand
8,161,hand2,5,gabor,90,0.006059122786624887,4,3,-1,3,0.16229097699488193,-1,0,-1,incongruent,FA,q,1,1.9993195604483844,673078,10860,15:10:01.335793,hand
8,162,hand2,5,cue,yellow,-1,-1,-1,3,3,-1,0.15195881727868255,-1,1,none,none,-1,-1,-1,678477,10860,15:10:01.335793,hand
8,163,hand2,5,cue,blue,-1,-1,-1,4,4,-1,0.1597635203761456,-1,1,none,none,-1,-1,-1,683794,10860,15:10:01.335793,hand
8,164,hand2,5,cue,blue,-1,-1,-1,4,4,-1,0.1846567793018039,-1,1,none,none,-1,-1,-1,686478,10860,15:10:01.335793,hand
8,165,hand2,5,gabor,0,0.006059122786624887,3,4,-1,4,0.17852514343212533,-1,0,-1,incongruent,miss,4,2,2.6893877925613197,688994,10860,15:10:01.335793,hand
8,166,hand2,5,cue,blue,-1,-1,-1,4,4,-1,0.2242217280627301,-1,1,none,none,-1,-1,-1,695294,10860,15:10:01.335793,hand
8,167,hand2,5,gabor,0,0.006059122786624887,4,4,-1,3,0.6497164771199095,-1,1,-1,incongruent,hit,3,1,1.3726028617629709,700676,10860,15:10:01.335793,hand
8,168,hand2,5,gabor,0,0.006059122786624887,4,4,-1,3,0.316343336281534,-1,1,-1,incongruent,hit,q,4,2.7363880410066486,706128,10860,15:10:01.335793,hand
8,169,hand2,5,gabor,0,0.006059122786624887,4,4,-1,4,0.22018901013325376,-1,1,-1,congruent,hit,q,4,3.0481184425616448,712627,10860,15:10:01.335793,hand
8,170,hand2,5,cue,blue,-1,-1,-1,4,4,-1,0.18275024297327036,-1,1,none,none,-1,-1,-1,719243,10860,15:10:01.335793,hand
8,171,hand2,5,gabor,90,0.006059122786624887,4,3,-1,3,0.36956814744189614,-1,0,-1,incongruent,FA,4,4,1.3075452375187524,721860,10860,15:10:01.335793,hand
8,172,hand2,5,cue,blue,-1,-1,-1,4,4,-1,0.13629641974330298,-1,1,none,none,-1,-1,-1,726776,10860,15:10:01.335793,hand
8,173,hand2,5,cue,yellow,-1,-1,-1,3,3,-1,0.18017709092055156,-1,1,none,none,-1,-1,-1,729242,10860,15:10:01.335793,hand
8,174,hand2,5,cue,yellow,-1,-1,-1,3,3,-1,0.26177070185440243,-1,1,none,none,-1,-1,-1,735425,10860,15:10:01.335793,hand
8,175,hand2,5,cue,blue,-1,-1,-1,4,4,-1,0.2686211767995701,-1,1,none,none,-1,-1,-1,738126,10860,15:10:01.335793,hand
8,176,hand2,5,cue,yellow,-1,-1,-1,3,3,-1,0.19952469070176448,-1,1,none,none,-1,-1,-1,740825,10860,15:10:01.335793,hand
8,177,hand2,5,cue,blue,-1,-1,-1,4,4,-1,0.354374992080011,-1,1,none,none,-1,-1,-1,743359,10860,15:10:01.335793,hand
8,178,hand2,5,cue,yellow,-1,-1,-1,3,3,-1,0.20822794264131517,-1,1,none,none,-1,-1,-1,746042,10860,15:10:01.335793,hand
8,179,hand2,5,cue,yellow,-1,-1,-1,3,3,-1,0.28600848091809894,-1,1,none,none,-1,-1,-1,748675,10860,15:10:01.335793,hand
8,180,hand2,5,gabor,0,0.006059122786624887,4,4,-1,4,0.14291803352989518,-1,1,-1,congruent,hit,4,3,1.7556891773629104,751291,10860,15:10:01.335793,hand
8,181,hand2,6,gabor,0,0.006059122786624887,4,4,-1,4,0.17324136903516774,-1,1,-1,congruent,hit,3,1,1.1032398061752247,781375,10860,15:10:01.335793,hand
8,182,hand2,6,gabor,90,0.006059122786624887,4,3,-1,4,0.2379399577375807,-1,0,-1,congruent,FA,c,1,1.8278537853675516,786174,10860,15:10:01.335793,hand
8,183,hand2,6,cue,yellow,-1,-1,-1,3,3,-1,0.15862919846040313,-1,1,none,none,-1,-1,-1,791474,10860,15:10:01.335793,hand
8,184,hand2,6,cue,blue,-1,-1,-1,4,4,-1,0.19950088299719937,-1,1,none,none,-1,-1,-1,794057,10860,15:10:01.335793,hand
8,185,hand2,6,cue,blue,-1,-1,-1,4,4,-1,0.5563288366211054,-1,1,none,none,-1,-1,-1,796590,10860,15:10:01.335793,hand
8,186,hand2,6,cue,blue,-1,-1,-1,4,4,-1,0.3072426492744853,-1,1,none,none,-1,-1,-1,799473,10860,15:10:01.335793,hand
8,187,hand2,6,cue,blue,-1,-1,-1,4,4,-1,0.22306935837059427,-1,1,none,none,-1,-1,-1,802206,10860,15:10:01.335793,hand
8,188,hand2,6,gabor,90,0.006059122786624887,3,3,-1,4,0.0757614913454745,-1,1,-1,incongruent,CR,c,1,2.151664676931432,804856,10860,15:10:01.335793,hand
8,189,hand2,6,gabor,90,0.006059122786624887,4,3,-1,3,0.25746880326732935,-1,0,-1,incongruent,FA,c,3,4.278539773649754,810524,10860,15:10:01.335793,hand
8,190,hand2,6,cue,blue,-1,-1,-1,4,4,-1,0.1681092727549185,-1,1,none,none,-1,-1,-1,818491,10860,15:10:01.335793,hand
8,191,hand2,6,gabor,0,0.006059122786624887,4,4,-1,4,0.5270077286722881,-1,1,-1,congruent,hit,3,4,2.232826677223784,821089,10860,15:10:01.335793,hand
8,192,hand2,6,cue,blue,-1,-1,-1,4,4,-1,0.16152721047819796,-1,1,none,none,-1,-1,-1,827189,10860,15:10:01.335793,hand
8,193,hand2,6,cue,yellow,-1,-1,-1,3,3,-1,0.24439760555924295,-1,1,none,none,-1,-1,-1,829790,10860,15:10:01.335793,hand
8,194,hand2,6,cue,blue,-1,-1,-1,4,4,-1,0.17924935843984713,-1,1,none,none,-1,-1,-1,832456,10860,15:10:01.335793,hand
8,195,hand2,6,cue,yellow,-1,-1,-1,3,3,-1,0.20221649728046032,-1,1,none,none,-1,-1,-1,835174,10860,15:10:01.335793,hand
8,196,hand2,6,gabor,0,0.006059122786624887,4,4,-1,4,0.18175915127903863,-1,1,-1,congruent,hit,q,4,2.2887494388869527,840739,10860,15:10:01.335793,hand
8,197,hand2,6,cue,yellow,-1,-1,-1,3,3,-1,0.39945027242538345,-1,1,none,none,-1,-1,-1,846555,10860,15:10:01.335793,hand
8,198,hand2,6,cue,yellow,-1,-1,-1,3,3,-1,0.28718504230982944,-1,1,none,none,-1,-1,-1,849389,10860,15:10:01.335793,hand
8,199,hand2,6,gabor,90,0.006059122786624887,4,3,-1,3,0.1960860133958704,-1,0,-1,incongruent,FA,q,1,4.554076320589047,852105,10860,15:10:01.335793,hand
8,200,hand2,6,cue,yellow,-1,-1,-1,3,3,-1,0.18465409133477806,-1,1,none,none,-1,-1,-1,860289,10860,15:10:01.335793,hand
8,201,hand2,6,gabor,0,0.006059122786624887,4,4,-1,3,0.26052617330697103,-1,1,-1,incongruent,hit,q,1,3.6084316137130372,862905,10860,15:10:01.335793,hand
8,202,hand2,6,cue,blue,-1,-1,-1,4,4,-1,0.25608834040667716,-1,1,none,none,-1,-1,-1,870205,10860,15:10:01.335793,hand
8,203,hand2,6,cue,blue,-1,-1,-1,4,4,-1,0.4078186805236328,-1,1,none,none,-1,-1,-1,872988,10860,15:10:01.335793,hand
8,204,hand2,6,gabor,90,0.006059122786624887,3,3,-1,4,0.24985571379147586,-1,1,-1,incongruent,CR,c,4,3.2887171832880995,875922,10860,15:10:01.335793,hand
8,205,hand2,6,gabor,90,0.006059122786624887,4,3,-1,3,0.32737897526294546,-1,0,-1,incongruent,FA,3,4,3.194388370474371,882804,10860,15:10:01.335793,hand
8,206,hand2,6,cue,yellow,-1,-1,-1,3,3,-1,0.21478274125820462,-1,1,none,none,-1,-1,-1,893437,10860,15:10:01.335793,hand
8,207,hand2,6,gabor,0,0.006059122786624887,4,4,-1,3,0.2405995087165138,-1,1,-1,incongruent,hit,4,4,1.3506160627512145,896087,10860,15:10:01.335793,hand
8,208,hand2,6,cue,yellow,-1,-1,-1,3,3,-1,0.4252651199076354,-1,1,none,none,-1,-1,-1,900920,10860,15:10:01.335793,hand
8,209,hand2,6,cue,yellow,-1,-1,-1,3,3,-1,0.1952320079999481,-1,1,none,none,-1,-1,-1,903670,10860,15:10:01.335793,hand
8,210,hand2,6,cue,blue,-1,-1,-1,4,4,-1,0.34303100492707017,-1,1,none,none,-1,-1,-1,906203,10860,15:10:01.335793,hand
8,211,hand2,6,cue,yellow,-1,-1,-1,3,3,-1,0.22006881962533953,-1,1,none,none,-1,-1,-1,908970,10860,15:10:01.335793,hand
8,212,hand2,6,cue,blue,-1,-1,-1,4,4,-1,0.1688457756108619,-1,1,none,none,-1,-1,-1,911721,10860,15:10:01.335793,hand
8,213,hand2,6,cue,yellow,-1,-1,-1,4,3,-1,0.3345746619206693,-1,0,none,none,-1,-1,-1,914220,10860,15:10:01.335793,hand
8,214,hand2,6,cue,blue,-1,-1,-1,4,4,-1,0.21045473099457013,-1,1,none,none,-1,-1,-1,917087,10860,15:10:01.335793,hand
8,215,hand2,6,cue,yellow,-1,-1,-1,3,3,-1,0.2532571435594946,-1,1,none,none,-1,-1,-1,919820,10860,15:10:01.335793,hand
8,216,hand2,6,gabor,0,0.006059122786624887,4,4,-1,3,0.3601418324788028,-1,1,-1,incongruent,hit,4,4,2.0640961001827236,922603,10860,15:10:01.335793,hand
8,217,hand2,7,gabor,90,0.006059122786624887,4,3,-1,4,0.2965794856690991,-1,0,-1,congruent,FA,4,1,1.1185857916389068,948619,10860,15:10:01.335793,hand
8,218,hand2,7,gabor,90,0.006059122786624887,3,3,-1,3,0.20629875059512415,-1,1,-1,congruent,CR,4,3,1.3103169151054317,953352,10860,15:10:01.335793,hand
8,219,hand2,7,cue,blue,-1,-1,-1,4,4,-1,0.1981511397552822,-1,1,none,none,-1,-1,-1,958302,10860,15:10:01.335793,hand
8,220,hand2,7,cue,yellow,-1,-1,-1,3,3,-1,0.20400130712005193,-1,1,none,none,-1,-1,-1,960934,10860,15:10:01.335793,hand
8,221,hand2,7,cue,yellow,-1,-1,-1,3,3,-1,0.24259090799114347,-1,1,none,none,-1,-1,-1,963569,10860,15:10:01.335793,hand
8,222,hand2,7,cue,blue,-1,-1,-1,4,4,-1,0.18773373309795716,-1,1,none,none,-1,-1,-1,966135,10860,15:10:01.335793,hand
8,223,hand2,7,cue,blue,-1,-1,-1,4,4,-1,0.1904462754191627,-1,1,none,none,-1,-1,-1,968852,10860,15:10:01.335793,hand
8,224,hand2,7,gabor,90,0.006059122786624887,3,3,-1,4,0.20226948862182326,-1,1,-1,incongruent,CR,4,4,1.97332193123475,971368,10860,15:10:01.335793,hand
8,225,hand2,7,cue,blue,-1,-1,-1,4,4,-1,0.1740028315807649,-1,1,none,none,-1,-1,-1,976884,10860,15:10:01.335793,hand
8,226,hand2,7,gabor,90,0.006059122786624887,4,3,-1,3,0.2448572478524511,-1,0,-1,incongruent,FA,4,3,0.9548179689800236,979484,10860,15:10:01.335793,hand
8,227,hand2,7,cue,blue,-1,-1,-1,4,4,-1,0.18261469265598862,-1,1,none,none,-1,-1,-1,983934,10860,15:10:01.335793,hand
8,228,hand2,7,cue,yellow,-1,-1,-1,3,3,-1,0.15950432359386468,-1,1,none,none,-1,-1,-1,986652,10860,15:10:01.335793,hand
8,229,hand2,7,cue,yellow,-1,-1,-1,3,3,-1,0.16330510840361967,-1,1,none,none,-1,-1,-1,989134,10860,15:10:01.335793,hand
8,230,hand2,7,cue,blue,-1,-1,-1,4,4,-1,0.219239773919071,-1,1,none,none,-1,-1,-1,991634,10860,15:10:01.335793,hand
8,231,hand2,7,cue,yellow,-1,-1,-1,3,3,-1,0.22511643695452221,-1,1,none,none,-1,-1,-1,994183,10860,15:10:01.335793,hand
8,232,hand2,7,cue,yellow,-1,-1,-1,3,3,-1,0.13595159202486684,-1,1,none,none,-1,-1,-1,996833,10860,15:10:01.335793,hand
8,233,hand2,7,gabor,90,0.006059122786624887,4,3,-1,3,0.17276943889464746,-1,0,-1,incongruent,FA,c,2,2.624648884358976,999502,10860,15:10:01.335793,hand
8,234,hand2,7,gabor,0,0.006059122786624887,4,4,-1,3,0.6061372422000204,-1,1,-1,incongruent,hit,4,2,0.9642965072953302,1005533,10860,15:10:01.335793,hand
8,235,hand2,7,gabor,90,0.006059122786624887,3,3,-1,4,0.20715006802493008,-1,1,-1,incongruent,CR,q,4,2.369063193711554,1010450,10860,15:10:01.335793,hand
8,236,hand2,7,gabor,0,0.006059122786624887,4,4,-1,4,0.21074195942765073,-1,1,-1,congruent,hit,4,3,1.9697442476553988,1016367,10860,15:10:01.335793,hand
8,237,hand2,7,cue,yellow,-1,-1,-1,3,3,-1,0.2675056706502801,-1,1,none,none,-1,-1,-1,1021883,10860,15:10:01.335793,hand
8,238,hand2,7,cue,blue,-1,-1,-1,4,4,-1,0.18030918528074835,-1,1,none,none,-1,-1,-1,1024583,10860,15:10:01.335793,hand
8,239,hand2,7,cue,yellow,-1,-1,-1,3,3,-1,0.20124114938971616,-1,1,none,none,-1,-1,-1,1027301,10860,15:10:01.335793,hand
8,240,hand2,7,cue,yellow,-1,-1,-1,3,3,-1,0.19591667149870773,-1,1,none,none,-1,-1,-1,1029932,10860,15:10:01.335793,hand
8,241,hand2,7,gabor,0,0.006059122786624887,4,4,-1,4,0.3408545199499713,-1,1,-1,congruent,hit,3,1,1.8837723230826668,1032466,10860,15:10:01.335793,hand
8,242,hand2,7,cue,blue,-1,-1,-1,4,4,-1,0.24154797693972796,-1,1,none,none,-1,-1,-1,1037933,10860,15:10:01.335793,hand
8,243,hand2,7,gabor,0,0.006059122786624887,4,4,-1,3,0.21644006467977306,-1,1,-1,incongruent,hit,c,4,2.3033412577151466,1040499,10860,15:10:01.335793,hand
8,244,hand2,7,gabor,0,0.006059122786624887,3,4,-1,3,0.40716665661875595,-1,0,-1,congruent,miss,3,3,2.7309230208593362,1046249,10860,15:10:01.335793,hand
8,245,hand2,7,cue,yellow,-1,-1,-1,3,3,-1,0.2796806234855467,-1,1,none,none,-1,-1,-1,1052732,10860,15:10:01.335793,hand
8,246,hand2,7,gabor,0,0.006059122786624887,4,4,-1,4,0.21550042834678607,-1,1,-1,congruent,hit,c,3,1.8344934469296277,1055449,10860,15:10:01.335793,hand
8,247,hand2,7,cue,yellow,-1,-1,-1,3,3,-1,0.1992566620292564,-1,1,none,none,-1,-1,-1,1060748,10860,15:10:01.335793,hand
8,248,hand2,7,cue,blue,-1,-1,-1,4,4,-1,0.3531450553509785,-1,1,none,none,-1,-1,-1,1063281,10860,15:10:01.335793,hand
8,249,hand2,7,cue,blue,-1,-1,-1,4,4,-1,0.2938300798059572,-1,1,none,none,-1,-1,-1,1065964,10860,15:10:01.335793,hand
8,250,hand2,7,cue,blue,-1,-1,-1,4,4,-1,0.16175722362186207,-1,1,none,none,-1,-1,-1,1068682,10860,15:10:01.335793,hand
8,251,hand2,7,cue,blue,-1,-1,-1,4,4,-1,0.3396238152308797,-1,1,none,none,-1,-1,-1,1071383,10860,15:10:01.335793,hand
8,252,hand2,7,cue,yellow,-1,-1,-1,3,3,-1,0.18744765664905572,-1,1,none,none,-1,-1,-1,1074249,10860,15:10:01.335793,hand
8,253,hand2,8,gabor,90,0.006059122786624887,3,3,-1,4,0.23384234461354936,-1,1,-1,incongruent,CR,3,2,1.1528558301415615,1101596,10860,15:10:01.335793,hand
8,254,hand2,8,cue,blue,-1,-1,-1,4,4,-1,0.14062980594098917,-1,1,none,none,-1,-1,-1,1106313,10860,15:10:01.335793,hand
8,255,hand2,8,cue,yellow,-1,-1,-1,3,3,-1,0.22263621174897708,-1,1,none,none,-1,-1,-1,1108880,10860,15:10:01.335793,hand
8,256,hand2,8,cue,yellow,-1,-1,-1,3,3,-1,0.10429963301612588,-1,1,none,none,-1,-1,-1,1111530,10860,15:10:01.335793,hand
8,257,hand2,8,cue,blue,-1,-1,-1,4,4,-1,0.21430543518363265,-1,1,none,none,-1,-1,-1,1114063,10860,15:10:01.335793,hand
8,258,hand2,8,cue,yellow,-1,-1,-1,3,3,-1,0.2052220279638277,-1,1,none,none,-1,-1,-1,1116613,10860,15:10:01.335793,hand
8,259,hand2,8,gabor,0,0.006059122786624887,4,4,-1,4,0.07984028870214388,-1,1,-1,congruent,hit,4,2,0.9787823434380698,1119146,10860,15:10:01.335793,hand
8,260,hand2,8,cue,yellow,-1,-1,-1,3,3,-1,0.172670368125182,-1,1,none,none,-1,-1,-1,1123530,10860,15:10:01.335793,hand
8,261,hand2,8,gabor,90,0.006059122786624887,4,3,-1,3,0.24943984695528343,-1,0,-1,incongruent,FA,3,1,1.8764107504839558,1126029,10860,15:10:01.335793,hand
8,262,hand2,8,cue,yellow,-1,-1,-1,3,3,-1,0.1402166270700036,-1,1,none,none,-1,-1,-1,1131496,10860,15:10:01.335793,hand
8,263,hand2,8,cue,yellow,-1,-1,-1,3,3,-1,0.421018132638892,-1,1,none,none,-1,-1,-1,1133962,10860,15:10:01.335793,hand
8,264,hand2,8,gabor,90,0.006059122786624887,4,3,-1,3,0.27683598680505384,-1,0,-1,incongruent,FA,4,2,1.1808521545399344,1136812,10860,15:10:01.335793,hand
8,265,hand2,8,gabor,0,0.006059122786624887,4,4,-1,4,0.3765230690896715,-1,1,-1,congruent,hit,4,4,2.0445061994105345,1141713,10860,15:10:01.335793,hand
8,266,hand2,8,cue,blue,-1,-1,-1,4,4,-1,0.16237545594685798,-1,1,none,none,-1,-1,-1,1147479,10860,15:10:01.335793,hand
8,267,hand2,8,cue,blue,-1,-1,-1,4,4,-1,0.16526310009339795,-1,1,none,none,-1,-1,-1,1150079,10860,15:10:01.335793,hand
8,268,hand2,8,gabor,0,0.006059122786624887,4,4,-1,3,0.18907733241576352,-1,1,-1,incongruent,hit,3,4,1.3918045433547377,1152578,10860,15:10:01.335793,hand
8,269,hand2,8,gabor,90,0.006059122786624887,4,3,-1,3,0.2746775496034388,-1,0,-1,incongruent,FA,3,4,1.2766712528491553,1157596,10860,15:10:01.335793,hand
8,270,hand2,8,cue,blue,-1,-1,-1,4,4,-1,0.2023201759930089,-1,1,none,none,-1,-1,-1,1162479,10860,15:10:01.335793,hand
8,271,hand2,8,cue,yellow,-1,-1,-1,3,3,-1,0.1551793852922856,-1,1,none,none,-1,-1,-1,1165011,10860,15:10:01.335793,hand
8,272,hand2,8,gabor,0,0.006059122786624887,3,4,-1,3,0.3900473811718257,-1,0,-1,congruent,miss,c,1,2.2061255687449375,1167695,10860,15:10:01.335793,hand
8,273,hand2,8,cue,blue,-1,-1,-1,4,4,-1,0.15780514469133777,-1,1,none,none,-1,-1,-1,1173512,10860,15:10:01.335793,hand
8,274,hand2,8,cue,yellow,-1,-1,-1,3,3,-1,0.18363496798792767,-1,1,none,none,-1,-1,-1,1176196,10860,15:10:01.335793,hand
8,275,hand2,8,cue,yellow,-1,-1,-1,3,3,-1,0.29545783559569827,-1,1,none,none,-1,-1,-1,1178912,10860,15:10:01.335793,hand
8,276,hand2,8,cue,blue,-1,-1,-1,4,4,-1,0.1923670195710656,-1,1,none,none,-1,-1,-1,1181745,10860,15:10:01.335793,hand
8,277,hand2,8,cue,blue,-1,-1,-1,4,4,-1,0.2612450123815506,-1,1,none,none,-1,-1,-1,1184361,10860,15:10:01.335793,hand
8,278,hand2,8,cue,yellow,-1,-1,-1,3,3,-1,0.14305550382323418,-1,1,none,none,-1,-1,-1,1186944,10860,15:10:01.335793,hand
8,279,hand2,8,cue,blue,-1,-1,-1,4,4,-1,0.18987297053718066,-1,1,none,none,-1,-1,-1,1189410,10860,15:10:01.335793,hand
8,280,hand2,8,gabor,0,0.006059122786624887,3,4,-1,4,0.19752369154593907,-1,0,-1,incongruent,miss,4,1,1.210648648586357,1192128,10860,15:10:01.335793,hand
8,281,hand2,8,cue,blue,-1,-1,-1,4,4,-1,0.18342914654385822,-1,1,none,none,-1,-1,-1,1196777,10860,15:10:01.335793,hand
8,282,hand2,8,gabor,0,0.006059122786624887,4,4,-1,3,0.292086357455446,-1,1,-1,incongruent,hit,4,1,1.5433524857353405,1199495,10860,15:10:01.335793,hand
8,283,hand2,8,cue,yellow,-1,-1,-1,4,3,-1,0.3220748491185077,-1,0,none,none,-1,-1,-1,1204560,10860,15:10:01.335793,hand
8,284,hand2,8,cue,blue,-1,-1,-1,4,4,-1,0.24583681968942983,-1,1,none,none,-1,-1,-1,1207310,10860,15:10:01.335793,hand
8,285,hand2,8,cue,blue,-1,-1,-1,4,4,-1,0.5037717931700172,-1,1,none,none,-1,-1,-1,1209994,10860,15:10:01.335793,hand
8,286,hand2,8,gabor,90,0.006059122786624887,4,3,-1,4,0.08248332788662083,-1,0,-1,congruent,FA,4,1,1.5094687464361414,1212927,10860,15:10:01.335793,hand
8,287,hand2,8,gabor,90,0.006059122786624887,4,3,-1,4,0.46523249567326275,-1,0,-1,congruent,FA,4,1,1.6372519918786566,1217760,10860,15:10:01.335793,hand
8,288,hand2,8,cue,yellow,-1,-1,-1,3,3,-1,0.4170349500946031,-1,1,none,none,-1,-1,-1,1223193,10860,15:10:01.335793,hand
8,289,hand2,9,cue,blue,-1,-1,-1,4,4,-1,0.18078265140320582,-1,1,none,none,-1,-1,-1,1260892,10860,15:10:01.335793,hand
8,290,hand2,9,gabor,90,0.006059122786624887,3,3,-1,3,0.20962837325441797,-1,1,-1,congruent,CR,q,4,2.7825845874303923,1263525,10860,15:10:01.335793,hand
8,291,hand2,9,cue,blue,-1,-1,-1,4,4,-1,0.17927547011640854,-1,1,none,none,-1,-1,-1,1269758,10860,15:10:01.335793,hand
8,292,hand2,9,gabor,90,0.006059122786624887,4,3,-1,4,0.24312043741610978,-1,0,-1,congruent,FA,c,4,1.5190789951147963,1272275,10860,15:10:01.335793,hand
8,293,hand2,9,cue,blue,-1,-1,-1,4,4,-1,0.24483075218176964,-1,1,none,none,-1,-1,-1,1277374,10860,15:10:01.335793,hand
8,294,hand2,9,cue,yellow,-1,-1,-1,3,3,-1,0.24467446612197818,-1,1,none,none,-1,-1,-1,1280058,10860,15:10:01.335793,hand
8,295,hand2,9,cue,yellow,-1,-1,-1,3,3,-1,0.45753147128925775,-1,1,none,none,-1,-1,-1,1282742,10860,15:10:01.335793,hand
8,296,hand2,9,gabor,90,0.006059122786624887,4,3,-1,4,0.22193388446885365,-1,0,-1,congruent,FA,4,1,1.79218600421882,1285624,10860,15:10:01.335793,hand
8,297,hand2,9,gabor,90,0.006059122786624887,4,3,-1,3,0.2510080834836117,-1,0,-1,incongruent,FA,4,4,1.1769054515416428,1290874,10860,15:10:01.335793,hand
8,298,hand2,9,gabor,0,0.006059122786624887,3,4,-1,4,0.3057454518648228,-1,0,-1,incongruent,miss,4,2,1.7557106810963887,1295641,10860,15:10:01.335793,hand
8,299,hand2,9,cue,blue,-1,-1,-1,4,4,-1,0.4295313069387703,-1,1,none,none,-1,-1,-1,1300941,10860,15:10:01.335793,hand
8,300,hand2,9,cue,blue,-1,-1,-1,4,4,-1,0.20632255829968926,-1,1,none,none,-1,-1,-1,1303807,10860,15:10:01.335793,hand
8,301,hand2,9,cue,yellow,-1,-1,-1,3,3,-1,0.1742236288391723,-1,1,none,none,-1,-1,-1,1306340,10860,15:10:01.335793,hand
8,302,hand2,9,cue,yellow,-1,-1,-1,3,3,-1,0.16983494732994586,-1,1,none,none,-1,-1,-1,1312506,10860,15:10:01.335793,hand
8,303,hand2,9,cue,yellow,-1,-1,-1,3,3,-1,0.20970018036314286,-1,1,none,none,-1,-1,-1,1315208,10860,15:10:01.335793,hand
8,304,hand2,9,cue,blue,-1,-1,-1,4,4,-1,0.16555032852738805,-1,1,none,none,-1,-1,-1,1317740,10860,15:10:01.335793,hand
8,305,hand2,9,gabor,0,0.006059122786624887,4,4,-1,4,0.16536025088771567,-1,1,-1,congruent,hit,q,4,2.0763244283562017,1320441,10860,15:10:01.335793,hand
8,306,hand2,9,gabor,0,0.006059122786624887,3,4,-1,3,0.2191610548961762,-1,0,-1,congruent,miss,q,4,1.4870491847977974,1325923,10860,15:10:01.335793,hand
8,307,hand2,9,cue,yellow,-1,-1,-1,3,3,-1,0.1837781982103479,-1,1,none,none,-1,-1,-1,1331074,10860,15:10:01.335793,hand
8,308,hand2,9,cue,yellow,-1,-1,-1,3,3,-1,0.36765969113730534,-1,1,none,none,-1,-1,-1,1333790,10860,15:10:01.335793,hand
8,309,hand2,9,gabor,0,0.006059122786624887,4,4,-1,3,0.16941293656873313,-1,1,-1,incongruent,hit,3,4,1.3593127867725343,1336589,10860,15:10:01.335793,hand
8,310,hand2,9,cue,yellow,-1,-1,-1,3,3,-1,0.206286078751873,-1,1,none,none,-1,-1,-1,1341556,10860,15:10:01.335793,hand
8,311,hand2,9,cue,yellow,-1,-1,-1,3,3,-1,0.17311849056022766,-1,1,none,none,-1,-1,-1,1344189,10860,15:10:01.335793,hand
8,312,hand2,9,cue,blue,-1,-1,-1,4,4,-1,0.1719430811544953,-1,1,none,none,-1,-1,-1,1346689,10860,15:10:01.335793,hand
8,313,hand2,9,cue,blue,-1,-1,-1,4,4,-1,0.25676302003012097,-1,1,none,none,-1,-1,-1,1349390,10860,15:10:01.335793,hand
8,314,hand2,9,cue,yellow,-1,-1,-1,3,3,-1,0.20554765591987234,-1,1,none,none,-1,-1,-1,1351972,10860,15:10:01.335793,hand
8,315,hand2,9,cue,blue,-1,-1,-1,4,4,-1,0.17057797810412012,-1,1,none,none,-1,-1,-1,1354605,10860,15:10:01.335793,hand
8,316,hand2,9,cue,blue,-1,-1,-1,4,4,-1,0.20926588175461802,-1,1,none,none,-1,-1,-1,1357205,10860,15:10:01.335793,hand
8,317,hand2,9,cue,blue,-1,-1,-1,4,4,-1,0.16322638938163436,-1,1,none,none,-1,-1,-1,1359939,10860,15:10:01.335793,hand
8,318,hand2,9,cue,yellow,-1,-1,-1,3,3,-1,0.17502080294161715,-1,1,none,none,-1,-1,-1,1362539,10860,15:10:01.335793,hand
8,319,hand2,9,gabor,90,0.006059122786624887,4,3,-1,3,0.20877091190050123,-1,0,-1,incongruent,FA,4,3,1.3397689654284477,1365038,10860,15:10:01.335793,hand
8,320,hand2,9,gabor,0,0.006059122786624887,4,4,-1,3,0.3535063948647803,-1,1,-1,incongruent,hit,c,1,2.527549929939596,1369822,10860,15:10:01.335793,hand
8,321,hand2,9,cue,blue,-1,-1,-1,4,4,-1,0.5632361428597505,-1,1,none,none,-1,-1,-1,1375938,10860,15:10:01.335793,hand
8,322,hand2,9,cue,yellow,-1,-1,-1,3,3,-1,0.17713930463833094,-1,1,none,none,-1,-1,-1,1378838,10860,15:10:01.335793,hand
8,323,hand2,9,gabor,0,0.006059122786624887,4,4,-1,4,0.2518551769662736,-1,1,-1,congruent,hit,3,4,1.4768375995836323,1381437,10860,15:10:01.335793,hand
8,324,hand2,9,gabor,90,0.006059122786624887,3,3,-1,4,0.20758743859460083,-1,1,-1,incongruent,CR,4,4,2.1215563787554856,1386605,10860,15:10:01.335793,hand
8,325,hand2,10,gabor,90,0.006059122786624887,4,3,-1,3,0.21257822462939657,-1,0,-1,incongruent,FA,4,4,0.5755301342178427,1404587,10860,15:10:01.335793,hand
8,326,hand2,10,cue,yellow,-1,-1,-1,3,3,-1,0.24447862855322455,-1,1,none,none,-1,-1,-1,1408770,10860,15:10:01.335793,hand
8,327,hand2,10,gabor,90,0.006059122786624887,4,3,-1,3,0.23832625694103626,-1,0,-1,incongruent,FA,3,4,0.9402395899851399,1411538,10860,15:10:01.335793,hand
8,328,hand2,10,cue,yellow,-1,-1,-1,3,3,-1,0.24376132545967266,-1,1,none,none,-1,-1,-1,1418887,10860,15:10:01.335793,hand
8,329,hand2,10,cue,blue,-1,-1,-1,4,4,-1,0.20662053859996377,-1,1,none,none,-1,-1,-1,1421470,10860,15:10:01.335793,hand
8,330,hand2,10,cue,blue,-1,-1,-1,4,4,-1,0.15046507582610502,-1,1,none,none,-1,-1,-1,1424003,10860,15:10:01.335793,hand
8,331,hand2,10,cue,blue,-1,-1,-1,4,4,-1,0.19936725265597488,-1,1,none,none,-1,-1,-1,1426687,10860,15:10:01.335793,hand
8,332,hand2,10,cue,yellow,-1,-1,-1,3,3,-1,0.5242828985028609,-1,1,none,none,-1,-1,-1,1429420,10860,15:10:01.335793,hand
8,333,hand2,10,gabor,0,0.006059122786624887,3,4,-1,4,0.18695038282385212,-1,0,-1,incongruent,miss,4,4,0.82200476998878,1432369,10860,15:10:01.335793,hand
8,334,hand2,10,cue,blue,-1,-1,-1,4,4,-1,0.4257405060061501,-1,1,none,none,-1,-1,-1,1436821,10860,15:10:01.335793,hand
8,335,hand2,10,cue,blue,-1,-1,-1,4,4,-1,0.19054112224148412,-1,1,none,none,-1,-1,-1,1439770,10860,15:10:01.335793,hand
8,336,hand2,10,gabor,0,0.006059122786624887,3,4,-1,4,0.20924476201707876,-1,0,-1,incongruent,miss,c,1,1.5733256175890347,1442487,10860,15:10:01.335793,hand
8,337,hand2,10,cue,yellow,-1,-1,-1,3,3,-1,0.4852275114153599,-1,1,none,none,-1,-1,-1,1447502,10860,15:10:01.335793,hand
8,338,hand2,10,cue,yellow,-1,-1,-1,3,3,-1,0.24790885796301154,-1,1,none,none,-1,-1,-1,1453353,10860,15:10:01.335793,hand
8,339,hand2,10,cue,blue,-1,-1,-1,4,4,-1,0.20662207458099147,-1,1,none,none,-1,-1,-1,1455936,10860,15:10:01.335793,hand
8,340,hand2,10,gabor,90,0.006059122786624887,4,3,-1,3,0.13153679883998848,-1,0,-1,incongruent,FA,c,4,1.3934849064917216,1458670,10860,15:10:01.335793,hand
8,341,hand2,10,cue,blue,-1,-1,-1,4,4,-1,0.18424206445070013,-1,1,none,none,-1,-1,-1,1463435,10860,15:10:01.335793,hand
8,342,hand2,10,cue,blue,-1,-1,-1,4,4,-1,0.27613865146213357,-1,1,none,none,-1,-1,-1,1465951,10860,15:10:01.335793,hand
8,343,hand2,10,gabor,0,0.006059122786624887,3,4,-1,3,0.5468422344065402,-1,0,-1,congruent,miss,c,4,4.513775636962237,1468651,10860,15:10:01.335793,hand
8,344,hand2,10,cue,yellow,-1,-1,-1,3,3,-1,0.15046814778725093,-1,1,none,none,-1,-1,-1,1476951,10860,15:10:01.335793,hand
8,345,hand2,10,gabor,90,0.006059122786624887,4,3,-1,4,0.29534455700195394,-1,0,-1,congruent,FA,q,1,2.144328448018314,1479534,10860,15:10:01.335793,hand
8,346,hand2,10,gabor,90,0.006059122786624887,4,3,-1,4,0.2679872006710866,-1,0,-1,congruent,FA,4,4,1.9838165209339422,1485317,10860,15:10:01.335793,hand
8,347,hand2,10,gabor,0,0.006059122786624887,4,4,-1,3,0.32550085458115063,-1,1,-1,incongruent,hit,3,4,2.2305614893484744,1490818,10860,15:10:01.335793,hand
8,348,hand2,10,gabor,0,0.006059122786624887,3,4,-1,4,0.26326213933680265,-1,0,-1,incongruent,miss,c,4,1.7353147743315276,1496617,10860,15:10:01.335793,hand
8,349,hand2,10,gabor,0,0.006059122786624887,3,4,-1,3,0.32176726893794694,-1,0,-1,congruent,miss,3,4,2.4236669317515407,1505534,10860,15:10:01.335793,hand
8,350,hand2,10,cue,blue,-1,-1,-1,4,4,-1,0.3995796788185544,-1,1,none,none,-1,-1,-1,1511617,10860,15:10:01.335793,hand
8,351,hand2,10,cue,yellow,-1,-1,-1,3,3,-1,0.2452070675089999,-1,1,none,none,-1,-1,-1,1514350,10860,15:10:01.335793,hand
8,352,hand2,10,cue,blue,-1,-1,-1,4,4,-1,0.21219077343903336,-1,1,none,none,-1,-1,-1,1517134,10860,15:10:01.335793,hand
8,353,hand2,10,cue,yellow,-1,-1,-1,3,3,-1,0.12291879383974447,-1,1,none,none,-1,-1,-1,1519783,10860,15:10:01.335793,hand
8,354,hand2,10,cue,yellow,-1,-1,-1,4,3,-1,0.22682444774818578,-1,0,none,none,-1,-1,-1,1522333,10860,15:10:01.335793,hand
8,355,hand2,10,cue,yellow,-1,-1,-1,3,3,-1,0.20870064077280404,-1,1,none,none,-1,-1,-1,1524983,10860,15:10:01.335793,hand
8,356,hand2,10,cue,blue,-1,-1,-1,4,4,-1,0.5434696042811993,-1,1,none,none,-1,-1,-1,1527718,10860,15:10:01.335793,hand
8,357,hand2,10,cue,yellow,-1,-1,-1,3,3,-1,0.1624146234598811,-1,1,none,none,-1,-1,-1,1530583,10860,15:10:01.335793,hand
8,358,hand2,10,cue,yellow,-1,-1,-1,3,3,-1,0.14129718965341453,-1,1,none,none,-1,-1,-1,1533183,10860,15:10:01.335793,hand
8,359,hand2,10,cue,blue,-1,-1,-1,4,4,-1,0.15412877433755057,-1,1,none,none,-1,-1,-1,1535749,10860,15:10:01.335793,hand
8,360,hand2,10,gabor,90,0.006059122786624887,3,3,-1,4,0.2537348336281866,-1,1,-1,incongruent,CR,3,4,0.972591572303827,1541900,10860,15:10:01.335793,hand
8,361,hand2,11,cue,yellow,-1,-1,-1,3,3,-1,0.15290075758457533,-1,1,none,none,-1,-1,-1,1558516,10860,15:10:01.335793,hand
8,362,hand2,11,cue,yellow,-1,-1,-1,3,3,-1,0.1376503869332737,-1,1,none,none,-1,-1,-1,1561250,10860,15:10:01.335793,hand
8,363,hand2,11,cue,blue,-1,-1,-1,4,4,-1,0.13554686105089786,-1,1,none,none,-1,-1,-1,1563715,10860,15:10:01.335793,hand
8,364,hand2,11,gabor,90,0.006059122786624887,3,3,-1,3,0.35435233636144403,-1,1,-1,congruent,CR,q,4,2.8713197416936964,1566182,10860,15:10:01.335793,hand
8,365,hand2,11,gabor,90,0.006059122786624887,4,3,-1,4,0.18089592999604065,-1,0,-1,congruent,FA,c,1,1.8147115485407994,1575582,10860,15:10:01.335793,hand
8,366,hand2,11,gabor,90,0.006059122786624887,4,3,-1,3,0.1635047859244878,-1,0,-1,incongruent,FA,4,3,1.2474588155519086,1580815,10860,15:10:01.335793,hand
8,367,hand2,11,gabor,0,0.006059122786624887,4,4,-1,3,0.3932341576046383,-1,1,-1,incongruent,hit,q,1,2.9552127160795862,1585464,10860,15:10:01.335793,hand
8,368,hand2,11,cue,blue,-1,-1,-1,4,4,-1,0.15369793168702017,-1,1,none,none,-1,-1,-1,1592248,10860,15:10:01.335793,hand
8,369,hand2,11,cue,blue,-1,-1,-1,4,4,-1,0.21451932052787015,-1,1,none,none,-1,-1,-1,1594932,10860,15:10:01.335793,hand
8,370,hand2,11,cue,yellow,-1,-1,-1,3,3,-1,0.20453390850707365,-1,1,none,none,-1,-1,-1,1597682,10860,15:10:01.335793,hand
8,371,hand2,11,cue,blue,-1,-1,-1,4,4,-1,0.17337077542833867,-1,1,none,none,-1,-1,-1,1600415,10860,15:10:01.335793,hand
8,372,hand2,11,cue,yellow,-1,-1,-1,3,3,-1,0.15136132069801533,-1,1,none,none,-1,-1,-1,1603014,10860,15:10:01.335793,hand
8,373,hand2,11,gabor,90,0.006059122786624887,4,3,-1,4,0.1979798778811528,-1,0,-1,congruent,FA,c,4,2.505956342045465,1605497,10860,15:10:01.335793,hand
8,374,hand2,11,cue,blue,-1,-1,-1,4,4,-1,0.1688572954672054,-1,1,none,none,-1,-1,-1,1611447,10860,15:10:01.335793,hand
8,375,hand2,11,gabor,0,0.006059122786624887,3,4,-1,4,0.08355544257574365,-1,0,-1,incongruent,miss,q,3,1.308604296368685,1613947,10860,15:10:01.335793,hand
8,376,hand2,11,gabor,90,0.006059122786624887,4,3,-1,3,0.2522433961466959,-1,0,-1,incongruent,FA,c,4,1.1413021815924367,1618781,10860,15:10:01.335793,hand
8,377,hand2,11,cue,blue,-1,-1,-1,4,4,-1,0.14717193271280848,-1,1,none,none,-1,-1,-1,1623513,10860,15:10:01.335793,hand
8,378,hand2,11,cue,blue,-1,-1,-1,4,4,-1,0.16798985023797286,-1,1,none,none,-1,-1,-1,1626097,10860,15:10:01.335793,hand
8,379,hand2,11,gabor,0,0.006059122786624887,3,4,-1,4,0.18077151554098236,-1,0,-1,incongruent,miss,q,3,1.143722887536569,1628798,10860,15:10:01.335793,hand
8,380,hand2,11,cue,yellow,-1,-1,-1,3,3,-1,0.17355010120172665,-1,1,none,none,-1,-1,-1,1633547,10860,15:10:01.335793,hand
8,381,hand2,11,cue,yellow,-1,-1,-1,3,3,-1,0.45942840773659555,-1,1,none,none,-1,-1,-1,1636046,10860,15:10:01.335793,hand
8,382,hand2,11,cue,yellow,-1,-1,-1,3,3,-1,0.2183450650272789,-1,1,none,none,-1,-1,-1,1638829,10860,15:10:01.335793,hand
8,383,hand2,11,gabor,90,0.006059122786624887,3,3,-1,4,0.19708824095232558,-1,1,-1,incongruent,CR,4,2,1.5728632873288007,1641479,10860,15:10:01.335793,hand
8,384,hand2,11,cue,blue,-1,-1,-1,4,4,-1,0.2027548585956538,-1,1,none,none,-1,-1,-1,1646496,10860,15:10:01.335793,hand
8,385,hand2,11,cue,yellow,-1,-1,-1,3,3,-1,0.37556692096131883,-1,1,none,none,-1,-1,-1,1649029,10860,15:10:01.335793,hand
8,386,hand2,11,gabor,0,0.006059122786624887,4,4,-1,3,0.19837232100871915,-1,1,-1,incongruent,hit,3,1,1.2943799609784037,1651930,10860,15:10:01.335793,hand
8,387,hand2,11,gabor,0,0.006059122786624887,4,4,-1,3,0.23626113058162446,-1,1,-1,incongruent,hit,c,4,2.3121965717673447,1656762,10860,15:10:01.335793,hand
8,388,hand2,11,cue,blue,-1,-1,-1,4,4,-1,0.3168279382643959,-1,1,none,none,-1,-1,-1,1662747,10860,15:10:01.335793,hand
8,389,hand2,11,cue,yellow,-1,-1,-1,3,3,-1,0.1346479282110522,-1,1,none,none,-1,-1,-1,1665396,10860,15:10:01.335793,hand
8,390,hand2,11,cue,yellow,-1,-1,-1,3,3,-1,0.25349214864127134,-1,1,none,none,-1,-1,-1,1668063,10860,15:10:01.335793,hand
8,391,hand2,11,cue,yellow,-1,-1,-1,3,3,-1,0.35736708293006814,-1,1,none,none,-1,-1,-1,1670745,10860,15:10:01.335793,hand
8,392,hand2,11,cue,blue,-1,-1,-1,4,4,-1,0.21523086369325028,-1,1,none,none,-1,-1,-1,1673629,10860,15:10:01.335793,hand
8,393,hand2,11,cue,blue,-1,-1,-1,4,4,-1,0.20010260352682963,-1,1,none,none,-1,-1,-1,1676278,10860,15:10:01.335793,hand
8,394,hand2,11,gabor,0,0.006059122786624887,3,4,-1,4,0.22284356917407422,-1,0,-1,incongruent,miss,4,4,2.123835774455074,1678911,10860,15:10:01.335793,hand
8,395,hand2,11,cue,yellow,-1,-1,-1,3,3,-1,0.19954811441039055,-1,1,none,none,-1,-1,-1,1684595,10860,15:10:01.335793,hand
8,396,hand2,11,cue,blue,-1,-1,-1,4,4,-1,0.5024389457175857,-1,1,none,none,-1,-1,-1,1687228,10860,15:10:01.335793,hand
