2,1,hand2,1,cue,yellow,-1,-1,-1,3,3,-1,0.14566770396231732,-1,1,none,none,-1,-1,-1,0,23611,14:47:36.730799,hand
2,2,hand2,1,gabor,90,0.01324003249607933,3,4,-1,3,0.761411914870223,-1,0,-1,congruent,FA,q,1,1.6923644347916706,2633,23611,14:47:36.730799,hand
2,3,hand2,1,cue,yellow,-1,-1,-1,3,3,-1,0.17324653023115388,-1,1,none,none,-1,-1,-1,8534,23611,14:47:36.730799,hand
2,4,hand2,1,cue,blue,-1,-1,-1,4,4,-1,0.19415039044542937,-1,1,none,none,-1,-1,-1,11150,23611,14:47:36.730799,hand
2,5,hand2,1,cue,yellow,-1,-1,-1,3,3,-1,0.18195896794713917,-1,1,none,none,-1,-1,-1,13683,23611,14:47:36.730799,hand
2,6,hand2,1,cue,yellow,-1,-1,-1,3,3,-1,0.2817724237074799,-1,1,none,none,-1,-1,-1,16199,23611,14:47:36.730799,hand
2,7,hand2,1,cue,blue,-1,-1,-1,4,4,-1,0.19362009486212628,-1,1,none,none,-1,-1,-1,18916,23611,14:47:36.730799,hand
2,8,hand2,1,gabor,0,0.01324003249607933,3,3,-1,4,0.45746000319468294,-1,1,-1,incongruent,hit,c,1,1.2573784428886938,21650,23611,14:47:36.730799,hand
2,9,hand2,1,gabor,90,0.01324003249607933,3,4,-1,4,0.39894739590636163,-1,0,-1,incongruent,FA,q,1,1.8158257712129853,30366,23611,14:47:36.730799,hand
2,10,hand2,1,cue,yellow,-1,-1,-1,3,3,-1,0.22162515436593822,-1,1,none,none,-1,-1,-1,35915,23611,14:47:36.730799,hand
2,11,hand2,1,gabor,0,0.01324003249607933,4,3,-1,3,0.44853905678792216,-1,0,-1,incongruent,miss,3,1,1.76932180532458,38565,23611,14:47:36.730799,hand
2,12,hand2,1,gabor,0,0.01324003249607933,4,3,-1,3,0.5272316957780276,-1,0,-1,incongruent,miss,4,2,1.5370726915825799,44015,23611,14:47:36.730799,hand
2,13,hand2,1,gabor,0,0.01324003249607933,4,3,-1,3,0.27986320601121406,-1,0,-1,incongruent,miss,4,1,1.2837411604605222,49332,23611,14:47:36.730799,hand
2,14,hand2,1,cue,blue,-1,-1,-1,3,4,-1,0.2805793546449422,-1,0,none,none,-1,-1,-1,54349,23611,14:47:36.730799,hand
2,15,hand2,1,cue,blue,-1,-1,-1,4,4,-1,0.19441957017261302,-1,1,none,none,-1,-1,-1,57065,23611,14:47:36.730799,hand
2,16,hand2,1,cue,blue,-1,-1,-1,4,4,-1,0.3202413171293301,-1,1,none,none,-1,-1,-1,59800,23611,14:47:36.730799,hand
2,17,hand2,1,cue,blue,-1,-1,-1,4,4,-1,0.1571418258445192,-1,1,none,none,-1,-1,-1,62649,23611,14:47:36.730799,hand
2,18,hand2,1,cue,yellow,-1,-1,-1,3,3,-1,0.16514617880056903,-1,1,none,none,-1,-1,-1,65148,23611,14:47:36.730799,hand
2,19,hand2,1,cue,blue,-1,-1,-1,4,4,-1,0.17584540098141588,-1,1,none,none,-1,-1,-1,67849,23611,14:47:36.730799,hand
2,20,hand2,1,cue,yellow,-1,-1,-1,3,3,-1,0.1586827933870154,-1,1,none,none,-1,-1,-1,70464,23611,14:47:36.730799,hand
2,21,hand2,1,cue,yellow,-1,-1,-1,3,3,-1,0.14849082715409168,-1,1,none,none,-1,-1,-1,73165,23611,14:47:36.730799,hand
2,22,hand2,1,cue,blue,-1,-1,-1,4,4,-1,0.11436759275784425,-1,1,none,none,-1,-1,-1,75848,23611,14:47:36.730799,hand
2,23,hand2,1,cue,yellow,-1,-1,-1,3,3,-1,0.16525139313034742,-1,1,none,none,-1,-1,-1,78498,23611,14:47:36.730799,hand
2,24,hand2,1,cue,blue,-1,-1,-1,4,4,-1,0.20304676124214893,-1,1,none,none,-1,-1,-1,81097,23611,14:47:36.730799,hand
2,25,hand2,1,cue,blue,-1,-1,-1,4,4,-1,0.16805915656459547,-1,1,none,none,-1,-1,-1,83730,23611,14:47:36.730799,hand
2,26,hand2,1,cue,yellow,-1,-1,-1,3,3,-1,0.12580101128605747,-1,1,none,none,-1,-1,-1,86330,23611,14:47:36.730799,hand
2,27,hand2,1,cue,yellow,-1,-1,-1,3,3,-1,0.08867225659469113,-1,1,none,none,-1,-1,-1,88897,23611,14:47:36.730799,hand
2,28,hand2,1,gabor,90,0.01324003249607933,4,4,-1,4,0.3202881643865112,-1,1,-1,congruent,CR,4,1,1.4283164017624586,91514,23611,14:47:36.730799,hand
2,29,hand2,1,gabor,90,0.01324003249607933,3,4,-1,3,0.22408309935326542,-1,0,-1,congruent,FA,4,1,2.4380352875041353,96698,23611,14:47:36.730799,hand
2,30,hand2,1,gabor,90,0.01324003249607933,3,4,-1,4,0.262868787746811,-1,0,-1,incongruent,FA,3,1,1.3157869878286874,102596,23611,14:47:36.730799,hand
2,31,hand2,1,gabor,0,0.01324003249607933,3,3,-1,4,0.47549350896679243,-1,1,-1,incongruent,hit,q,1,1.10942904714193,107613,23611,14:47:36.730799,hand
2,32,hand2,1,cue,blue,-1,-1,-1,4,4,-1,0.22828245670098113,-1,1,none,none,-1,-1,-1,112530,23611,14:47:36.730799,hand
2,33,hand2,1,gabor,90,0.01324003249607933,4,4,-1,3,0.23018437851351337,-1,1,-1,incongruent,CR,3,1,0.9410603914893727,115097,23611,14:47:36.730799,hand
2,34,hand2,1,cue,blue,-1,-1,-1,3,4,-1,0.39576984634095425,-1,0,none,none,-1,-1,-1,119496,23611,14:47:36.730799,hand
2,35,hand2,1,cue,yellow,-1,-1,-1,3,3,-1,0.13865290330068092,-1,1,none,none,-1,-1,-1,122329,23611,14:47:36.730799,hand
2,36,hand2,1,gabor,0,0.01324003249607933,4,3,-1,4,0.3595857166556016,-1,0,-1,congruent,miss,4,2,1.4274397436756772,125013,23611,14:47:36.730799,hand
2,37,hand2,2,cue,blue,-1,-1,-1,4,4,-1,0.13215073450373893,-1,1,none,none,-1,-1,-1,132762,23611,14:47:36.730799,hand
2,38,hand2,2,cue,blue,-1,-1,-1,4,4,-1,0.1380780644249171,-1,1,none,none,-1,-1,-1,135246,23611,14:47:36.730799,hand
2,39,hand2,2,gabor,0,0.01324003249607933,3,3,-1,3,0.45271767846497823,-1,1,-1,congruent,hit,c,1,1.478761681094511,137812,23611,14:47:36.730799,hand
2,40,hand2,2,cue,yellow,-1,-1,-1,3,3,-1,0.22951238917903538,-1,1,none,none,-1,-1,-1,143078,23611,14:47:36.730799,hand
2,41,hand2,2,cue,blue,-1,-1,-1,4,4,-1,0.2463509059189164,-1,1,none,none,-1,-1,-1,145745,23611,14:47:36.730799,hand
2,42,hand2,2,cue,blue,-1,-1,-1,4,4,-1,0.18924448431152996,-1,1,none,none,-1,-1,-1,148429,23611,14:47:36.730799,hand
2,43,hand2,2,cue,yellow,-1,-1,-1,3,3,-1,0.18410702985238458,-1,1,none,none,-1,-1,-1,150945,23611,14:47:36.730799,hand
2,44,hand2,2,gabor,90,0.01324003249607933,3,4,-1,3,0.4587417748507505,-1,0,-1,congruent,FA,4,1,0.8247901089316656,153561,23611,14:47:36.730799,hand
2,45,hand2,2,cue,blue,-1,-1,-1,3,4,-1,0.21664936134129675,-1,0,none,none,-1,-1,-1,158078,23611,14:47:36.730799,hand
2,46,hand2,2,cue,yellow,-1,-1,-1,3,3,-1,0.19053163188164035,-1,1,none,none,-1,-1,-1,160728,23611,14:47:36.730799,hand
2,47,hand2,2,cue,yellow,-1,-1,-1,3,3,-1,0.178369008926893,-1,1,none,none,-1,-1,-1,163244,23611,14:47:36.730799,hand
2,48,hand2,2,cue,blue,-1,-1,-1,4,4,-1,0.20020712631230708,-1,1,none,none,-1,-1,-1,165862,23611,14:47:36.730799,hand
2,49,hand2,2,gabor,90,0.01324003249607933,3,4,-1,4,0.3038601371317782,-1,0,-1,incongruent,FA,q,1,1.143769238094137,172162,23611,14:47:36.730799,hand
2,50,hand2,2,gabor,0,0.01324003249607933,4,3,-1,4,0.260484953582818,-1,0,-1,congruent,miss,c,1,1.159553691563815,177045,23611,14:47:36.730799,hand
2,51,hand2,2,gabor,90,0.01324003249607933,4,4,-1,4,0.3551348432993109,-1,1,-1,congruent,CR,4,1,0.9852657698620533,181678,23611,14:47:36.730799,hand
2,52,hand2,2,cue,yellow,-1,-1,-1,3,3,-1,0.2691086887061829,-1,1,none,none,-1,-1,-1,186261,23611,14:47:36.730799,hand
2,53,hand2,2,cue,blue,-1,-1,-1,4,4,-1,0.15370239243566175,-1,1,none,none,-1,-1,-1,191693,23611,14:47:36.730799,hand
2,54,hand2,2,gabor,90,0.01324003249607933,4,4,-1,3,0.17749273483514116,-1,1,-1,incongruent,CR,q,1,1.0694879210877843,194377,23611,14:47:36.730799,hand
2,55,hand2,2,cue,yellow,-1,-1,-1,3,3,-1,0.2402089234037703,-1,1,none,none,-1,-1,-1,198961,23611,14:47:36.730799,hand
2,56,hand2,2,gabor,90,0.01324003249607933,4,4,-1,3,0.20223039019947464,-1,1,-1,incongruent,CR,3,1,0.9421037029305808,201627,23611,14:47:36.730799,hand
2,57,hand2,2,cue,blue,-1,-1,-1,4,4,-1,0.2548713466821937,-1,1,none,none,-1,-1,-1,206211,23611,14:47:36.730799,hand
2,58,hand2,2,cue,yellow,-1,-1,-1,3,3,-1,0.1787318831675293,-1,1,none,none,-1,-1,-1,208994,23611,14:47:36.730799,hand
2,59,hand2,2,gabor,0,0.01324003249607933,3,3,-1,3,0.4664239569192432,-1,1,-1,congruent,hit,3,1,0.9125100606397609,211610,23611,14:47:36.730799,hand
2,60,hand2,2,cue,blue,-1,-1,-1,4,4,-1,0.2432639789140012,-1,1,none,none,-1,-1,-1,216327,23611,14:47:36.730799,hand
2,61,hand2,2,cue,yellow,-1,-1,-1,3,3,-1,0.13925423775617674,-1,1,none,none,-1,-1,-1,218893,23611,14:47:36.730799,hand
2,62,hand2,2,cue,blue,-1,-1,-1,4,4,-1,0.1651108513606232,-1,1,none,none,-1,-1,-1,221360,23611,14:47:36.730799,hand
2,63,hand2,2,cue,yellow,-1,-1,-1,3,3,-1,0.16790786296678561,-1,1,none,none,-1,-1,-1,224060,23611,14:47:36.730799,hand
2,64,hand2,2,gabor,0,0.01324003249607933,3,3,-1,4,0.27268674391598324,-1,1,-1,incongruent,hit,c,1,0.918645131264384,226659,23611,14:47:36.730799,hand
2,65,hand2,2,gabor,90,0.01324003249607933,4,4,-1,4,0.2793939654593487,-1,1,-1,congruent,CR,c,1,1.1173420095474285,231092,23611,14:47:36.730799,hand
2,66,hand2,2,cue,yellow,-1,-1,-1,3,3,-1,0.3602170026351814,-1,1,none,none,-1,-1,-1,235927,23611,14:47:36.730799,hand
2,67,hand2,2,cue,blue,-1,-1,-1,4,4,-1,0.19008197501898394,-1,1,none,none,-1,-1,-1,238810,23611,14:47:36.730799,hand
2,68,hand2,2,cue,blue,-1,-1,-1,4,4,-1,0.18989151404275617,-1,1,none,none,-1,-1,-1,241326,23611,14:47:36.730799,hand
2,69,hand2,2,gabor,0,0.01324003249607933,4,3,-1,3,0.270682295730694,-1,0,-1,incongruent,miss,4,1,1.1896246382775644,243942,23611,14:47:36.730799,hand
2,70,hand2,2,cue,yellow,-1,-1,-1,3,3,-1,0.19031851526415267,-1,1,none,none,-1,-1,-1,248641,23611,14:47:36.730799,hand
2,71,hand2,2,gabor,0,0.01324003249607933,4,3,-1,4,0.23629180157695373,-1,0,-1,congruent,miss,4,1,0.6882768196701363,251360,23611,14:47:36.730799,hand
2,72,hand2,2,cue,yellow,-1,-1,-1,3,3,-1,0.2191983128841457,-1,1,none,none,-1,-1,-1,255625,23611,14:47:36.730799,hand
2,73,hand2,3,gabor,0,0.01324003249607933,4,3,-1,4,0.2236591700821009,-1,0,-1,congruent,miss,3,1,2.0236705363013243,261659,23611,14:47:36.730799,hand
2,74,hand2,3,cue,yellow,-1,-1,-1,3,3,-1,0.1484704754766426,-1,1,none,none,-1,-1,-1,267257,23611,14:47:36.730799,hand
2,75,hand2,3,cue,blue,-1,-1,-1,4,4,-1,0.18726384374804184,-1,1,none,none,-1,-1,-1,269942,23611,14:47:36.730799,hand
2,76,hand2,3,gabor,90,0.01324003249607933,4,4,-1,4,0.319197621695821,-1,1,-1,congruent,CR,q,2,2.0139888979683747,272458,23611,14:47:36.730799,hand
2,77,hand2,3,cue,yellow,-1,-1,-1,3,3,-1,0.16778306494688877,-1,1,none,none,-1,-1,-1,278141,23611,14:47:36.730799,hand
2,78,hand2,3,cue,yellow,-1,-1,-1,3,3,-1,0.19562377506008488,-1,1,none,none,-1,-1,-1,280640,23611,14:47:36.730799,hand
2,79,hand2,3,cue,yellow,-1,-1,-1,3,3,-1,0.3165019844809649,-1,1,none,none,-1,-1,-1,283174,23611,14:47:36.730799,hand
2,80,hand2,3,cue,blue,-1,-1,-1,4,4,-1,0.2684082838231916,-1,1,none,none,-1,-1,-1,286025,23611,14:47:36.730799,hand
2,81,hand2,3,cue,blue,-1,-1,-1,4,4,-1,0.4883142974758812,-1,1,none,none,-1,-1,-1,288624,23611,14:47:36.730799,hand
2,82,hand2,3,cue,blue,-1,-1,-1,4,4,-1,0.27410713737117476,-1,1,none,none,-1,-1,-1,291642,23611,14:47:36.730799,hand
2,83,hand2,3,gabor,0,0.01324003249607933,3,3,-1,4,0.3008112255247397,-1,1,-1,incongruent,hit,q,1,1.7207373604560416,294441,23611,14:47:36.730799,hand
2,84,hand2,3,cue,yellow,-1,-1,-1,3,3,-1,0.1715435172609432,-1,1,none,none,-1,-1,-1,299706,23611,14:47:36.730799,hand
2,85,hand2,3,gabor,0,0.01324003249607933,4,3,-1,3,0.25940554671524296,-1,0,-1,incongruent,miss,q,2,2.6603865743436472,302206,23611,14:47:36.730799,hand
2,86,hand2,3,cue,blue,-1,-1,-1,4,4,-1,0.2511619655579125,-1,1,none,none,-1,-1,-1,308558,23611,14:47:36.730799,hand
2,87,hand2,3,cue,yellow,-1,-1,-1,3,3,-1,0.20402210576048674,-1,1,none,none,-1,-1,-1,311140,23611,14:47:36.730799,hand
2,88,hand2,3,gabor,90,0.01324003249607933,3,4,-1,4,0.6336433188134833,-1,0,-1,incongruent,FA,4,1,1.5366702659694056,313874,23611,14:47:36.730799,hand
2,89,hand2,3,gabor,0,0.01324003249607933,3,3,-1,3,0.6204139607898469,-1,1,-1,congruent,hit,c,1,5.179275234543638,319272,23611,14:47:36.730799,hand
2,90,hand2,3,gabor,0,0.01324003249607933,4,3,-1,4,0.4996743731680908,-1,0,-1,congruent,miss,3,1,1.8257911810424048,328507,23611,14:47:36.730799,hand
2,91,hand2,3,cue,yellow,-1,-1,-1,3,3,-1,0.38954376916171896,-1,1,none,none,-1,-1,-1,334273,23611,14:47:36.730799,hand
2,92,hand2,3,cue,blue,-1,-1,-1,4,4,-1,0.19342310598858603,-1,1,none,none,-1,-1,-1,337088,23611,14:47:36.730799,hand
2,93,hand2,3,gabor,90,0.01324003249607933,3,4,-1,3,0.3383397178722589,-1,0,-1,congruent,FA,q,1,1.2582888924389408,339807,23611,14:47:36.730799,hand
2,94,hand2,3,cue,yellow,-1,-1,-1,3,3,-1,0.16983436038935906,-1,1,none,none,-1,-1,-1,347572,23611,14:47:36.730799,hand
2,95,hand2,3,cue,blue,-1,-1,-1,4,4,-1,0.1916663338724902,-1,1,none,none,-1,-1,-1,350172,23611,14:47:36.730799,hand
2,96,hand2,3,gabor,90,0.01324003249607933,4,4,-1,4,0.2723783968103817,-1,1,-1,congruent,CR,q,1,1.554448799788588,352889,23611,14:47:36.730799,hand
2,97,hand2,3,cue,blue,-1,-1,-1,4,4,-1,0.3191822619392042,-1,1,none,none,-1,-1,-1,358039,23611,14:47:36.730799,hand
2,98,hand2,3,cue,yellow,-1,-1,-1,3,3,-1,0.23716154777230258,-1,1,none,none,-1,-1,-1,360688,23611,14:47:36.730799,hand
2,99,hand2,3,cue,blue,-1,-1,-1,4,4,-1,0.26994541142630624,-1,1,none,none,-1,-1,-1,363255,23611,14:47:36.730799,hand
2,100,hand2,3,cue,yellow,-1,-1,-1,3,3,-1,0.18573823596307193,-1,1,none,none,-1,-1,-1,366056,23611,14:47:36.730799,hand
2,101,hand2,3,cue,blue,-1,-1,-1,4,4,-1,0.1975925118122177,-1,1,none,none,-1,-1,-1,368671,23611,14:47:36.730799,hand
2,102,hand2,3,cue,blue,-1,-1,-1,4,4,-1,0.18844193704990175,-1,1,none,none,-1,-1,-1,371304,23611,14:47:36.730799,hand
2,103,hand2,3,cue,yellow,-1,-1,-1,3,3,-1,0.21129341435153037,-1,1,none,none,-1,-1,-1,373822,23611,14:47:36.730799,hand
2,104,hand2,3,gabor,90,0.01324003249607933,4,4,-1,3,0.3002563543313954,-1,1,-1,incongruent,CR,q,1,1.0591941964694342,376455,23611,14:47:36.730799,hand
2,105,hand2,3,gabor,0,0.01324003249607933,4,3,-1,3,0.4998675221022495,-1,0,-1,incongruent,miss,3,1,1.245828674207587,381238,23611,14:47:36.730799,hand
2,106,hand2,3,gabor,90,0.01324003249607933,4,4,-1,3,0.46058878553503746,-1,1,-1,incongruent,CR,4,1,0.8975258504697194,386304,23611,14:47:36.730799,hand
2,107,hand2,3,cue,blue,-1,-1,-1,4,4,-1,0.287315375730941,-1,1,none,none,-1,-1,-1,391105,23611,14:47:36.730799,hand
2,108,hand2,3,cue,yellow,-1,-1,-1,3,3,-1,0.19719815007101715,-1,1,none,none,-1,-1,-1,393922,23611,14:47:36.730799,hand
2,109,hand2,4,cue,yellow,-1,-1,-1,3,3,-1,0.14875923889303522,-1,1,none,none,-1,-1,-1,401204,23611,14:47:36.730799,hand
2,110,hand2,4,cue,yellow,-1,-1,-1,3,3,-1,0.17459895676529413,-1,1,none,none,-1,-1,-1,403703,23611,14:47:36.730799,hand
2,111,hand2,4,cue,blue,-1,-1,-1,4,4,-1,0.18542374495427794,-1,1,none,none,-1,-1,-1,406203,23611,14:47:36.730799,hand
2,112,hand2,4,cue,blue,-1,-1,-1,4,4,-1,0.20429051750124927,-1,1,none,none,-1,-1,-1,408821,23611,14:47:36.730799,hand
2,113,hand2,4,cue,yellow,-1,-1,-1,3,3,-1,0.17523024274578347,-1,1,none,none,-1,-1,-1,411453,23611,14:47:36.730799,hand
2,114,hand2,4,gabor,0,0.01324003249607933,4,3,-1,3,0.723855006973281,-1,0,-1,incongruent,miss,4,1,2.257732485270026,413954,23611,14:47:36.730799,hand
2,115,hand2,4,cue,blue,-1,-1,-1,4,4,-1,0.18972716465032136,-1,1,none,none,-1,-1,-1,420269,23611,14:47:36.730799,hand
2,116,hand2,4,cue,blue,-1,-1,-1,4,4,-1,0.2105407862973152,-1,1,none,none,-1,-1,-1,422786,23611,14:47:36.730799,hand
2,117,hand2,4,cue,yellow,-1,-1,-1,3,3,-1,0.1473388454378437,-1,1,none,none,-1,-1,-1,425520,23611,14:47:36.730799,hand
2,118,hand2,4,cue,yellow,-1,-1,-1,3,3,-1,0.1822392834983475,-1,1,none,none,-1,-1,-1,428204,23611,14:47:36.730799,hand
2,119,hand2,4,cue,yellow,-1,-1,-1,3,3,-1,0.183156260944088,-1,1,none,none,-1,-1,-1,430920,23611,14:47:36.730799,hand
2,120,hand2,4,gabor,90,0.01324003249607933,4,4,-1,3,0.4446664782535663,-1,1,-1,incongruent,CR,4,2,1.56577086008474,433637,23611,14:47:36.730799,hand
2,121,hand2,4,cue,yellow,-1,-1,-1,3,3,-1,0.21151958676091454,-1,1,none,none,-1,-1,-1,439086,23611,14:47:36.730799,hand
2,122,hand2,4,cue,blue,-1,-1,-1,4,4,-1,0.20839618033642182,-1,1,none,none,-1,-1,-1,441735,23611,14:47:36.730799,hand
2,123,hand2,4,cue,blue,-1,-1,-1,3,4,-1,0.1752536663734645,-1,0,none,none,-1,-1,-1,444369,23611,14:47:36.730799,hand
2,124,hand2,4,cue,blue,-1,-1,-1,4,4,-1,0.14022036642199964,-1,1,none,none,-1,-1,-1,446969,23611,14:47:36.730799,hand
2,125,hand2,4,gabor,90,0.01324003249607933,4,4,-1,3,0.2569618095021724,-1,1,-1,incongruent,CR,4,3,1.423872440296691,449636,23611,14:47:36.730799,hand
2,126,hand2,4,cue,blue,-1,-1,-1,4,4,-1,0.22776560090460407,-1,1,none,none,-1,-1,-1,454752,23611,14:47:36.730799,hand
2,127,hand2,4,cue,yellow,-1,-1,-1,3,3,-1,0.1824504801461444,-1,1,none,none,-1,-1,-1,457302,23611,14:47:36.730799,hand
2,128,hand2,4,cue,yellow,-1,-1,-1,4,3,-1,0.2963945276260347,-1,0,none,none,-1,-1,-1,460019,23611,14:47:36.730799,hand
2,129,hand2,4,gabor,0,0.01324003249607933,4,3,-1,4,0.3752614998502395,-1,0,-1,congruent,miss,4,1,0.8072250757240909,462652,23611,14:47:36.730799,hand
2,130,hand2,4,gabor,0,0.01324003249607933,4,3,-1,4,0.2879985008885342,-1,0,-1,congruent,miss,c,1,2.1728533204723135,467269,23611,14:47:36.730799,hand
2,131,hand2,4,gabor,90,0.01324003249607933,3,4,-1,3,0.5425434527505786,-1,0,-1,congruent,FA,q,1,0.9185579646473343,472968,23611,14:47:36.730799,hand
2,132,hand2,4,gabor,90,0.01324003249607933,4,4,-1,4,0.33939992504474503,-1,1,-1,congruent,CR,c,2,2.8753455945143287,477885,23611,14:47:36.730799,hand
2,133,hand2,4,gabor,0,0.01324003249607933,4,3,-1,3,0.5270581305330779,-1,0,-1,incongruent,miss,4,1,1.031889157855403,484335,23611,14:47:36.730799,hand
2,134,hand2,4,cue,yellow,-1,-1,-1,3,3,-1,0.22562329890752153,-1,1,none,none,-1,-1,-1,492800,23611,14:47:36.730799,hand
2,135,hand2,4,cue,yellow,-1,-1,-1,3,3,-1,0.2644393228183617,-1,1,none,none,-1,-1,-1,495350,23611,14:47:36.730799,hand
2,136,hand2,4,gabor,0,0.01324003249607933,4,3,-1,4,0.3366751042931355,-1,0,-1,congruent,miss,3,1,0.876784419678188,504650,23611,14:47:36.730799,hand
2,137,hand2,4,gabor,90,0.01324003249607933,4,4,-1,4,0.5465151017124299,-1,1,-1,congruent,CR,c,2,1.3674936871402679,509200,23611,14:47:36.730799,hand
2,138,hand2,4,cue,yellow,-1,-1,-1,3,3,-1,0.33822528768814664,-1,1,none,none,-1,-1,-1,514551,23611,14:47:36.730799,hand
2,139,hand2,4,cue,blue,-1,-1,-1,4,4,-1,0.21913840983506816,-1,1,none,none,-1,-1,-1,517317,23611,14:47:36.730799,hand
2,140,hand2,4,cue,blue,-1,-1,-1,4,4,-1,0.2319975977343347,-1,1,none,none,-1,-1,-1,519866,23611,14:47:36.730799,hand
2,141,hand2,4,cue,blue,-1,-1,-1,4,4,-1,0.16781148049631156,-1,1,none,none,-1,-1,-1,522433,23611,14:47:36.730799,hand
2,142,hand2,4,gabor,90,0.01324003249607933,4,4,-1,4,0.3906281679501262,-1,1,-1,congruent,CR,c,1,2.5126307115260715,525134,23611,14:47:36.730799,hand
2,143,hand2,4,gabor,0,0.01324003249607933,4,3,-1,3,0.39026030178865767,-1,0,-1,incongruent,miss,q,1,1.059325522385734,531266,23611,14:47:36.730799,hand
2,144,hand2,4,cue,blue,-1,-1,-1,4,4,-1,0.25404614377930557,-1,1,none,none,-1,-1,-1,535949,23611,14:47:36.730799,hand
2,145,hand2,5,cue,blue,-1,-1,-1,4,4,-1,0.18562726172422117,-1,1,none,none,-1,-1,-1,542932,23611,14:47:36.730799,hand
2,146,hand2,5,cue,yellow,-1,-1,-1,3,3,-1,0.20052584125369322,-1,1,none,none,-1,-1,-1,545565,23611,14:47:36.730799,hand
2,147,hand2,5,cue,blue,-1,-1,-1,4,4,-1,0.14235460454801796,-1,1,none,none,-1,-1,-1,548199,23611,14:47:36.730799,hand
2,148,hand2,5,cue,yellow,-1,-1,-1,3,3,-1,0.17431249731180287,-1,1,none,none,-1,-1,-1,550867,23611,14:47:36.730799,hand
2,149,hand2,5,cue,blue,-1,-1,-1,4,4,-1,0.14612004878199514,-1,1,none,none,-1,-1,-1,553566,23611,14:47:36.730799,hand
2,150,hand2,5,cue,blue,-1,-1,-1,3,4,-1,0.17996027967092232,-1,0,none,none,-1,-1,-1,556149,23611,14:47:36.730799,hand
2,151,hand2,5,gabor,90,0.01324003249607933,4,4,-1,3,0.34471440069319215,-1,1,-1,incongruent,CR,3,1,0.9036712889292176,558866,23611,14:47:36.730799,hand
2,152,hand2,5,cue,blue,-1,-1,-1,4,4,-1,0.31849683281870966,-1,1,none,none,-1,-1,-1,563549,23611,14:47:36.730799,hand
2,153,hand2,5,gabor,90,0.01324003249607933,4,4,-1,3,0.24811458992553526,-1,1,-1,incongruent,CR,4,2,1.8071325331920889,569865,23611,14:47:36.730799,hand
2,154,hand2,5,cue,blue,-1,-1,-1,4,4,-1,0.19580694015166955,-1,1,none,none,-1,-1,-1,575264,23611,14:47:36.730799,hand
2,155,hand2,5,cue,blue,-1,-1,-1,4,4,-1,0.18067566031550086,-1,1,none,none,-1,-1,-1,577798,23611,14:47:36.730799,hand
2,156,hand2,5,cue,yellow,-1,-1,-1,3,3,-1,0.1276207584032818,-1,1,none,none,-1,-1,-1,580315,23611,14:47:36.730799,hand
2,157,hand2,5,cue,yellow,-1,-1,-1,3,3,-1,0.15924457646997325,-1,1,none,none,-1,-1,-1,585798,23611,14:47:36.730799,hand
2,158,hand2,5,cue,yellow,-1,-1,-1,3,3,-1,0.15115536086250358,-1,1,none,none,-1,-1,-1,588482,23611,14:47:36.730799,hand
2,159,hand2,5,cue,yellow,-1,-1,-1,3,3,-1,0.16603435670276667,-1,1,none,none,-1,-1,-1,590964,23611,14:47:36.730799,hand
2,160,hand2,5,gabor,0,0.01324003249607933,4,3,-1,4,0.31673007686003984,-1,0,-1,congruent,miss,q,2,1.6636716422035533,593665,23611,14:47:36.730799,hand
2,161,hand2,5,cue,yellow,-1,-1,-1,3,3,-1,0.18949984025857702,-1,1,none,none,-1,-1,-1,598897,23611,14:47:36.730799,hand
2,162,hand2,5,gabor,90,0.01324003249607933,4,4,-1,3,0.29329800077448454,-1,1,-1,incongruent,CR,q,2,1.579285525580417,601615,23611,14:47:36.730799,hand
2,163,hand2,5,cue,yellow,-1,-1,-1,4,3,-1,0.34510914642760326,-1,0,none,none,-1,-1,-1,606714,23611,14:47:36.730799,hand
2,164,hand2,5,cue,yellow,-1,-1,-1,3,3,-1,0.19995868225578306,-1,1,none,none,-1,-1,-1,609397,23611,14:47:36.730799,hand
2,165,hand2,5,cue,yellow,-1,-1,-1,3,3,-1,0.2356539877000614,-1,1,none,none,-1,-1,-1,612030,23611,14:47:36.730799,hand
2,166,hand2,5,cue,blue,-1,-1,-1,4,4,-1,0.16949836572257482,-1,1,none,none,-1,-1,-1,614696,23611,14:47:36.730799,hand
2,167,hand2,5,gabor,0,0.01324003249607933,4,3,-1,4,0.4544084036297136,-1,0,-1,congruent,miss,q,1,1.2702975338379474,617196,23611,14:47:36.730799,hand
2,168,hand2,5,gabor,90,0.01324003249607933,4,4,-1,4,0.3181170628458858,-1,1,-1,congruent,CR,3,2,2.181143364892705,622263,23611,14:47:36.730799,hand
2,169,hand2,5,gabor,90,0.01324003249607933,4,4,-1,4,0.2967831294581629,-1,1,-1,congruent,CR,4,1,1.3697147078883063,628013,23611,14:47:36.730799,hand
2,170,hand2,5,gabor,0,0.01324003249607933,4,3,-1,3,0.475487365065419,-1,0,-1,incongruent,miss,3,1,0.9874453192678629,632913,23611,14:47:36.730799,hand
2,171,hand2,5,gabor,0,0.01324003249607933,4,3,-1,4,0.34591169368923147,-1,0,-1,congruent,miss,c,1,1.1559230291895801,641379,23611,14:47:36.730799,hand
2,172,hand2,5,cue,blue,-1,-1,-1,4,4,-1,0.29984202490777534,-1,1,none,none,-1,-1,-1,646129,23611,14:47:36.730799,hand
2,173,hand2,5,cue,blue,-1,-1,-1,4,4,-1,0.24758928626215493,-1,1,none,none,-1,-1,-1,648963,23611,14:47:36.730799,hand
2,174,hand2,5,cue,yellow,-1,-1,-1,3,3,-1,0.2334483267086398,-1,1,none,none,-1,-1,-1,651645,23611,14:47:36.730799,hand
2,175,hand2,5,gabor,0,0.01324003249607933,4,3,-1,3,0.27535665353934746,-1,0,-1,incongruent,miss,q,1,0.9621597046016177,654313,23611,14:47:36.730799,hand
2,176,hand2,5,cue,blue,-1,-1,-1,4,4,-1,0.22109946670934733,-1,1,none,none,-1,-1,-1,658879,23611,14:47:36.730799,hand
2,177,hand2,5,cue,yellow,-1,-1,-1,3,3,-1,0.16489619876756478,-1,1,none,none,-1,-1,-1,661528,23611,14:47:36.730799,hand
2,178,hand2,5,gabor,0,0.01324003249607933,4,3,-1,3,0.2706742318587203,-1,0,-1,incongruent,miss,c,1,0.8776787414826686,664229,23611,14:47:36.730799,hand
2,179,hand2,5,cue,blue,-1,-1,-1,3,4,-1,0.3985134827944421,-1,0,none,none,-1,-1,-1,668711,23611,14:47:36.730799,hand
2,180,hand2,5,gabor,90,0.01324003249607933,4,4,-1,4,0.2932369457430468,-1,1,-1,congruent,CR,q,1,1.0761774789107221,671646,23611,14:47:36.730799,hand
2,181,hand2,6,gabor,90,0.01324003249607933,4,4,-1,3,0.32076585280447034,-1,1,-1,incongruent,CR,3,1,0.8827029177391523,680178,23611,14:47:36.730799,hand
2,182,hand2,6,gabor,0,0.01324003249607933,4,3,-1,3,0.37150027954794496,-1,0,-1,incongruent,miss,4,2,2.8424300209508147,684644,23611,14:47:36.730799,hand
2,183,hand2,6,gabor,0,0.01324003249607933,4,3,-1,3,0.4362401159969522,-1,0,-1,incongruent,miss,4,1,1.1751227244521942,691194,23611,14:47:36.730799,hand
2,184,hand2,6,cue,yellow,-1,-1,-1,3,3,-1,0.33470022363871976,-1,1,none,none,-1,-1,-1,699811,23611,14:47:36.730799,hand
2,185,hand2,6,cue,yellow,-1,-1,-1,3,3,-1,0.18550745562606608,-1,1,none,none,-1,-1,-1,702577,23611,14:47:36.730799,hand
2,186,hand2,6,cue,blue,-1,-1,-1,4,4,-1,0.2931605309559018,-1,1,none,none,-1,-1,-1,708860,23611,14:47:36.730799,hand
2,187,hand2,6,cue,blue,-1,-1,-1,4,4,-1,0.15102403494620376,-1,1,none,none,-1,-1,-1,711678,23611,14:47:36.730799,hand
2,188,hand2,6,cue,yellow,-1,-1,-1,3,3,-1,0.1639070304681809,-1,1,none,none,-1,-1,-1,714260,23611,14:47:36.730799,hand
2,189,hand2,6,cue,yellow,-1,-1,-1,3,3,-1,0.19776838102006877,-1,1,none,none,-1,-1,-1,716760,23611,14:47:36.730799,hand
2,190,hand2,6,cue,yellow,-1,-1,-1,3,3,-1,0.20344765087884298,-1,1,none,none,-1,-1,-1,722960,23611,14:47:36.730799,hand
2,191,hand2,6,cue,blue,-1,-1,-1,4,4,-1,0.10625879346025613,-1,1,none,none,-1,-1,-1,725593,23611,14:47:36.730799,hand
2,192,hand2,6,cue,yellow,-1,-1,-1,3,3,-1,0.1591700816516095,-1,1,none,none,-1,-1,-1,728026,23611,14:47:36.730799,hand
2,193,hand2,6,cue,blue,-1,-1,-1,4,4,-1,0.21706868268574908,-1,1,none,none,-1,-1,-1,730510,23611,14:47:36.730799,hand
2,194,hand2,6,cue,blue,-1,-1,-1,4,4,-1,0.23778899381341034,-1,1,none,none,-1,-1,-1,733059,23611,14:47:36.730799,hand
2,195,hand2,6,cue,blue,-1,-1,-1,4,4,-1,0.2336238119232803,-1,1,none,none,-1,-1,-1,735726,23611,14:47:36.730799,hand
2,196,hand2,6,cue,blue,-1,-1,-1,4,4,-1,0.18148319949887082,-1,1,none,none,-1,-1,-1,738493,23611,14:47:36.730799,hand
2,197,hand2,6,cue,blue,-1,-1,-1,4,4,-1,0.21433695004361653,-1,1,none,none,-1,-1,-1,741210,23611,14:47:36.730799,hand
2,198,hand2,6,cue,yellow,-1,-1,-1,3,3,-1,0.19524630905016238,-1,1,none,none,-1,-1,-1,743960,23611,14:47:36.730799,hand
2,199,hand2,6,cue,blue,-1,-1,-1,4,4,-1,0.21208559377737402,-1,1,none,none,-1,-1,-1,746694,23611,14:47:36.730799,hand
2,200,hand2,6,gabor,90,0.01324003249607933,4,4,-1,4,0.3347943021444735,-1,1,-1,congruent,CR,3,2,1.2547991558276408,749443,23611,14:47:36.730799,hand
2,201,hand2,6,cue,yellow,-1,-1,-1,3,3,-1,0.2045389615577733,-1,1,none,none,-1,-1,-1,754258,23611,14:47:36.730799,hand
2,202,hand2,6,gabor,0,0.01324003249607933,4,3,-1,4,0.366421960151456,-1,0,-1,congruent,miss,4,1,0.8952714222523355,756791,23611,14:47:36.730799,hand
2,203,hand2,6,cue,yellow,-1,-1,-1,3,3,-1,0.21622696804570296,-1,1,none,none,-1,-1,-1,761376,23611,14:47:36.730799,hand
2,204,hand2,6,gabor,0,0.01324003249607933,4,3,-1,4,0.3609181755064128,-1,0,-1,congruent,miss,4,1,1.3297155987538645,766758,23611,14:47:36.730799,hand
2,205,hand2,6,gabor,90,0.01324003249607933,4,4,-1,4,0.3715037354932065,-1,1,-1,congruent,CR,3,1,1.783356014572746,771675,23611,14:47:36.730799,hand
2,206,hand2,6,cue,yellow,-1,-1,-1,3,3,-1,0.3362431111490878,-1,1,none,none,-1,-1,-1,777075,23611,14:47:36.730799,hand
2,207,hand2,6,gabor,0,0.01324003249607933,4,3,-1,4,0.3182276530906165,-1,0,-1,congruent,miss,c,1,1.019085649072622,779942,23611,14:47:36.730799,hand
2,208,hand2,6,cue,yellow,-1,-1,-1,3,3,-1,0.3708709135362369,-1,1,none,none,-1,-1,-1,784726,23611,14:47:36.730799,hand
2,209,hand2,6,cue,blue,-1,-1,-1,4,4,-1,0.2176727050991758,-1,1,none,none,-1,-1,-1,787524,23611,14:47:36.730799,hand
2,210,hand2,6,cue,blue,-1,-1,-1,4,4,-1,0.23450085400236276,-1,1,none,none,-1,-1,-1,790275,23611,14:47:36.730799,hand
2,211,hand2,6,gabor,90,0.01324003249607933,4,4,-1,3,0.4933012263227283,-1,1,-1,incongruent,CR,3,1,2.2573611631632957,792840,23611,14:47:36.730799,hand
2,212,hand2,6,cue,blue,-1,-1,-1,4,4,-1,0.2600633282754643,-1,1,none,none,-1,-1,-1,799025,23611,14:47:36.730799,hand
2,213,hand2,6,gabor,90,0.01324003249607933,4,4,-1,3,0.394807941608633,-1,1,-1,incongruent,CR,c,1,0.8818128198663544,801707,23611,14:47:36.730799,hand
2,214,hand2,6,gabor,90,0.01324003249607933,4,4,-1,4,0.42233646467502695,-1,1,-1,congruent,CR,q,1,0.9172040021376233,810006,23611,14:47:36.730799,hand
2,215,hand2,6,cue,yellow,-1,-1,-1,3,3,-1,0.28121256059421285,-1,1,none,none,-1,-1,-1,814791,23611,14:47:36.730799,hand
2,216,hand2,6,gabor,0,0.01324003249607933,4,3,-1,3,0.3129734644844575,-1,0,-1,incongruent,miss,3,1,1.008849139546328,817507,23611,14:47:36.730799,hand
2,217,hand2,7,cue,blue,-1,-1,-1,4,4,-1,0.1902121489520141,-1,1,none,none,-1,-1,-1,830673,23611,14:47:36.730799,hand
2,218,hand2,7,cue,yellow,-1,-1,-1,3,3,-1,0.15799506030180055,-1,1,none,none,-1,-1,-1,833223,23611,14:47:36.730799,hand
2,219,hand2,7,cue,blue,-1,-1,-1,4,4,-1,0.17706304565581377,-1,1,none,none,-1,-1,-1,835907,23611,14:47:36.730799,hand
2,220,hand2,7,cue,yellow,-1,-1,-1,3,3,-1,0.24246987951846677,-1,1,none,none,-1,-1,-1,842272,23611,14:47:36.730799,hand
2,221,hand2,7,cue,blue,-1,-1,-1,4,4,-1,0.20040833911843947,-1,1,none,none,-1,-1,-1,844939,23611,14:47:36.730799,hand
2,222,hand2,7,cue,yellow,-1,-1,-1,3,3,-1,0.19016875764191354,-1,1,none,none,-1,-1,-1,847473,23611,14:47:36.730799,hand
2,223,hand2,7,cue,yellow,-1,-1,-1,3,3,-1,0.21519248846561823,-1,1,none,none,-1,-1,-1,850190,23611,14:47:36.730799,hand
2,224,hand2,7,cue,blue,-1,-1,-1,4,4,-1,0.20591135577524255,-1,1,none,none,-1,-1,-1,852739,23611,14:47:36.730799,hand
2,225,hand2,7,cue,blue,-1,-1,-1,4,4,-1,0.2338257927167433,-1,1,none,none,-1,-1,-1,855473,23611,14:47:36.730799,hand
2,226,hand2,7,cue,blue,-1,-1,-1,4,4,-1,0.18561497391874582,-1,1,none,none,-1,-1,-1,858138,23611,14:47:36.730799,hand
2,227,hand2,7,gabor,90,0.01324003249607933,4,4,-1,3,0.451487745986924,-1,1,-1,incongruent,CR,4,1,0.9814438785233506,860655,23611,14:47:36.730799,hand
2,228,hand2,7,cue,blue,-1,-1,-1,4,4,-1,0.2141077056821814,-1,1,none,none,-1,-1,-1,868989,23611,14:47:36.730799,hand
2,229,hand2,7,cue,yellow,-1,-1,-1,3,3,-1,0.1679309026003466,-1,1,none,none,-1,-1,-1,871739,23611,14:47:36.730799,hand
2,230,hand2,7,gabor,0,0.01324003249607933,4,3,-1,3,0.3585946283856174,-1,0,-1,incongruent,miss,4,1,1.0716590226275002,874238,23611,14:47:36.730799,hand
2,231,hand2,7,cue,yellow,-1,-1,-1,3,3,-1,0.25245564102442586,-1,1,none,none,-1,-1,-1,879004,23611,14:47:36.730799,hand
2,232,hand2,7,cue,yellow,-1,-1,-1,3,3,-1,0.17727347431537055,-1,1,none,none,-1,-1,-1,881688,23611,14:47:36.730799,hand
2,233,hand2,7,gabor,90,0.01324003249607933,4,4,-1,4,0.3420740586007014,-1,1,-1,congruent,CR,c,1,1.887096959997507,884288,23611,14:47:36.730799,hand
2,234,hand2,7,gabor,0,0.01324003249607933,4,3,-1,4,0.6428549486063275,-1,0,-1,congruent,miss,q,1,1.0808322530301666,889771,23611,14:47:36.730799,hand
2,235,hand2,7,gabor,90,0.01324003249607933,4,4,-1,4,0.39451303428904794,-1,1,-1,congruent,CR,q,1,1.3952238070069143,894922,23611,14:47:36.730799,hand
2,236,hand2,7,cue,blue,-1,-1,-1,4,4,-1,0.21925437599384168,-1,1,none,none,-1,-1,-1,900054,23611,14:47:36.730799,hand
2,237,hand2,7,cue,blue,-1,-1,-1,4,4,-1,0.2251582822873388,-1,1,none,none,-1,-1,-1,902604,23611,14:47:36.730799,hand
2,238,hand2,7,cue,yellow,-1,-1,-1,3,3,-1,0.15589691760396818,-1,1,none,none,-1,-1,-1,905254,23611,14:47:36.730799,hand
2,239,hand2,7,gabor,0,0.01324003249607933,4,3,-1,3,0.32681721275730524,-1,0,-1,incongruent,miss,q,1,2.109722418485944,907737,23611,14:47:36.730799,hand
2,240,hand2,7,cue,yellow,-1,-1,-1,3,3,-1,0.25944701805656223,-1,1,none,none,-1,-1,-1,913520,23611,14:47:36.730799,hand
2,241,hand2,7,gabor,90,0.01324003249607933,4,4,-1,3,0.6892759718120942,-1,1,-1,incongruent,CR,3,1,1.245291466733761,916204,23611,14:47:36.730799,hand
2,242,hand2,7,cue,blue,-1,-1,-1,4,4,-1,0.2111643923981319,-1,1,none,none,-1,-1,-1,921470,23611,14:47:36.730799,hand
2,243,hand2,7,cue,yellow,-1,-1,-1,3,3,-1,0.17483165707199078,-1,1,none,none,-1,-1,-1,924221,23611,14:47:36.730799,hand
2,244,hand2,7,gabor,90,0.01324003249607933,4,4,-1,3,0.33169316736621113,-1,1,-1,incongruent,CR,c,1,2.4436162549227447,926820,23611,14:47:36.730799,hand
2,245,hand2,7,gabor,90,0.01324003249607933,4,4,-1,4,0.3022838421511551,-1,1,-1,congruent,CR,3,1,0.9102706081848737,932937,23611,14:47:36.730799,hand
2,246,hand2,7,cue,blue,-1,-1,-1,4,4,-1,0.2622179180771127,-1,1,none,none,-1,-1,-1,937486,23611,14:47:36.730799,hand
2,247,hand2,7,cue,blue,-1,-1,-1,4,4,-1,0.24600031948284595,-1,1,none,none,-1,-1,-1,940287,23611,14:47:36.730799,hand
2,248,hand2,7,cue,yellow,-1,-1,-1,3,3,-1,0.15689107782509382,-1,1,none,none,-1,-1,-1,943070,23611,14:47:36.730799,hand
2,249,hand2,7,gabor,0,0.01324003249607933,4,3,-1,4,0.34638707814428926,-1,0,-1,congruent,miss,q,1,1.1905546715161108,945552,23611,14:47:36.730799,hand
2,250,hand2,7,cue,yellow,-1,-1,-1,3,3,-1,0.20635909266820818,-1,1,none,none,-1,-1,-1,950436,23611,14:47:36.730799,hand
2,251,hand2,7,gabor,0,0.01324003249607933,4,3,-1,4,0.3032015875842262,-1,0,-1,congruent,miss,4,1,0.9172335696694063,953069,23611,14:47:36.730799,hand
2,252,hand2,7,gabor,0,0.01324003249607933,4,3,-1,3,0.6489128364555654,-1,0,-1,incongruent,miss,c,1,1.066863706739241,957737,23611,14:47:36.730799,hand
2,253,hand2,8,gabor,90,0.01324003249607933,3,4,-1,3,0.5001470696661272,-1,0,-1,congruent,FA,4,1,0.7032379902066168,969252,23611,14:47:36.730799,hand
2,254,hand2,8,cue,yellow,-1,-1,-1,3,3,-1,0.291702122103743,-1,1,none,none,-1,-1,-1,980335,23611,14:47:36.730799,hand
2,255,hand2,8,cue,yellow,-1,-1,-1,3,3,-1,0.22756899602518388,-1,1,none,none,-1,-1,-1,982951,23611,14:47:36.730799,hand
2,256,hand2,8,cue,yellow,-1,-1,-1,3,3,-1,0.27337486099440866,-1,1,none,none,-1,-1,-1,985602,23611,14:47:36.730799,hand
2,257,hand2,8,cue,yellow,-1,-1,-1,3,3,-1,0.19832594017043448,-1,1,none,none,-1,-1,-1,988402,23611,14:47:36.730799,hand
2,258,hand2,8,cue,blue,-1,-1,-1,4,4,-1,0.20804060197951912,-1,1,none,none,-1,-1,-1,991136,23611,14:47:36.730799,hand
2,259,hand2,8,cue,blue,-1,-1,-1,4,4,-1,0.1839012091204495,-1,1,none,none,-1,-1,-1,993869,23611,14:47:36.730799,hand
2,260,hand2,8,cue,blue,-1,-1,-1,4,4,-1,0.17774617081249744,-1,1,none,none,-1,-1,-1,996585,23611,14:47:36.730799,hand
2,261,hand2,8,gabor,90,0.01324003249607933,4,4,-1,4,0.2605494645595172,-1,1,-1,congruent,CR,3,1,0.8544855096060928,999084,23611,14:47:36.730799,hand
2,262,hand2,8,cue,blue,-1,-1,-1,4,4,-1,0.22035413453886576,-1,1,none,none,-1,-1,-1,1003635,23611,14:47:36.730799,hand
2,263,hand2,8,gabor,90,0.01324003249607933,4,4,-1,4,0.21023051922111335,-1,1,-1,congruent,CR,q,1,1.6771836197412995,1006385,23611,14:47:36.730799,hand
2,264,hand2,8,cue,yellow,-1,-1,-1,3,3,-1,0.16492845425545966,-1,1,none,none,-1,-1,-1,1011701,23611,14:47:36.730799,hand
2,265,hand2,8,cue,blue,-1,-1,-1,4,4,-1,0.23074424162678042,-1,1,none,none,-1,-1,-1,1014200,23611,14:47:36.730799,hand
2,266,hand2,8,cue,blue,-1,-1,-1,4,4,-1,0.2646512874553082,-1,1,none,none,-1,-1,-1,1016867,23611,14:47:36.730799,hand
2,267,hand2,8,cue,yellow,-1,-1,-1,3,3,-1,0.281319694893682,-1,1,none,none,-1,-1,-1,1019667,23611,14:47:36.730799,hand
2,268,hand2,8,cue,yellow,-1,-1,-1,3,3,-1,0.18627160349660699,-1,1,none,none,-1,-1,-1,1022485,23611,14:47:36.730799,hand
2,269,hand2,8,cue,blue,-1,-1,-1,4,4,-1,0.2512065088503732,-1,1,none,none,-1,-1,-1,1025000,23611,14:47:36.730799,hand
2,270,hand2,8,gabor,90,0.01324003249607933,4,4,-1,3,0.6239428647786553,-1,1,-1,incongruent,CR,3,1,1.0528510011490653,1027683,23611,14:47:36.730799,hand
2,271,hand2,8,gabor,0,0.01324003249607933,4,3,-1,3,0.32173121348205314,-1,0,-1,incongruent,miss,4,1,0.9015773701639773,1032801,23611,14:47:36.730799,hand
2,272,hand2,8,cue,blue,-1,-1,-1,4,4,-1,0.2253905986008249,-1,1,none,none,-1,-1,-1,1037467,23611,14:47:36.730799,hand
2,273,hand2,8,cue,yellow,-1,-1,-1,3,3,-1,0.23030802455105004,-1,1,none,none,-1,-1,-1,1040218,23611,14:47:36.730799,hand
2,274,hand2,8,cue,blue,-1,-1,-1,4,4,-1,0.25011827012258436,-1,1,none,none,-1,-1,-1,1042985,23611,14:47:36.730799,hand
2,275,hand2,8,gabor,90,0.01324003249607933,4,4,-1,4,0.2577175095084385,-1,1,-1,congruent,CR,3,1,0.8366628164876602,1049332,23611,14:47:36.730799,hand
2,276,hand2,8,cue,yellow,-1,-1,-1,3,3,-1,0.28748970896322135,-1,1,none,none,-1,-1,-1,1053665,23611,14:47:36.730799,hand
2,277,hand2,8,cue,yellow,-1,-1,-1,3,3,-1,0.20533997284383076,-1,1,none,none,-1,-1,-1,1056383,23611,14:47:36.730799,hand
2,278,hand2,8,gabor,0,0.01324003249607933,4,3,-1,4,0.20916685610336572,-1,0,-1,congruent,miss,c,1,1.0891230654387982,1059117,23611,14:47:36.730799,hand
2,279,hand2,8,cue,yellow,-1,-1,-1,3,3,-1,0.1959252102751634,-1,1,none,none,-1,-1,-1,1063649,23611,14:47:36.730799,hand
2,280,hand2,8,cue,blue,-1,-1,-1,4,4,-1,0.25571920522452274,-1,1,none,none,-1,-1,-1,1066383,23611,14:47:36.730799,hand
2,281,hand2,8,gabor,0,0.01324003249607933,4,3,-1,3,0.25651637657210813,-1,0,-1,incongruent,miss,c,1,1.2533918181652552,1069166,23611,14:47:36.730799,hand
2,282,hand2,8,gabor,0,0.01324003249607933,4,3,-1,3,0.3222626610468069,-1,0,-1,incongruent,miss,4,1,0.7542907478973575,1073916,23611,14:47:36.730799,hand
2,283,hand2,8,gabor,0,0.01324003249607933,3,3,-1,4,0.4280499099922963,-1,1,-1,incongruent,hit,q,1,1.1040419966457193,1078332,23611,14:47:36.730799,hand
2,284,hand2,8,cue,blue,-1,-1,-1,4,4,-1,0.2517798117514758,-1,1,none,none,-1,-1,-1,1083115,23611,14:47:36.730799,hand
2,285,hand2,8,cue,blue,-1,-1,-1,4,4,-1,0.21963913788840728,-1,1,none,none,-1,-1,-1,1085798,23611,14:47:36.730799,hand
2,286,hand2,8,cue,yellow,-1,-1,-1,3,3,-1,0.2103910286732571,-1,1,none,none,-1,-1,-1,1092015,23611,14:47:36.730799,hand
2,287,hand2,8,gabor,0,0.01324003249607933,4,3,-1,4,0.3481657379134049,-1,0,-1,congruent,miss,c,1,1.1510244189403238,1094648,23611,14:47:36.730799,hand
2,288,hand2,8,gabor,90,0.01324003249607933,4,4,-1,3,0.35279056050785584,-1,1,-1,incongruent,CR,q,2,3.3567614414823765,1099497,23611,14:47:36.730799,hand
2,289,hand2,9,cue,yellow,-1,-1,-1,3,3,-1,0.19730682034605707,-1,1,none,none,-1,-1,-1,1109632,23611,14:47:36.730799,hand
2,290,hand2,9,gabor,90,0.01324003249607933,4,4,-1,3,0.35416180274387443,-1,1,-1,incongruent,CR,3,2,1.0629853682967223,1112366,23611,14:47:36.730799,hand
2,291,hand2,9,cue,blue,-1,-1,-1,4,4,-1,0.21689050951408717,-1,1,none,none,-1,-1,-1,1117014,23611,14:47:36.730799,hand
2,292,hand2,9,gabor,0,0.01324003249607933,4,3,-1,3,0.48368563494113914,-1,0,-1,incongruent,miss,q,1,1.2016359676335924,1119663,23611,14:47:36.730799,hand
2,293,hand2,9,cue,yellow,-1,-1,-1,3,3,-1,0.29234915183405974,-1,1,none,none,-1,-1,-1,1124696,23611,14:47:36.730799,hand
2,294,hand2,9,gabor,0,0.01324003249607933,4,3,-1,4,0.5691100710846513,-1,0,-1,congruent,miss,c,1,1.261206094136469,1127515,23611,14:47:36.730799,hand
2,295,hand2,9,cue,blue,-1,-1,-1,4,4,-1,0.4009422442441064,-1,1,none,none,-1,-1,-1,1132680,23611,14:47:36.730799,hand
2,296,hand2,9,cue,blue,-1,-1,-1,4,4,-1,0.23781164945376077,-1,1,none,none,-1,-1,-1,1135513,23611,14:47:36.730799,hand
2,297,hand2,9,cue,blue,-1,-1,-1,4,4,-1,0.25021273262336763,-1,1,none,none,-1,-1,-1,1144680,23611,14:47:36.730799,hand
2,298,hand2,9,cue,yellow,-1,-1,-1,3,3,-1,0.23820409122436104,-1,1,none,none,-1,-1,-1,1147464,23611,14:47:36.730799,hand
2,299,hand2,9,cue,yellow,-1,-1,-1,3,3,-1,0.24890907331518974,-1,1,none,none,-1,-1,-1,1150029,23611,14:47:36.730799,hand
2,300,hand2,9,gabor,0,0.01324003249607933,4,3,-1,4,0.6817443153540808,-1,0,-1,congruent,miss,c,1,1.2496939568572998,1152712,23611,14:47:36.730799,hand
2,301,hand2,9,cue,yellow,-1,-1,-1,3,3,-1,0.2535446477395453,-1,1,none,none,-1,-1,-1,1157979,23611,14:47:36.730799,hand
2,302,hand2,9,cue,blue,-1,-1,-1,4,4,-1,0.21731559076670237,-1,1,none,none,-1,-1,-1,1160663,23611,14:47:36.730799,hand
2,303,hand2,9,cue,blue,-1,-1,-1,4,4,-1,0.24807465455887723,-1,1,none,none,-1,-1,-1,1163312,23611,14:47:36.730799,hand
2,304,hand2,9,cue,blue,-1,-1,-1,4,4,-1,0.330195975128845,-1,1,none,none,-1,-1,-1,1166096,23611,14:47:36.730799,hand
2,305,hand2,9,cue,blue,-1,-1,-1,4,4,-1,0.23202562928872794,-1,1,none,none,-1,-1,-1,1168964,23611,14:47:36.730799,hand
2,306,hand2,9,cue,blue,-1,-1,-1,4,4,-1,0.20976051068191737,-1,1,none,none,-1,-1,-1,1171729,23611,14:47:36.730799,hand
2,307,hand2,9,cue,yellow,-1,-1,-1,3,3,-1,0.36245146317105537,-1,1,none,none,-1,-1,-1,1177929,23611,14:47:36.730799,hand
2,308,hand2,9,cue,yellow,-1,-1,-1,3,3,-1,0.20703184999001678,-1,1,none,none,-1,-1,-1,1184295,23611,14:47:36.730799,hand
2,309,hand2,9,gabor,0,0.01324003249607933,4,3,-1,4,0.24269758790433116,-1,0,-1,congruent,miss,3,1,1.3168022677136832,1186928,23611,14:47:36.730799,hand
2,310,hand2,9,cue,yellow,-1,-1,-1,3,3,-1,0.29956324533213774,-1,1,none,none,-1,-1,-1,1191828,23611,14:47:36.730799,hand
2,311,hand2,9,cue,blue,-1,-1,-1,4,4,-1,0.4194511344721832,-1,1,none,none,-1,-1,-1,1194461,23611,14:47:36.730799,hand
2,312,hand2,9,gabor,0,0.01324003249607933,3,3,-1,3,0.3400922660557626,-1,1,-1,congruent,hit,c,1,1.0654026099300609,1197311,23611,14:47:36.730799,hand
2,313,hand2,9,cue,yellow,-1,-1,-1,3,3,-1,0.1880045679918112,-1,1,none,none,-1,-1,-1,1202145,23611,14:47:36.730799,hand
2,314,hand2,9,cue,blue,-1,-1,-1,4,4,-1,0.4469662177525606,-1,1,none,none,-1,-1,-1,1204862,23611,14:47:36.730799,hand
2,315,hand2,9,cue,yellow,-1,-1,-1,3,3,-1,0.16565804267611384,-1,1,none,none,-1,-1,-1,1207744,23611,14:47:36.730799,hand
2,316,hand2,9,cue,yellow,-1,-1,-1,3,3,-1,0.2425117348539061,-1,1,none,none,-1,-1,-1,1210344,23611,14:47:36.730799,hand
2,317,hand2,9,gabor,90,0.01324003249607933,4,4,-1,4,0.23725524228484574,-1,1,-1,congruent,CR,c,2,1.6372885729560949,1213112,23611,14:47:36.730799,hand
2,318,hand2,9,gabor,90,0.01324003249607933,4,4,-1,4,0.4872026351195018,-1,1,-1,congruent,CR,q,1,1.294003013584188,1218428,23611,14:47:36.730799,hand
2,319,hand2,9,cue,blue,-1,-1,-1,4,4,-1,0.2828138151789972,-1,1,none,none,-1,-1,-1,1223444,23611,14:47:36.730799,hand
2,320,hand2,9,gabor,90,0.01324003249607933,4,4,-1,3,0.35353819664214825,-1,1,-1,incongruent,CR,4,1,1.1314998648340406,1226060,23611,14:47:36.730799,hand
2,321,hand2,9,cue,yellow,-1,-1,-1,3,3,-1,0.21740198939551192,-1,1,none,none,-1,-1,-1,1230894,23611,14:47:36.730799,hand
2,322,hand2,9,gabor,90,0.01324003249607933,4,4,-1,3,0.5562266915703731,-1,1,-1,incongruent,CR,4,1,0.8411924085939972,1233543,23611,14:47:36.730799,hand
2,323,hand2,9,gabor,0,0.01324003249607933,4,3,-1,3,0.38283232368576137,-1,0,-1,incongruent,miss,c,1,0.9408699305122354,1238176,23611,14:47:36.730799,hand
2,324,hand2,9,gabor,90,0.01324003249607933,4,4,-1,4,0.3566712029150949,-1,1,-1,congruent,CR,4,1,0.91460282742446,1242843,23611,14:47:36.730799,hand
2,325,hand2,10,gabor,0,0.01324003249607933,4,3,-1,4,0.3799304817439406,-1,0,-1,congruent,miss,3,1,1.187748060062404,1257477,23611,14:47:36.730799,hand
2,326,hand2,10,cue,blue,-1,-1,-1,4,4,-1,0.22151955604203977,-1,1,none,none,-1,-1,-1,1262509,23611,14:47:36.730799,hand
2,327,hand2,10,cue,yellow,-1,-1,-1,3,3,-1,0.16239563045655814,-1,1,none,none,-1,-1,-1,1265159,23611,14:47:36.730799,hand
2,328,hand2,10,cue,yellow,-1,-1,-1,3,3,-1,0.16326000073786417,-1,1,none,none,-1,-1,-1,1267660,23611,14:47:36.730799,hand
2,329,hand2,10,cue,blue,-1,-1,-1,4,4,-1,0.17630657766221702,-1,1,none,none,-1,-1,-1,1270361,23611,14:47:36.730799,hand
2,330,hand2,10,cue,blue,-1,-1,-1,4,4,-1,0.19510730325691839,-1,1,none,none,-1,-1,-1,1273060,23611,14:47:36.730799,hand
2,331,hand2,10,gabor,90,0.01324003249607933,4,4,-1,3,0.6826109895982881,-1,1,-1,incongruent,CR,q,2,1.8746344378023423,1275776,23611,14:47:36.730799,hand
2,332,hand2,10,cue,yellow,-1,-1,-1,3,3,-1,0.20538835607567307,-1,1,none,none,-1,-1,-1,1281658,23611,14:47:36.730799,hand
2,333,hand2,10,gabor,0,0.01324003249607933,4,3,-1,4,0.3091285335121938,-1,0,-1,congruent,miss,4,1,0.7022780054439863,1284292,23611,14:47:36.730799,hand
2,334,hand2,10,cue,yellow,-1,-1,-1,3,3,-1,0.19506813587850047,-1,1,none,none,-1,-1,-1,1288541,23611,14:47:36.730799,hand
2,335,hand2,10,gabor,90,0.01324003249607933,4,4,-1,4,0.3268118368432624,-1,1,-1,congruent,CR,c,1,0.941833755215157,1291276,23611,14:47:36.730799,hand
2,336,hand2,10,gabor,0,0.01324003249607933,3,3,-1,3,0.2334602305190856,-1,1,-1,congruent,hit,q,1,1.540483325448804,1295774,23611,14:47:36.730799,hand
2,337,hand2,10,gabor,90,0.01324003249607933,4,4,-1,3,0.33422138323840045,-1,1,-1,incongruent,CR,4,2,1.0933016871158543,1300993,23611,14:47:36.730799,hand
2,338,hand2,10,cue,yellow,-1,-1,-1,3,3,-1,0.4371655413087865,-1,1,none,none,-1,-1,-1,1305641,23611,14:47:36.730799,hand
2,339,hand2,10,cue,yellow,-1,-1,-1,3,3,-1,0.22605836400180124,-1,1,none,none,-1,-1,-1,1308407,23611,14:47:36.730799,hand
2,340,hand2,10,cue,blue,-1,-1,-1,4,4,-1,0.23274753783152846,-1,1,none,none,-1,-1,-1,1311158,23611,14:47:36.730799,hand
2,341,hand2,10,cue,yellow,-1,-1,-1,3,3,-1,0.24371401977077767,-1,1,none,none,-1,-1,-1,1313925,23611,14:47:36.730799,hand
2,342,hand2,10,cue,blue,-1,-1,-1,4,4,-1,0.240415512124855,-1,1,none,none,-1,-1,-1,1316490,23611,14:47:36.730799,hand
2,343,hand2,10,cue,blue,-1,-1,-1,4,4,-1,0.25530026787419047,-1,1,none,none,-1,-1,-1,1319057,23611,14:47:36.730799,hand
2,344,hand2,10,cue,yellow,-1,-1,-1,3,3,-1,0.16622289771021315,-1,1,none,none,-1,-1,-1,1321842,23611,14:47:36.730799,hand
2,345,hand2,10,cue,blue,-1,-1,-1,4,4,-1,0.20794997941811744,-1,1,none,none,-1,-1,-1,1324541,23611,14:47:36.730799,hand
2,346,hand2,10,gabor,0,0.01324003249607933,4,3,-1,4,0.2404247279782794,-1,0,-1,congruent,miss,3,1,0.8585692847882456,1330840,23611,14:47:36.730799,hand
2,347,hand2,10,cue,yellow,-1,-1,-1,3,3,-1,0.3003934401549486,-1,1,none,none,-1,-1,-1,1335375,23611,14:47:36.730799,hand
2,348,hand2,10,cue,blue,-1,-1,-1,4,4,-1,0.2232068252615136,-1,1,none,none,-1,-1,-1,1338107,23611,14:47:36.730799,hand
2,349,hand2,10,cue,yellow,-1,-1,-1,3,3,-1,0.21012069696462277,-1,1,none,none,-1,-1,-1,1340858,23611,14:47:36.730799,hand
2,350,hand2,10,cue,yellow,-1,-1,-1,3,3,-1,0.2539754889012329,-1,1,none,none,-1,-1,-1,1343490,23611,14:47:36.730799,hand
2,351,hand2,10,cue,blue,-1,-1,-1,4,4,-1,0.2207688479566059,-1,1,none,none,-1,-1,-1,1346274,23611,14:47:36.730799,hand
2,352,hand2,10,gabor,90,0.01324003249607933,4,4,-1,3,0.5175550493659102,-1,1,-1,incongruent,CR,q,1,1.2534839767022277,1348923,23611,14:47:36.730799,hand
2,353,hand2,10,cue,yellow,-1,-1,-1,3,3,-1,0.17216750735678943,-1,1,none,none,-1,-1,-1,1354040,23611,14:47:36.730799,hand
2,354,hand2,10,cue,blue,-1,-1,-1,4,4,-1,0.2522862997120683,-1,1,none,none,-1,-1,-1,1356640,23611,14:47:36.730799,hand
2,355,hand2,10,gabor,90,0.01324003249607933,4,4,-1,4,0.08180798154444346,-1,1,-1,congruent,CR,3,1,0.7817539920006311,1362256,23611,14:47:36.730799,hand
2,356,hand2,10,gabor,0,0.01324003249607933,4,3,-1,3,0.5106147435226376,-1,0,-1,incongruent,miss,3,1,1.3275364333412654,1366372,23611,14:47:36.730799,hand
2,357,hand2,10,cue,blue,-1,-1,-1,4,4,-1,0.44228110811400256,-1,1,none,none,-1,-1,-1,1371556,23611,14:47:36.730799,hand
2,358,hand2,10,gabor,90,0.01324003249607933,4,4,-1,4,0.20301104980808304,-1,1,-1,congruent,CR,q,1,1.2238884144426265,1377989,23611,14:47:36.730799,hand
2,359,hand2,10,cue,blue,-1,-1,-1,4,4,-1,0.21168316816510924,-1,1,none,none,-1,-1,-1,1382755,23611,14:47:36.730799,hand
2,360,hand2,10,gabor,0,0.01324003249607933,4,3,-1,3,0.2902871045625943,-1,0,-1,incongruent,miss,q,1,0.9804374304967496,1385405,23611,14:47:36.730799,hand
2,361,hand2,11,cue,yellow,-1,-1,-1,3,3,-1,0.1866106701154422,-1,1,none,none,-1,-1,-1,1401604,23611,14:47:36.730799,hand
2,362,hand2,11,gabor,90,0.01324003249607933,4,4,-1,4,0.19448715309954423,-1,1,-1,congruent,CR,3,1,1.061411377278091,1404271,23611,14:47:36.730799,hand
2,363,hand2,11,gabor,90,0.01324003249607933,4,4,-1,4,0.38712614353426034,-1,1,-1,congruent,CR,3,1,1.6240588309383384,1408854,23611,14:47:36.730799,hand
2,364,hand2,11,cue,blue,-1,-1,-1,4,4,-1,0.1998112285964453,-1,1,none,none,-1,-1,-1,1414104,23611,14:47:36.730799,hand
2,365,hand2,11,cue,blue,-1,-1,-1,4,4,-1,0.30369770770994364,-1,1,none,none,-1,-1,-1,1416637,23611,14:47:36.730799,hand
2,366,hand2,11,cue,yellow,-1,-1,-1,3,3,-1,0.20568671933961014,-1,1,none,none,-1,-1,-1,1419270,23611,14:47:36.730799,hand
2,367,hand2,11,gabor,0,0.01324003249607933,4,3,-1,3,0.2953450722825437,-1,0,-1,incongruent,miss,4,1,1.0072551808452772,1422004,23611,14:47:36.730799,hand
2,368,hand2,11,cue,yellow,-1,-1,-1,3,3,-1,0.23921937110935687,-1,1,none,none,-1,-1,-1,1426654,23611,14:47:36.730799,hand
2,369,hand2,11,cue,yellow,-1,-1,-1,3,3,-1,0.1871517175277404,-1,1,none,none,-1,-1,-1,1429421,23611,14:47:36.730799,hand
2,370,hand2,11,gabor,90,0.01324003249607933,4,4,-1,3,0.24269144400204823,-1,1,-1,incongruent,CR,c,1,1.170804712987774,1431937,23611,14:47:36.730799,hand
2,371,hand2,11,cue,blue,-1,-1,-1,4,4,-1,0.2905286367295048,-1,1,none,none,-1,-1,-1,1436687,23611,14:47:36.730799,hand
2,372,hand2,11,cue,yellow,-1,-1,-1,3,3,-1,0.18253572679259378,-1,1,none,none,-1,-1,-1,1439403,23611,14:47:36.730799,hand
2,373,hand2,11,cue,blue,-1,-1,-1,4,4,-1,0.3201979258183201,-1,1,none,none,-1,-1,-1,1444753,23611,14:47:36.730799,hand
2,374,hand2,11,gabor,0,0.01324003249607933,4,3,-1,4,0.3289994501210458,-1,0,-1,congruent,miss,4,1,1.8788679706076437,1447403,23611,14:47:36.730799,hand
2,375,hand2,11,cue,blue,-1,-1,-1,4,4,-1,0.23867717171560798,-1,1,none,none,-1,-1,-1,1452952,23611,14:47:36.730799,hand
2,376,hand2,11,cue,blue,-1,-1,-1,4,4,-1,0.3096169737591481,-1,1,none,none,-1,-1,-1,1455519,23611,14:47:36.730799,hand
2,377,hand2,11,cue,yellow,-1,-1,-1,3,3,-1,0.2393553049523689,-1,1,none,none,-1,-1,-1,1458253,23611,14:47:36.730799,hand
2,378,hand2,11,cue,yellow,-1,-1,-1,3,3,-1,0.2712494547286042,-1,1,none,none,-1,-1,-1,1460820,23611,14:47:36.730799,hand
2,379,hand2,11,gabor,0,0.01324003249607933,4,3,-1,4,0.40809105877906404,-1,0,-1,congruent,miss,4,1,1.1040539004561651,1463519,23611,14:47:36.730799,hand
2,380,hand2,11,cue,blue,-1,-1,-1,4,4,-1,0.2587688848207108,-1,1,none,none,-1,-1,-1,1468369,23611,14:47:36.730799,hand
2,381,hand2,11,gabor,90,0.01324003249607933,3,4,-1,3,0.2055488655287263,-1,0,-1,congruent,FA,4,1,0.9165481405480023,1471052,23611,14:47:36.730799,hand
2,382,hand2,11,cue,yellow,-1,-1,-1,3,3,-1,0.34034608602632943,-1,1,none,none,-1,-1,-1,1475519,23611,14:47:36.730799,hand
2,383,hand2,11,cue,yellow,-1,-1,-1,3,3,-1,0.17428561773795082,-1,1,none,none,-1,-1,-1,1478286,23611,14:47:36.730799,hand
2,384,hand2,11,cue,yellow,-1,-1,-1,3,3,-1,0.23412262000510964,-1,1,none,none,-1,-1,-1,1480785,23611,14:47:36.730799,hand
2,385,hand2,11,cue,blue,-1,-1,-1,4,4,-1,0.2069631150816349,-1,1,none,none,-1,-1,-1,1483352,23611,14:47:36.730799,hand
2,386,hand2,11,cue,blue,-1,-1,-1,4,4,-1,0.2247934880779212,-1,1,none,none,-1,-1,-1,1486086,23611,14:47:36.730799,hand
2,387,hand2,11,gabor,90,0.01324003249607933,4,4,-1,4,0.5065854954746101,-1,1,-1,congruent,CR,q,1,1.0695489761183126,1488635,23611,14:47:36.730799,hand
2,388,hand2,11,gabor,0,0.01324003249607933,4,3,-1,4,0.2982426902917723,-1,0,-1,congruent,miss,3,1,1.048343680689868,1493452,23611,14:47:36.730799,hand
2,389,hand2,11,cue,blue,-1,-1,-1,4,4,-1,0.3839508979308448,-1,1,none,none,-1,-1,-1,1498135,23611,14:47:36.730799,hand
2,390,hand2,11,cue,yellow,-1,-1,-1,3,3,-1,0.2927561853739462,-1,1,none,none,-1,-1,-1,1504517,23611,14:47:36.730799,hand
2,391,hand2,11,cue,blue,-1,-1,-1,4,4,-1,0.20351984173248638,-1,1,none,none,-1,-1,-1,1507234,23611,14:47:36.730799,hand
2,392,hand2,11,gabor,0,0.01324003249607933,4,3,-1,3,0.18119136413133674,-1,0,-1,incongruent,miss,c,1,1.0223085099196396,1509969,23611,14:47:36.730799,hand
2,393,hand2,11,gabor,90,0.01324003249607933,4,4,-1,3,0.2542285408844691,-1,1,-1,incongruent,CR,q,1,1.5821167126432556,1514501,23611,14:47:36.730799,hand
2,394,hand2,11,cue,blue,-1,-1,-1,4,4,-1,0.19386239501636737,-1,1,none,none,-1,-1,-1,1519684,23611,14:47:36.730799,hand
2,395,hand2,11,cue,yellow,-1,-1,-1,3,3,-1,0.22668081812207674,-1,1,none,none,-1,-1,-1,1522401,23611,14:47:36.730799,hand
2,396,hand2,11,gabor,0,0.01324003249607933,4,3,-1,3,0.4905764055711188,-1,0,-1,incongruent,miss,3,1,1.1454580432900912,1525151,23611,14:47:36.730799,hand
