20,1,same1,1,cue,right,-1.0,-1,-1,n,n,-1.0,0.3690644597954815,-1,1,none,none,-1,-1,-1.0,0,20025,15:47:48.228875,same
20,2,same1,1,gabor,0,0.015005845386962103,x,x,-1,n,0.5636008060737367,-1.0,1,-1,incongruent,hit,i,2,0.7706095626035676,6331,20025,15:47:48.228875,same
20,3,same1,1,cue,left,-1.0,-1,-1,x,x,-1.0,0.21350281158083814,-1,1,none,none,-1,-1,-1.0,10300,20025,15:47:48.228875,same
20,4,same1,1,gabor,0,0.015005845386962103,x,x,-1,n,0.3903613662096177,-1.0,1,-1,incongruent,hit,x,3,0.7173630726647389,13067,20025,15:47:48.228875,same
20,5,same1,1,cue,right,-1.0,-1,-1,n,n,-1.0,0.5532334342460672,-1,1,none,none,-1,-1,-1.0,16800,20025,15:47:48.228875,same
20,6,same1,1,cue,right,-1.0,-1,-1,n,n,-1.0,0.5197981897126738,-1,1,none,none,-1,-1,-1.0,23248,20025,15:47:48.228875,same
20,7,same1,1,cue,left,-1.0,-1,-1,x,x,-1.0,0.2365760601605871,-1,1,none,none,-1,-1,-1.0,26115,20025,15:47:48.228875,same
20,8,same1,1,cue,right,-1.0,-1,-1,n,n,-1.0,0.2505483390850713,-1,1,none,none,-1,-1,-1.0,28798,20025,15:47:48.228875,same
20,9,same1,1,cue,left,-1.0,-1,-1,x,x,-1.0,0.25722171791312576,-1,1,none,none,-1,-1,-1.0,31599,20025,15:47:48.228875,same
20,10,same1,1,cue,left,-1.0,-1,-1,x,x,-1.0,0.2373321383547591,-1,1,none,none,-1,-1,-1.0,34315,20025,15:47:48.228875,same
20,11,same1,1,cue,right,-1.0,-1,-1,n,n,-1.0,0.2850902455556934,-1,1,none,none,-1,-1,-1.0,37115,20025,15:47:48.228875,same
20,12,same1,1,gabor,90,0.015005845386962103,n,n,-1,n,0.4198898867525713,-1.0,1,-1,congruent,CR,n,3,0.8738574349099508,39747,20025,15:47:48.228875,same
20,13,same1,1,cue,right,-1.0,-1,-1,n,n,-1.0,0.2636163193074026,-1,1,none,none,-1,-1,-1.0,43666,20025,15:47:48.228875,same
20,14,same1,1,gabor,90,0.015005845386962103,n,n,-1,x,0.4753381808350241,-1.0,1,-1,incongruent,CR,x,3,1.0145163941106148,46382,20025,15:47:48.228875,same
20,15,same1,1,gabor,90,0.015005845386962103,n,n,-1,x,0.4672801306187466,-1.0,1,-1,incongruent,CR,z,3,0.6702243428753718,50381,20025,15:47:48.228875,same
20,16,same1,1,gabor,90,0.015005845386962103,n,n,-1,x,0.5881236205113964,-1.0,1,-1,incongruent,CR,x,3,2.4909470292150218,54148,20025,15:47:48.228875,same
20,17,same1,1,gabor,90,0.015005845386962103,n,n,-1,x,0.5046532024061889,-1.0,1,-1,incongruent,CR,z,3,0.6826583540314459,59647,20025,15:47:48.228875,same
20,18,same1,1,gabor,90,0.015005845386962103,n,n,-1,n,0.5443478835186397,-1.0,1,-1,congruent,CR,n,3,0.7524848054781614,63264,20025,15:47:48.228875,same
20,19,same1,1,gabor,0,0.015005845386962103,n,x,-1,n,0.603231360695645,-1.0,0,-1,congruent,miss,i,3,0.721220261821145,67181,20025,15:47:48.228875,same
20,20,same1,1,gabor,0,0.015005845386962103,n,x,-1,x,0.534148315739003,-1.0,0,-1,incongruent,miss,z,2,2.22200629130748,71131,20025,15:47:48.228875,same
20,21,same1,1,cue,left,-1.0,-1,-1,x,x,-1.0,0.7147496302168292,-1,1,none,none,-1,-1,-1.0,76413,20025,15:47:48.228875,same
20,22,same1,1,cue,left,-1.0,-1,-1,x,x,-1.0,0.27956231174903223,-1,1,none,none,-1,-1,-1.0,79681,20025,15:47:48.228875,same
20,23,same1,1,gabor,90,0.015005845386962103,n,n,-1,n,0.5114417785243859,-1.0,1,-1,congruent,CR,i,3,0.6803824396338314,82314,20025,15:47:48.228875,same
20,24,same1,1,gabor,0,0.015005845386962103,n,x,-1,n,0.5742112441766949,-1.0,0,-1,congruent,miss,i,2,0.661199019439664,86131,20025,15:47:48.228875,same
20,25,same1,1,cue,right,-1.0,-1,-1,n,n,-1.0,0.258786097070697,-1,1,none,none,-1,-1,-1.0,92629,20025,15:47:48.228875,same
20,26,same1,1,cue,left,-1.0,-1,-1,x,x,-1.0,0.25365252197480004,-1,1,none,none,-1,-1,-1.0,95346,20025,15:47:48.228875,same
20,27,same1,1,gabor,0,0.015005845386962103,n,x,-1,x,0.5415247820074001,-1.0,0,-1,incongruent,miss,x,3,1.1183444767502806,97946,20025,15:47:48.228875,same
20,28,same1,1,gabor,0,0.015005845386962103,x,x,-1,x,0.8193046077376493,-1.0,1,-1,congruent,hit,x,2,0.6801689406620426,102230,20025,15:47:48.228875,same
20,29,same1,1,gabor,0,0.015005845386962103,n,x,-1,n,0.6009262629850127,-1.0,0,-1,congruent,miss,x,2,2.464027343228736,106262,20025,15:47:48.228875,same
20,30,same1,1,cue,right,-1.0,-1,-1,n,n,-1.0,0.3947284953537746,-1,1,none,none,-1,-1,-1.0,111846,20025,15:47:48.228875,same
20,31,same1,1,gabor,90,0.015005845386962103,n,n,-1,n,0.5886427762852691,-1.0,1,-1,congruent,CR,x,2,0.7874241425870423,114797,20025,15:47:48.228875,same
20,32,same1,1,cue,left,-1.0,-1,-1,x,x,-1.0,0.2362373801370268,-1,1,none,none,-1,-1,-1.0,118595,20025,15:47:48.228875,same
20,33,same1,1,cue,right,-1.0,-1,-1,n,n,-1.0,0.18908559465489816,-1,1,none,none,-1,-1,-1.0,121379,20025,15:47:48.228875,same
20,34,same1,1,cue,left,-1.0,-1,-1,x,x,-1.0,0.2389771556099731,-1,1,none,none,-1,-1,-1.0,124129,20025,15:47:48.228875,same
20,35,same1,1,gabor,0,0.015005845386962103,n,x,-1,x,0.5678803852806595,-1.0,0,-1,incongruent,miss,space,0,0.6867724331350473,126728,20025,15:47:48.228875,same
20,36,same1,1,gabor,90,0.015005845386962103,n,n,-1,n,0.5487084848191444,-1.0,1,-1,congruent,CR,z,3,0.6686472920191591,130411,20025,15:47:48.228875,same
20,37,same1,1,cue,right,-1.0,-1,-1,n,n,-1.0,0.3434395913118351,-1,1,none,none,-1,-1,-1.0,134146,20025,15:47:48.228875,same
20,38,same1,1,gabor,0,0.015005845386962103,x,x,-1,x,0.6044413161980629,-1.0,1,-1,congruent,hit,i,3,0.8572659536730498,136845,20025,15:47:48.228875,same
20,39,same1,1,gabor,90,0.015005845386962103,x,n,-1,x,0.4241341387933062,-1.0,0,-1,congruent,FA,space,0,1.3330983308678697,140728,20025,15:47:48.228875,same
20,40,same1,1,cue,left,-1.0,-1,-1,x,x,-1.0,0.6648046945192618,-1,1,none,none,-1,-1,-1.0,145112,20025,15:47:48.228875,same
20,41,same1,2,cue,right,-1.0,-1,-1,n,n,-1.0,0.2518750278395601,-1,1,none,none,-1,-1,-1.0,180276,20025,15:47:48.228875,same
20,42,same1,2,gabor,90,0.015005845386962103,n,n,-1,x,0.6866311244648386,-1.0,1,-1,incongruent,CR,x,2,0.6736622139087558,182992,20025,15:47:48.228875,same
20,43,same1,2,gabor,90,0.015005845386962103,n,n,-1,x,0.5275325355542009,-1.0,1,-1,incongruent,CR,z,3,0.6243957902297552,186978,20025,15:47:48.228875,same
20,44,same1,2,gabor,90,0.015005845386962103,n,n,-1,x,0.625242874280957,-1.0,1,-1,incongruent,CR,z,3,0.6222608005136863,190744,20025,15:47:48.228875,same
20,45,same1,2,cue,right,-1.0,-1,-1,n,n,-1.0,0.3248225577790436,-1,1,none,none,-1,-1,-1.0,198059,20025,15:47:48.228875,same
20,46,same1,2,cue,right,-1.0,-1,-1,n,n,-1.0,0.27374408077957924,-1,1,none,none,-1,-1,-1.0,200927,20025,15:47:48.228875,same
20,47,same1,2,cue,left,-1.0,-1,-1,x,x,-1.0,0.2895737239596201,-1,1,none,none,-1,-1,-1.0,203744,20025,15:47:48.228875,same
20,48,same1,2,cue,left,-1.0,-1,-1,x,x,-1.0,0.292341914762801,-1,1,none,none,-1,-1,-1.0,206476,20025,15:47:48.228875,same
20,49,same1,2,gabor,90,0.015005845386962103,n,n,-1,n,0.6672207656174578,-1.0,1,-1,congruent,CR,z,1,0.9500450805389846,209310,20025,15:47:48.228875,same
20,50,same1,2,gabor,0,0.015005845386962103,n,x,-1,x,0.5787242898859404,-1.0,0,-1,incongruent,miss,n,3,0.7775728546057508,216908,20025,15:47:48.228875,same
20,51,same1,2,gabor,0,0.015005845386962103,n,x,-1,x,0.5485802318380593,-1.0,0,-1,incongruent,miss,z,3,0.6124736390211183,220894,20025,15:47:48.228875,same
20,52,same1,2,cue,right,-1.0,-1,-1,n,n,-1.0,0.28127875132304325,-1,1,none,none,-1,-1,-1.0,224559,20025,15:47:48.228875,same
20,53,same1,2,gabor,0,0.015005845386962103,x,x,-1,n,0.6162451981927006,-1.0,1,-1,incongruent,hit,n,1,1.0050636887408473,227192,20025,15:47:48.228875,same
20,54,same1,2,gabor,0,0.015005845386962103,x,x,-1,n,0.65482438557774,-1.0,1,-1,incongruent,hit,z,2,0.6658952288362343,231241,20025,15:47:48.228875,same
20,55,same1,2,cue,right,-1.0,-1,-1,n,n,-1.0,0.35668075145622424,-1,1,none,none,-1,-1,-1.0,235091,20025,15:47:48.228875,same
20,56,same1,2,cue,left,-1.0,-1,-1,x,x,-1.0,0.3365081705596822,-1,1,none,none,-1,-1,-1.0,237993,20025,15:47:48.228875,same
20,57,same1,2,gabor,0,0.015005845386962103,x,x,-1,x,0.5854272360174946,-1.0,1,-1,congruent,hit,n,4,0.7593137006424513,240775,20025,15:47:48.228875,same
20,58,same1,2,gabor,0,0.015005845386962103,x,x,-1,n,0.6910581561987783,-1.0,1,-1,incongruent,hit,z,2,1.4930048367496056,244742,20025,15:47:48.228875,same
20,59,same1,2,gabor,90,0.015005845386962103,n,n,-1,n,0.6508485432150337,-1.0,1,-1,congruent,CR,x,3,0.9187709371071832,249341,20025,15:47:48.228875,same
20,60,same1,2,gabor,0,0.015005845386962103,x,x,-1,n,1.0186147295862609,-1.0,1,-1,incongruent,hit,i,1,1.1446401774355763,253542,20025,15:47:48.228875,same
20,61,same1,2,cue,left,-1.0,-1,-1,x,x,-1.0,0.7713618008856429,-1,1,none,none,-1,-1,-1.0,258124,20025,15:47:48.228875,same
20,62,same1,2,cue,left,-1.0,-1,-1,x,x,-1.0,0.2632108248581062,-1,1,none,none,-1,-1,-1.0,261241,20025,15:47:48.228875,same
20,63,same1,2,cue,left,-1.0,-1,-1,x,x,-1.0,0.27902472441019205,-1,1,none,none,-1,-1,-1.0,264059,20025,15:47:48.228875,same
20,64,same1,2,gabor,0,0.015005845386962103,x,x,-1,x,0.6089382342870522,-1.0,1,-1,congruent,hit,i,3,1.0079132856262731,266790,20025,15:47:48.228875,same
20,65,same1,2,gabor,0,0.015005845386962103,x,x,-1,x,0.4647619179268077,-1.0,1,-1,congruent,hit,i,3,0.8835601183927793,271025,20025,15:47:48.228875,same
20,66,same1,2,cue,right,-1.0,-1,-1,n,n,-1.0,0.4004019617332233,-1,1,none,none,-1,-1,-1.0,274807,20025,15:47:48.228875,same
20,67,same1,2,cue,left,-1.0,-1,-1,x,x,-1.0,0.2312719930832827,-1,1,none,none,-1,-1,-1.0,277657,20025,15:47:48.228875,same
20,68,same1,2,cue,right,-1.0,-1,-1,n,n,-1.0,0.20415416776268105,-1,1,none,none,-1,-1,-1.0,280340,20025,15:47:48.228875,same
20,69,same1,2,gabor,90,0.015005845386962103,n,n,-1,n,0.6636185464558366,-1.0,1,-1,congruent,CR,i,2,1.155855785285894,285839,20025,15:47:48.228875,same
20,70,same1,2,gabor,0,0.015005845386962103,x,x,-1,n,0.4664856533290731,-1.0,1,-1,incongruent,hit,i,3,0.8294185455342813,290174,20025,15:47:48.228875,same
20,71,same1,2,cue,left,-1.0,-1,-1,x,x,-1.0,0.22229121259624665,-1,1,none,none,-1,-1,-1.0,293890,20025,15:47:48.228875,same
20,72,same1,2,cue,right,-1.0,-1,-1,n,n,-1.0,0.2282772476137325,-1,1,none,none,-1,-1,-1.0,296556,20025,15:47:48.228875,same
20,73,same1,2,gabor,90,0.015005845386962103,n,n,-1,n,0.584116674883262,-1.0,1,-1,congruent,CR,n,3,2.5829478064133577,299239,20025,15:47:48.228875,same
20,74,same1,2,cue,right,-1.0,-1,-1,n,n,-1.0,0.2486928947855631,-1,1,none,none,-1,-1,-1.0,305040,20025,15:47:48.228875,same
20,75,same1,2,gabor,90,0.015005845386962103,x,n,-1,x,0.8885013140170486,-1.0,0,-1,congruent,FA,n,1,1.2914794710759452,307840,20025,15:47:48.228875,same
20,76,same1,2,cue,left,-1.0,-1,-1,x,x,-1.0,0.4770976273975975,-1,1,none,none,-1,-1,-1.0,312539,20025,15:47:48.228875,same
20,77,same1,2,cue,left,-1.0,-1,-1,x,x,-1.0,0.2431407695494272,-1,1,none,none,-1,-1,-1.0,315573,20025,15:47:48.228875,same
20,78,same1,2,gabor,90,0.015005845386962103,n,n,-1,n,0.44272774887576816,-1.0,1,-1,congruent,CR,n,3,0.7987011889908899,321821,20025,15:47:48.228875,same
20,79,same1,2,cue,right,-1.0,-1,-1,n,n,-1.0,0.2394010816260561,-1,1,none,none,-1,-1,-1.0,325690,20025,15:47:48.228875,same
20,80,same1,2,gabor,90,0.015005845386962103,n,n,-1,x,0.5683665178312367,-1.0,1,-1,incongruent,CR,n,3,1.0231953577022068,328272,20025,15:47:48.228875,same
20,81,same1,3,gabor,0,0.015005845386962103,n,x,-1,n,0.7222255501437758,-1.0,0,-1,congruent,miss,i,1,0.9231584177741752,366654,20025,15:47:48.228875,same
20,82,same1,3,gabor,90,0.015005845386962103,n,n,-1,x,1.3309456775677972,-1.0,1,-1,incongruent,CR,n,2,1.1626988881143916,370837,20025,15:47:48.228875,same
20,83,same1,3,cue,right,-1.0,-1,-1,n,n,-1.0,0.5227395604379126,-1,1,none,none,-1,-1,-1.0,375854,20025,15:47:48.228875,same
20,84,same1,3,cue,left,-1.0,-1,-1,x,x,-1.0,0.2874529419077589,-1,1,none,none,-1,-1,-1.0,378720,20025,15:47:48.228875,same
20,85,same1,3,cue,left,-1.0,-1,-1,x,x,-1.0,0.23034196698608864,-1,1,none,none,-1,-1,-1.0,381354,20025,15:47:48.228875,same
20,86,same1,3,cue,left,-1.0,-1,-1,x,x,-1.0,0.21924539633255336,-1,1,none,none,-1,-1,-1.0,384037,20025,15:47:48.228875,same
20,87,same1,3,gabor,90,0.015005845386962103,n,n,-1,n,0.5050606168133527,-1.0,1,-1,congruent,CR,i,3,2.217956338692602,386703,20025,15:47:48.228875,same
20,88,same1,3,cue,left,-1.0,-1,-1,x,x,-1.0,0.28271295754529996,-1,1,none,none,-1,-1,-1.0,391853,20025,15:47:48.228875,same
20,89,same1,3,gabor,90,0.015005845386962103,n,n,-1,x,0.4655521713157214,-1.0,1,-1,incongruent,CR,n,3,0.6046033603815886,394688,20025,15:47:48.228875,same
20,90,same1,3,gabor,90,0.015005845386962103,n,n,-1,n,0.4613436304352945,-1.0,1,-1,congruent,CR,x,3,0.6493406107292685,398387,20025,15:47:48.228875,same
20,91,same1,3,cue,right,-1.0,-1,-1,n,n,-1.0,0.5520787734403712,-1,1,none,none,-1,-1,-1.0,402120,20025,15:47:48.228875,same
20,92,same1,3,cue,left,-1.0,-1,-1,x,x,-1.0,0.2588145123991126,-1,1,none,none,-1,-1,-1.0,407869,20025,15:47:48.228875,same
20,93,same1,3,cue,right,-1.0,-1,-1,n,n,-1.0,0.24664315106019785,-1,1,none,none,-1,-1,-1.0,410569,20025,15:47:48.228875,same
20,94,same1,3,cue,left,-1.0,-1,-1,x,x,-1.0,0.23848833512238346,-1,1,none,none,-1,-1,-1.0,413170,20025,15:47:48.228875,same
20,95,same1,3,gabor,0,0.015005845386962103,n,x,-1,x,0.5793916661677939,-1.0,0,-1,incongruent,miss,i,2,0.9063492136629064,415852,20025,15:47:48.228875,same
20,96,same1,3,gabor,90,0.015005845386962103,n,n,-1,x,0.4231211706501199,-1.0,1,-1,incongruent,CR,x,3,0.6610504149393819,419954,20025,15:47:48.228875,same
20,97,same1,3,gabor,90,0.015005845386962103,n,n,-1,n,1.4597205006630247,-1.0,1,-1,congruent,CR,n,2,1.5348667628186377,423452,20025,15:47:48.228875,same
20,98,same1,3,gabor,0,0.015005845386962103,x,x,-1,n,0.8505607035949652,-1.0,1,-1,incongruent,hit,x,1,0.9184318730931408,428886,20025,15:47:48.228875,same
20,99,same1,3,gabor,0,0.015005845386962103,x,x,-1,n,0.5542348826602392,-1.0,1,-1,incongruent,hit,z,2,1.186295516368773,433286,20025,15:47:48.228875,same
20,100,same1,3,gabor,0,0.015005845386962103,x,x,-1,n,0.5282843898457941,-1.0,1,-1,incongruent,hit,n,3,0.6330305948631576,437552,20025,15:47:48.228875,same
20,101,same1,3,gabor,90,0.015005845386962103,x,n,-1,x,0.5867658284896606,-1.0,0,-1,congruent,FA,n,2,2.0326837742304638,444101,20025,15:47:48.228875,same
20,102,same1,3,gabor,0,0.015005845386962103,x,x,-1,x,0.6683508510013779,-1.0,1,-1,congruent,hit,x,2,0.8232777621615242,449252,20025,15:47:48.228875,same
20,103,same1,3,cue,left,-1.0,-1,-1,x,x,-1.0,0.4081977461282804,-1,1,none,none,-1,-1,-1.0,453168,20025,15:47:48.228875,same
20,104,same1,3,cue,left,-1.0,-1,-1,x,x,-1.0,0.306108374534233,-1,1,none,none,-1,-1,-1.0,455918,20025,15:47:48.228875,same
20,105,same1,3,gabor,90,0.015005845386962103,n,n,-1,n,0.5787976321589667,-1.0,1,-1,congruent,CR,n,3,1.0097168911470362,461517,20025,15:47:48.228875,same
20,106,same1,3,gabor,0,0.015005845386962103,x,x,-1,x,0.6343369320966303,-1.0,1,-1,congruent,hit,x,2,0.7514203825485308,465719,20025,15:47:48.228875,same
20,107,same1,3,cue,right,-1.0,-1,-1,n,n,-1.0,0.21833341781166385,-1,1,none,none,-1,-1,-1.0,469718,20025,15:47:48.228875,same
20,108,same1,3,gabor,0,0.015005845386962103,x,x,-1,x,0.4762371036631521,-1.0,1,-1,congruent,hit,i,2,3.5748778524775844,472485,20025,15:47:48.228875,same
20,109,same1,3,gabor,90,0.015005845386962103,n,n,-1,n,0.509741466568812,-1.0,1,-1,congruent,CR,n,2,1.2066577887962922,479050,20025,15:47:48.228875,same
20,110,same1,3,cue,right,-1.0,-1,-1,n,n,-1.0,0.6444842771052208,-1,1,none,none,-1,-1,-1.0,483284,20025,15:47:48.228875,same
20,111,same1,3,cue,right,-1.0,-1,-1,n,n,-1.0,0.27633448376946035,-1,1,none,none,-1,-1,-1.0,486284,20025,15:47:48.228875,same
20,112,same1,3,cue,left,-1.0,-1,-1,x,x,-1.0,0.2323014728372073,-1,1,none,none,-1,-1,-1.0,489000,20025,15:47:48.228875,same
20,113,same1,3,cue,right,-1.0,-1,-1,n,n,-1.0,0.2401456400893949,-1,1,none,none,-1,-1,-1.0,491784,20025,15:47:48.228875,same
20,114,same1,3,gabor,0,0.015005845386962103,n,x,-1,x,0.4728468475113914,-1.0,0,-1,incongruent,miss,space,0,1.6768059478654322,494567,20025,15:47:48.228875,same
20,115,same1,3,gabor,0,0.015005845386962103,x,x,-1,n,0.6266060421748989,-1.0,1,-1,incongruent,hit,z,1,1.0075742216122308,499134,20025,15:47:48.228875,same
20,116,same1,3,cue,right,-1.0,-1,-1,n,n,-1.0,0.7041349682131113,-1,1,none,none,-1,-1,-1.0,503200,20025,15:47:48.228875,same
20,117,same1,3,gabor,90,0.015005845386962103,n,n,-1,x,0.4940861552840943,-1.0,1,-1,incongruent,CR,x,3,0.7132639692063094,506250,20025,15:47:48.228875,same
20,118,same1,3,cue,left,-1.0,-1,-1,x,x,-1.0,0.2476837665508356,-1,1,none,none,-1,-1,-1.0,512815,20025,15:47:48.228875,same
20,119,same1,3,cue,right,-1.0,-1,-1,n,n,-1.0,0.2435059449471737,-1,1,none,none,-1,-1,-1.0,515516,20025,15:47:48.228875,same
20,120,same1,3,cue,right,-1.0,-1,-1,n,n,-1.0,0.21550378845495288,-1,1,none,none,-1,-1,-1.0,518216,20025,15:47:48.228875,same
20,121,same1,4,gabor,90,0.015005845386962103,n,n,-1,n,0.6107038247027958,-1.0,1,-1,congruent,CR,z,3,0.6728389372983656,600212,20025,15:47:48.228875,same
20,122,same1,4,gabor,0,0.015005845386962103,n,x,-1,n,0.6465493804698781,-1.0,0,-1,congruent,miss,i,2,0.7554177284018806,604313,20025,15:47:48.228875,same
20,123,same1,4,gabor,90,0.015005845386962103,n,n,-1,x,0.5143700935568631,-1.0,1,-1,incongruent,CR,z,2,0.7393542347290349,608230,20025,15:47:48.228875,same
20,124,same1,4,gabor,90,0.015005845386962103,n,n,-1,x,0.5442250064133987,-1.0,1,-1,incongruent,CR,i,3,0.5832181360474351,611896,20025,15:47:48.228875,same
20,125,same1,4,gabor,90,0.015005845386962103,n,n,-1,x,0.4506360426203173,-1.0,1,-1,incongruent,CR,z,3,0.9347138576176804,618412,20025,15:47:48.228875,same
20,126,same1,4,cue,left,-1.0,-1,-1,x,x,-1.0,0.21854307687317487,-1,1,none,none,-1,-1,-1.0,622430,20025,15:47:48.228875,same
20,127,same1,4,gabor,90,0.015005845386962103,n,n,-1,n,0.5084282174993859,-1.0,1,-1,congruent,CR,n,3,1.2383915694026657,624996,20025,15:47:48.228875,same
20,128,same1,4,cue,right,-1.0,-1,-1,n,n,-1.0,0.2452642395364819,-1,1,none,none,-1,-1,-1.0,629363,20025,15:47:48.228875,same
20,129,same1,4,cue,right,-1.0,-1,-1,n,n,-1.0,0.2700170645584876,-1,1,none,none,-1,-1,-1.0,632163,20025,15:47:48.228875,same
20,130,same1,4,gabor,0,0.015005845386962103,x,x,-1,x,0.6608127245381183,-1.0,1,-1,congruent,hit,i,2,0.9767954265153094,634979,20025,15:47:48.228875,same
20,131,same1,4,gabor,90,0.015005845386962103,n,n,-1,n,0.5116088145896356,-1.0,1,-1,congruent,CR,x,3,0.5456538367616304,639129,20025,15:47:48.228875,same
20,132,same1,4,cue,right,-1.0,-1,-1,n,n,-1.0,0.30039151717937784,-1,1,none,none,-1,-1,-1.0,642797,20025,15:47:48.228875,same
20,133,same1,4,cue,right,-1.0,-1,-1,n,n,-1.0,0.2470851246507664,-1,1,none,none,-1,-1,-1.0,645545,20025,15:47:48.228875,same
20,134,same1,4,cue,right,-1.0,-1,-1,n,n,-1.0,0.2550748244775605,-1,1,none,none,-1,-1,-1.0,648145,20025,15:47:48.228875,same
20,135,same1,4,cue,left,-1.0,-1,-1,x,x,-1.0,0.22275046578215552,-1,1,none,none,-1,-1,-1.0,650945,20025,15:47:48.228875,same
20,136,same1,4,gabor,90,0.015005845386962103,n,n,-1,n,0.5367713579598785,-1.0,1,-1,congruent,CR,i,2,0.6807130558445351,653712,20025,15:47:48.228875,same
20,137,same1,4,gabor,0,0.015005845386962103,n,x,-1,x,0.5505574012713623,-1.0,0,-1,incongruent,miss,i,3,0.7903908567150211,657362,20025,15:47:48.228875,same
20,138,same1,4,gabor,0,0.015005845386962103,x,x,-1,n,0.6043322627665475,-1.0,1,-1,incongruent,hit,x,2,0.7382802120246197,661228,20025,15:47:48.228875,same
20,139,same1,4,cue,left,-1.0,-1,-1,x,x,-1.0,0.3411686687959445,-1,1,none,none,-1,-1,-1.0,665195,20025,15:47:48.228875,same
20,140,same1,4,gabor,0,0.015005845386962103,n,x,-1,n,1.2819749269274323,-1.0,0,-1,congruent,miss,x,1,0.9408588648911972,667878,20025,15:47:48.228875,same
20,141,same1,4,cue,left,-1.0,-1,-1,x,x,-1.0,0.4806940866928926,-1,1,none,none,-1,-1,-1.0,672728,20025,15:47:48.228875,same
20,142,same1,4,gabor,90,0.015005845386962103,n,n,-1,x,0.5434823679042893,-1.0,1,-1,incongruent,CR,x,2,0.8705259293728886,675562,20025,15:47:48.228875,same
20,143,same1,4,cue,left,-1.0,-1,-1,x,x,-1.0,0.3092901235995669,-1,1,none,none,-1,-1,-1.0,679411,20025,15:47:48.228875,same
20,144,same1,4,cue,right,-1.0,-1,-1,n,n,-1.0,0.2591105694282305,-1,1,none,none,-1,-1,-1.0,682060,20025,15:47:48.228875,same
20,145,same1,4,cue,left,-1.0,-1,-1,x,x,-1.0,0.2990874838924356,-1,1,none,none,-1,-1,-1.0,684660,20025,15:47:48.228875,same
20,146,same1,4,gabor,90,0.015005845386962103,n,n,-1,n,0.5018638921010279,-1.0,1,-1,congruent,CR,z,3,0.8557914284010621,687410,20025,15:47:48.228875,same
20,147,same1,4,gabor,0,0.015005845386962103,x,x,-1,n,0.5825953027142532,-1.0,1,-1,incongruent,hit,z,3,0.7325829382061784,691194,20025,15:47:48.228875,same
20,148,same1,4,cue,right,-1.0,-1,-1,n,n,-1.0,0.4003912099869922,-1,1,none,none,-1,-1,-1.0,694944,20025,15:47:48.228875,same
20,149,same1,4,cue,left,-1.0,-1,-1,x,x,-1.0,0.25823967793985503,-1,1,none,none,-1,-1,-1.0,697693,20025,15:47:48.228875,same
20,150,same1,4,cue,left,-1.0,-1,-1,x,x,-1.0,0.2621279703635082,-1,1,none,none,-1,-1,-1.0,700393,20025,15:47:48.228875,same
20,151,same1,4,cue,right,-1.0,-1,-1,n,n,-1.0,0.3327239396858204,-1,1,none,none,-1,-1,-1.0,706459,20025,15:47:48.228875,same
20,152,same1,4,gabor,0,0.015005845386962103,x,x,-1,x,0.8445443332911964,-1.0,1,-1,congruent,hit,n,1,0.8885331852652598,709243,20025,15:47:48.228875,same
20,153,same1,4,gabor,0,0.015005845386962103,x,x,-1,n,0.7823335744797077,-1.0,1,-1,incongruent,hit,n,2,0.9812854327647074,713611,20025,15:47:48.228875,same
20,154,same1,4,gabor,0,0.015005845386962103,x,x,-1,x,0.6072594258257595,-1.0,1,-1,congruent,hit,i,2,0.8520575003421982,717809,20025,15:47:48.228875,same
20,155,same1,4,gabor,0,0.015005845386962103,x,x,-1,x,0.5308809366924834,-1.0,1,-1,congruent,hit,n,2,0.8278733659262798,721693,20025,15:47:48.228875,same
20,156,same1,4,cue,left,-1.0,-1,-1,x,x,-1.0,0.6194922257200233,-1,1,none,none,-1,-1,-1.0,725476,20025,15:47:48.228875,same
20,157,same1,4,cue,left,-1.0,-1,-1,x,x,-1.0,0.2774215621666372,-1,1,none,none,-1,-1,-1.0,728443,20025,15:47:48.228875,same
20,158,same1,4,cue,right,-1.0,-1,-1,n,n,-1.0,0.2684077584599436,-1,1,none,none,-1,-1,-1.0,731277,20025,15:47:48.228875,same
20,159,same1,4,cue,right,-1.0,-1,-1,n,n,-1.0,0.2512525784986792,-1,1,none,none,-1,-1,-1.0,734093,20025,15:47:48.228875,same
20,160,same1,4,gabor,90,0.015005845386962103,n,n,-1,x,0.7481042366489419,-1.0,1,-1,incongruent,CR,n,2,0.924066556384787,736893,20025,15:47:48.228875,same
20,161,same1,5,gabor,90,0.015005845386962103,n,n,-1,x,0.7202526046094135,-1.0,1,-1,incongruent,CR,n,1,0.9462646895735816,767791,20025,15:47:48.228875,same
20,162,same1,5,cue,right,-1.0,-1,-1,n,n,-1.0,0.2969916612528323,-1,1,none,none,-1,-1,-1.0,771974,20025,15:47:48.228875,same
20,163,same1,5,gabor,90,0.015005845386962103,n,n,-1,n,0.5278458721750212,-1.0,1,-1,congruent,CR,i,2,0.6408306031571556,774825,20025,15:47:48.228875,same
20,164,same1,5,cue,left,-1.0,-1,-1,x,x,-1.0,0.2686730962122965,-1,1,none,none,-1,-1,-1.0,778508,20025,15:47:48.228875,same
20,165,same1,5,gabor,90,0.015005845386962103,n,n,-1,x,0.5565637878098642,-1.0,1,-1,incongruent,CR,i,2,0.5954536238750734,781325,20025,15:47:48.228875,same
20,166,same1,5,gabor,0,0.015005845386962103,x,x,-1,n,0.5492518320206727,-1.0,1,-1,incongruent,hit,z,2,0.6371439059876138,785092,20025,15:47:48.228875,same
20,167,same1,5,cue,right,-1.0,-1,-1,n,n,-1.0,0.37298001557428506,-1,1,none,none,-1,-1,-1.0,788707,20025,15:47:48.228875,same
20,168,same1,5,cue,left,-1.0,-1,-1,x,x,-1.0,0.24389646374947915,-1,1,none,none,-1,-1,-1.0,791524,20025,15:47:48.228875,same
20,169,same1,5,gabor,90,0.015005845386962103,n,n,-1,n,0.4756104304233304,-1.0,1,-1,congruent,CR,n,3,0.7116834624303009,794324,20025,15:47:48.228875,same
20,170,same1,5,cue,right,-1.0,-1,-1,n,n,-1.0,0.30448678072752955,-1,1,none,none,-1,-1,-1.0,798024,20025,15:47:48.228875,same
20,171,same1,5,cue,left,-1.0,-1,-1,x,x,-1.0,0.2074058031776076,-1,1,none,none,-1,-1,-1.0,800874,20025,15:47:48.228875,same
20,172,same1,5,cue,right,-1.0,-1,-1,n,n,-1.0,0.2881744609148882,-1,1,none,none,-1,-1,-1.0,803624,20025,15:47:48.228875,same
20,173,same1,5,cue,left,-1.0,-1,-1,x,x,-1.0,0.2071212658793229,-1,1,none,none,-1,-1,-1.0,806256,20025,15:47:48.228875,same
20,174,same1,5,cue,right,-1.0,-1,-1,n,n,-1.0,0.29568762796407105,-1,1,none,none,-1,-1,-1.0,812256,20025,15:47:48.228875,same
20,175,same1,5,gabor,90,0.015005845386962103,x,n,-1,x,0.5336345358391554,-1.0,0,-1,congruent,FA,n,3,0.014581672572603566,814907,20025,15:47:48.228875,same
20,176,same1,5,cue,right,-1.0,-1,-1,n,n,-1.0,0.39838255329414096,-1,1,none,none,-1,-1,-1.0,818091,20025,15:47:48.228875,same
20,177,same1,5,gabor,0,0.015005845386962103,x,x,-1,n,0.5362445223690884,-1.0,1,-1,incongruent,hit,x,2,0.7131672034847725,820839,20025,15:47:48.228875,same
20,178,same1,5,cue,right,-1.0,-1,-1,n,n,-1.0,0.26591988105428754,-1,1,none,none,-1,-1,-1.0,824606,20025,15:47:48.228875,same
20,179,same1,5,gabor,0,0.015005845386962103,x,x,-1,n,0.5140026142107672,-1.0,1,-1,incongruent,hit,i,3,0.9148054625020451,827222,20025,15:47:48.228875,same
20,180,same1,5,gabor,0,0.015005845386962103,x,x,-1,n,0.7026066842081491,-1.0,1,-1,incongruent,hit,z,2,1.3925282271757171,831290,20025,15:47:48.228875,same
20,181,same1,5,gabor,90,0.015005845386962103,n,n,-1,n,0.5541826598910121,-1.0,1,-1,congruent,CR,n,2,0.7302037302415556,836007,20025,15:47:48.228875,same
20,182,same1,5,cue,left,-1.0,-1,-1,x,x,-1.0,0.3371989702900464,-1,1,none,none,-1,-1,-1.0,839822,20025,15:47:48.228875,same
20,183,same1,5,cue,left,-1.0,-1,-1,x,x,-1.0,0.306046935982522,-1,1,none,none,-1,-1,-1.0,842605,20025,15:47:48.228875,same
20,184,same1,5,cue,left,-1.0,-1,-1,x,x,-1.0,0.2927892642273946,-1,1,none,none,-1,-1,-1.0,845355,20025,15:47:48.228875,same
20,185,same1,5,cue,left,-1.0,-1,-1,x,x,-1.0,0.2517475428412581,-1,1,none,none,-1,-1,-1.0,848190,20025,15:47:48.228875,same
20,186,same1,5,cue,left,-1.0,-1,-1,x,x,-1.0,0.27148890189346275,-1,1,none,none,-1,-1,-1.0,850889,20025,15:47:48.228875,same
20,187,same1,5,cue,left,-1.0,-1,-1,x,x,-1.0,0.3462131579872221,-1,1,none,none,-1,-1,-1.0,853605,20025,15:47:48.228875,same
20,188,same1,5,gabor,0,0.015005845386962103,x,x,-1,x,0.6832685156587104,-1.0,1,-1,congruent,hit,i,3,0.7812591677829914,856406,20025,15:47:48.228875,same
20,189,same1,5,gabor,0,0.015005845386962103,n,x,-1,x,1.1869099018986162,-1.0,0,-1,incongruent,miss,x,2,1.0979426532539946,860404,20025,15:47:48.228875,same
20,190,same1,5,gabor,90,0.015005845386962103,n,n,-1,x,0.454674859498482,-1.0,1,-1,incongruent,CR,i,3,0.8106575153942686,865323,20025,15:47:48.228875,same
20,191,same1,5,cue,right,-1.0,-1,-1,n,n,-1.0,0.2714059598456515,-1,1,none,none,-1,-1,-1.0,869105,20025,15:47:48.228875,same
20,192,same1,5,gabor,0,0.015005845386962103,x,x,-1,x,0.4742695340046339,-1.0,1,-1,congruent,hit,n,2,0.7491548359048465,871821,20025,15:47:48.228875,same
20,193,same1,5,gabor,90,0.015005845386962103,n,n,-1,n,0.44014233776761097,-1.0,1,-1,congruent,CR,z,2,0.7252264394664962,875689,20025,15:47:48.228875,same
20,194,same1,5,gabor,0,0.015005845386962103,x,x,-1,x,0.5328811455819961,-1.0,1,-1,congruent,hit,n,2,0.6698399679280556,879371,20025,15:47:48.228875,same
20,195,same1,5,gabor,0,0.015005845386962103,x,x,-1,x,0.4796527032194717,-1.0,1,-1,congruent,hit,i,2,0.57863520398314,883105,20025,15:47:48.228875,same
20,196,same1,5,gabor,90,0.015005845386962103,n,n,-1,n,0.440305533924402,-1.0,1,-1,congruent,CR,x,2,1.1015168410758631,886687,20025,15:47:48.228875,same
20,197,same1,5,cue,right,-1.0,-1,-1,n,n,-1.0,0.3822399574837618,-1,1,none,none,-1,-1,-1.0,890737,20025,15:47:48.228875,same
20,198,same1,5,gabor,90,0.015005845386962103,n,n,-1,x,0.8011372276159818,-1.0,1,-1,incongruent,CR,x,1,2.854967383807889,893470,20025,15:47:48.228875,same
20,199,same1,5,cue,right,-1.0,-1,-1,n,n,-1.0,0.34170356819777226,-1,1,none,none,-1,-1,-1.0,899553,20025,15:47:48.228875,same
20,200,same1,5,gabor,0,0.015005845386962103,x,x,-1,n,0.4916063416876568,-1.0,1,-1,incongruent,hit,z,1,0.8525036978317075,902438,20025,15:47:48.228875,same
20,1,other2,1,cue,right,-1.0,-1,-1,i,i,-1.0,0.23400716066316815,-1,1,none,none,-1,-1,-1.0,2749,20192,16:07:33.023066,other
20,2,other2,1,gabor,90,0.015005845386962103,n,n,-1,i,0.6106923049756006,-1.0,1,-1,congruent,CR,n,1,0.7446897890677064,5500,20192,16:07:33.023066,other
20,3,other2,1,cue,left,-1.0,-1,-1,z,z,-1.0,0.2684515334294701,-1,1,none,none,-1,-1,-1.0,9468,20192,16:07:33.023066,other
20,4,other2,1,gabor,90,0.015005845386962103,x,n,-1,z,0.5712756333159632,-1.0,0,-1,congruent,FA,n,1,0.7472310412140359,12083,20192,16:07:33.023066,other
20,5,other2,1,cue,left,-1.0,-1,-1,z,z,-1.0,0.2501474525270169,-1,1,none,none,-1,-1,-1.0,15933,20192,16:07:33.023066,other
20,6,other2,1,gabor,90,0.015005845386962103,n,n,-1,i,0.5780757291613554,-1.0,1,-1,congruent,CR,n,1,0.6888694077479158,18734,20192,16:07:33.023066,other
20,7,other2,1,gabor,0,0.015005845386962103,n,x,-1,z,0.7787989377284248,-1.0,0,-1,incongruent,miss,z,1,0.6416461999488092,22517,20192,16:07:33.023066,other
20,8,other2,1,cue,right,-1.0,-1,-1,i,i,-1.0,0.22946838756070065,-1,1,none,none,-1,-1,-1.0,26450,20192,16:07:33.023066,other
20,9,other2,1,gabor,0,0.015005845386962103,x,x,-1,z,0.5983270282013109,-1.0,1,-1,congruent,hit,z,1,0.7172766747007701,29033,20192,16:07:33.023066,other
20,10,other2,1,gabor,90,0.015005845386962103,n,n,-1,z,0.6932503605676175,-1.0,1,-1,incongruent,CR,x,2,0.8402006275937309,32866,20192,16:07:33.023066,other
20,11,other2,1,cue,right,-1.0,-1,-1,i,i,-1.0,0.28289688921177003,-1,1,none,none,-1,-1,-1.0,36915,20192,16:07:33.023066,other
20,12,other2,1,cue,right,-1.0,-1,-1,i,i,-1.0,0.2977200920977339,-1,1,none,none,-1,-1,-1.0,39548,20192,16:07:33.023066,other
20,13,other2,1,gabor,90,0.015005845386962103,n,n,-1,i,0.7675284191700484,-1.0,1,-1,congruent,CR,z,2,1.3355240017390315,42400,20192,16:07:33.023066,other
20,14,other2,1,cue,right,-1.0,-1,-1,i,i,-1.0,0.20729175786436824,-1,1,none,none,-1,-1,-1.0,47032,20192,16:07:33.023066,other
20,15,other2,1,cue,left,-1.0,-1,-1,z,z,-1.0,0.20817800899203576,-1,1,none,none,-1,-1,-1.0,49599,20192,16:07:33.023066,other
20,16,other2,1,gabor,0,0.015005845386962103,n,x,-1,i,0.8580181919551251,-1.0,0,-1,congruent,miss,x,1,1.1980533194473535,52166,20192,16:07:33.023066,other
20,17,other2,1,gabor,0,0.015005845386962103,n,x,-1,i,0.8626667864718911,-1.0,0,-1,congruent,miss,z,1,0.6976758563378098,56648,20192,16:07:33.023066,other
20,18,other2,1,gabor,0,0.015005845386962103,n,x,-1,i,0.662389391403849,-1.0,0,-1,congruent,miss,x,1,0.9144825261082588,60849,20192,16:07:33.023066,other
20,19,other2,1,cue,left,-1.0,-1,-1,z,z,-1.0,0.5182814254349069,-1,1,none,none,-1,-1,-1.0,64848,20192,16:07:33.023066,other
20,20,other2,1,cue,left,-1.0,-1,-1,z,z,-1.0,0.3081961333646177,-1,1,none,none,-1,-1,-1.0,67714,20192,16:07:33.023066,other
20,21,other2,1,cue,left,-1.0,-1,-1,z,z,-1.0,0.2418605436996586,-1,1,none,none,-1,-1,-1.0,70582,20192,16:07:33.023066,other
20,22,other2,1,cue,right,-1.0,-1,-1,i,i,-1.0,0.2897561196623428,-1,1,none,none,-1,-1,-1.0,73181,20192,16:07:33.023066,other
20,23,other2,1,gabor,90,0.015005845386962103,x,n,-1,z,0.6477101851287443,-1.0,0,-1,congruent,FA,z,1,1.1876252770507565,76033,20192,16:07:33.023066,other
20,24,other2,1,cue,left,-1.0,-1,-1,z,z,-1.0,0.26138648382584506,-1,1,none,none,-1,-1,-1.0,80499,20192,16:07:33.023066,other
20,25,other2,1,cue,left,-1.0,-1,-1,z,z,-1.0,0.25220180414362403,-1,1,none,none,-1,-1,-1.0,83315,20192,16:07:33.023066,other
20,26,other2,1,cue,left,-1.0,-1,-1,z,z,-1.0,0.2972281996808306,-1,1,none,none,-1,-1,-1.0,86014,20192,16:07:33.023066,other
20,27,other2,1,gabor,0,0.015005845386962103,x,x,-1,i,0.8389653286885732,-1.0,1,-1,incongruent,hit,z,2,0.7628452654680586,88664,20192,16:07:33.023066,other
20,28,other2,1,cue,right,-1.0,-1,-1,i,i,-1.0,0.2627081806967908,-1,1,none,none,-1,-1,-1.0,92882,20192,16:07:33.023066,other
20,29,other2,1,gabor,0,0.015005845386962103,n,x,-1,i,0.7734802789927926,-1.0,0,-1,congruent,miss,n,1,0.6445030926624895,95699,20192,16:07:33.023066,other
20,30,other2,1,gabor,0,0.015005845386962103,x,x,-1,z,0.8602676109785534,-1.0,1,-1,congruent,hit,i,1,0.6402784241636255,99731,20192,16:07:33.023066,other
20,31,other2,1,gabor,90,0.015005845386962103,n,n,-1,i,0.923040148558357,-1.0,1,-1,congruent,CR,x,1,1.221027114370372,103764,20192,16:07:33.023066,other
20,32,other2,1,gabor,90,0.015005845386962103,n,n,-1,z,0.7247748661029618,-1.0,1,-1,incongruent,CR,i,1,1.285757621837547,108329,20192,16:07:33.023066,other
20,33,other2,1,gabor,90,0.015005845386962103,n,n,-1,i,0.9476021300743014,-1.0,1,-1,congruent,CR,i,2,0.7955148320343142,112764,20192,16:07:33.023066,other
20,34,other2,1,gabor,0,0.015005845386962103,n,x,-1,z,0.9812620093161968,-1.0,0,-1,incongruent,miss,i,1,0.7731220154309995,117114,20192,16:07:33.023066,other
20,35,other2,1,gabor,90,0.015005845386962103,n,n,-1,z,0.6589323208263522,-1.0,1,-1,incongruent,CR,n,2,0.7910735926343477,121379,20192,16:07:33.023066,other
20,36,other2,1,cue,right,-1.0,-1,-1,i,i,-1.0,0.25783418348873965,-1,1,none,none,-1,-1,-1.0,125229,20192,16:07:33.023066,other
20,37,other2,1,cue,right,-1.0,-1,-1,i,i,-1.0,0.25668374658562243,-1,1,none,none,-1,-1,-1.0,128048,20192,16:07:33.023066,other
20,38,other2,1,cue,right,-1.0,-1,-1,i,i,-1.0,0.2684841726604645,-1,1,none,none,-1,-1,-1.0,130763,20192,16:07:33.023066,other
20,39,other2,1,gabor,0,0.015005845386962103,x,x,-1,z,0.8033720549810823,-1.0,1,-1,congruent,hit,n,2,1.0093171565622472,133580,20192,16:07:33.023066,other
20,40,other2,1,cue,left,-1.0,-1,-1,z,z,-1.0,0.2981835691807646,-1,1,none,none,-1,-1,-1.0,138014,20192,16:07:33.023066,other
20,41,other2,2,gabor,90,0.015005845386962103,n,n,-1,z,0.7203259468824399,-1.0,1,-1,incongruent,CR,n,1,0.6103662966543197,168078,20192,16:07:33.023066,other
20,42,other2,2,gabor,90,0.015005845386962103,n,n,-1,z,0.7232473500789638,-1.0,1,-1,incongruent,CR,x,1,0.6200950915208523,172028,20192,16:07:33.023066,other
20,43,other2,2,cue,right,-1.0,-1,-1,i,i,-1.0,0.4599727827207971,-1,1,none,none,-1,-1,-1.0,175794,20192,16:07:33.023066,other
20,44,other2,2,gabor,0,0.015005845386962103,x,x,-1,z,0.6397661802275252,-1.0,1,-1,congruent,hit,i,2,0.7957244910976442,178711,20192,16:07:33.023066,other
20,45,other2,2,cue,left,-1.0,-1,-1,z,z,-1.0,0.34663593203003984,-1,1,none,none,-1,-1,-1.0,182662,20192,16:07:33.023066,other
20,46,other2,2,cue,left,-1.0,-1,-1,z,z,-1.0,0.21045200343542086,-1,1,none,none,-1,-1,-1.0,185461,20192,16:07:33.023066,other
20,47,other2,2,gabor,90,0.015005845386962103,x,n,-1,i,0.6642463716689235,-1.0,0,-1,incongruent,FA,i,1,0.7242134713233099,188111,20192,16:07:33.023066,other
20,48,other2,2,cue,left,-1.0,-1,-1,z,z,-1.0,0.24807697329015355,-1,1,none,none,-1,-1,-1.0,191910,20192,16:07:33.023066,other
20,49,other2,2,cue,left,-1.0,-1,-1,z,z,-1.0,0.2639807267260039,-1,1,none,none,-1,-1,-1.0,194510,20192,16:07:33.023066,other
20,50,other2,2,gabor,0,0.015005845386962103,n,x,-1,z,0.7997072452944849,-1.0,0,-1,incongruent,miss,i,2,1.1016977008148388,197127,20192,16:07:33.023066,other
20,51,other2,2,gabor,90,0.015005845386962103,n,n,-1,i,0.7035436221412965,-1.0,1,-1,congruent,CR,i,2,0.6973026171290257,201544,20192,16:07:33.023066,other
20,52,other2,2,cue,right,-1.0,-1,-1,i,i,-1.0,0.35030266167268564,-1,1,none,none,-1,-1,-1.0,205578,20192,16:07:33.023066,other
20,53,other2,2,cue,left,-1.0,-1,-1,z,z,-1.0,0.2782959095748083,-1,1,none,none,-1,-1,-1.0,208377,20192,16:07:33.023066,other
20,54,other2,2,cue,right,-1.0,-1,-1,i,i,-1.0,0.2530078011604928,-1,1,none,none,-1,-1,-1.0,211211,20192,16:07:33.023066,other
20,55,other2,2,gabor,90,0.015005845386962103,n,n,-1,i,0.7928295832771255,-1.0,1,-1,congruent,CR,i,1,0.927764773285162,213909,20192,16:07:33.023066,other
20,56,other2,2,gabor,90,0.015005845386962103,n,n,-1,z,0.8035060678248556,-1.0,1,-1,incongruent,CR,n,1,0.8084772147431067,218245,20192,16:07:33.023066,other
20,57,other2,2,gabor,90,0.015005845386962103,n,n,-1,i,0.7544316396251816,-1.0,1,-1,congruent,CR,x,2,1.041273651922893,222494,20192,16:07:33.023066,other
20,58,other2,2,cue,right,-1.0,-1,-1,i,i,-1.0,0.202187366083308,-1,1,none,none,-1,-1,-1.0,226911,20192,16:07:33.023066,other
20,59,other2,2,cue,left,-1.0,-1,-1,z,z,-1.0,0.1708368084528047,-1,1,none,none,-1,-1,-1.0,229660,20192,16:07:33.023066,other
20,60,other2,2,cue,right,-1.0,-1,-1,i,i,-1.0,0.2147734376558219,-1,1,none,none,-1,-1,-1.0,232378,20192,16:07:33.023066,other
20,61,other2,2,cue,left,-1.0,-1,-1,z,z,-1.0,0.15260914174905338,-1,1,none,none,-1,-1,-1.0,235144,20192,16:07:33.023066,other
20,62,other2,2,gabor,90,0.015005845386962103,n,n,-1,z,0.5845183294240996,-1.0,1,-1,incongruent,CR,x,2,0.5343453031000536,237743,20192,16:07:33.023066,other
20,63,other2,2,gabor,0,0.015005845386962103,n,x,-1,i,0.8111897268609027,-1.0,0,-1,congruent,miss,n,1,0.8242400434974115,241494,20192,16:07:33.023066,other
20,64,other2,2,gabor,0,0.015005845386962103,n,x,-1,z,1.285032646910622,-1.0,0,-1,incongruent,miss,x,1,0.8628476462108665,245642,20192,16:07:33.023066,other
20,65,other2,2,gabor,0,0.015005845386962103,x,x,-1,z,0.6616732482725638,-1.0,1,-1,congruent,hit,z,2,1.1136908903517906,250411,20192,16:07:33.023066,other
20,66,other2,2,cue,left,-1.0,-1,-1,z,z,-1.0,0.30244356484945456,-1,1,none,none,-1,-1,-1.0,254609,20192,16:07:33.023066,other
20,67,other2,2,gabor,90,0.015005845386962103,x,n,-1,z,0.676344774727113,-1.0,0,-1,congruent,FA,i,1,0.8553291032894776,257259,20192,16:07:33.023066,other
20,68,other2,2,cue,right,-1.0,-1,-1,i,i,-1.0,0.3340905634995579,-1,1,none,none,-1,-1,-1.0,261426,20192,16:07:33.023066,other
20,69,other2,2,gabor,0,0.015005845386962103,z,x,-1,z,0.6109169396841025,-1.0,0,-1,otherWEcongruent,miss,n,1,6.047726235950904,264108,20192,16:07:33.023066,other
20,70,other2,2,cue,left,-1.0,-1,-1,z,z,-1.0,0.2543721210276999,-1,1,none,none,-1,-1,-1.0,273409,20192,16:07:33.023066,other
20,71,other2,2,cue,left,-1.0,-1,-1,z,z,-1.0,0.2072710223528702,-1,1,none,none,-1,-1,-1.0,276008,20192,16:07:33.023066,other
20,72,other2,2,cue,right,-1.0,-1,-1,i,i,-1.0,0.20117823785039946,-1,1,none,none,-1,-1,-1.0,278558,20192,16:07:33.023066,other
20,73,other2,2,gabor,0,0.015005845386962103,n,x,-1,i,0.5991065298421745,-1.0,0,-1,congruent,miss,n,2,0.9898726225201244,281207,20192,16:07:33.023066,other
20,74,other2,2,gabor,0,0.015005845386962103,x,x,-1,i,0.6347293708531652,-1.0,1,-1,incongruent,hit,i,2,1.2956561407063418,285308,20192,16:07:33.023066,other
20,75,other2,2,gabor,0,0.015005845386962103,x,x,-1,i,0.6254237340199325,-1.0,1,-1,incongruent,hit,x,2,0.8064167192733294,289758,20192,16:07:33.023066,other
20,76,other2,2,cue,right,-1.0,-1,-1,i,i,-1.0,0.2752220619695436,-1,1,none,none,-1,-1,-1.0,293708,20192,16:07:33.023066,other
20,77,other2,2,cue,right,-1.0,-1,-1,i,i,-1.0,0.2510563591204118,-1,1,none,none,-1,-1,-1.0,296525,20192,16:07:33.023066,other
20,78,other2,2,gabor,90,0.015005845386962103,x,n,-1,i,0.7788880236294062,-1.0,0,-1,incongruent,FA,n,2,0.937828408264977,299325,20192,16:07:33.023066,other
20,79,other2,2,cue,right,-1.0,-1,-1,i,i,-1.0,0.2776312212299672,-1,1,none,none,-1,-1,-1.0,303659,20192,16:07:33.023066,other
20,80,other2,2,gabor,0,0.015005845386962103,x,x,-1,i,0.6045096665893652,-1.0,1,-1,incongruent,hit,x,1,0.6904115154284227,306492,20192,16:07:33.023066,other
20,81,other2,3,gabor,0,0.015005845386962103,x,x,-1,i,0.7722081169558805,-1.0,1,-1,incongruent,hit,n,1,0.6360645074091735,365338,20192,16:07:33.023066,other
20,82,other2,3,gabor,0,0.015005845386962103,x,x,-1,z,0.6159003743141511,-1.0,1,-1,congruent,hit,n,2,1.0058600859829312,369454,20192,16:07:33.023066,other
20,83,other2,3,cue,left,-1.0,-1,-1,z,z,-1.0,0.2067653062622412,-1,1,none,none,-1,-1,-1.0,373489,20192,16:07:33.023066,other
20,84,other2,3,cue,left,-1.0,-1,-1,z,z,-1.0,0.26155351989291376,-1,1,none,none,-1,-1,-1.0,376138,20192,16:07:33.023066,other
20,85,other2,3,gabor,0,0.015005845386962103,x,x,-1,z,0.516315391740136,-1.0,1,-1,congruent,hit,i,1,0.7653365987935103,378956,20192,16:07:33.023066,other
20,86,other2,3,gabor,90,0.015005845386962103,x,n,-1,i,0.7072053599003993,-1.0,0,-1,incongruent,FA,z,2,1.3971883414196782,382771,20192,16:07:33.023066,other
20,87,other2,3,gabor,0,0.015005845386962103,x,x,-1,z,0.5628812070208369,-1.0,1,-1,congruent,hit,i,2,0.6178379926786874,387404,20192,16:07:33.023066,other
20,88,other2,3,cue,right,-1.0,-1,-1,i,i,-1.0,0.3776758409785543,-1,1,none,none,-1,-1,-1.0,391022,20192,16:07:33.023066,other
20,89,other2,3,gabor,0,0.015005845386962103,n,x,-1,i,0.8085321254529845,-1.0,0,-1,congruent,miss,z,1,0.5984441454438638,393855,20192,16:07:33.023066,other
20,90,other2,3,cue,right,-1.0,-1,-1,i,i,-1.0,0.24726329645454825,-1,1,none,none,-1,-1,-1.0,397889,20192,16:07:33.023066,other
20,91,other2,3,cue,right,-1.0,-1,-1,i,i,-1.0,0.22322507860189944,-1,1,none,none,-1,-1,-1.0,400487,20192,16:07:33.023066,other
20,92,other2,3,gabor,90,0.015005845386962103,x,n,-1,z,0.5289794134769181,-1.0,0,-1,congruent,FA,x,2,0.6419211374723091,403255,20192,16:07:33.023066,other
20,93,other2,3,gabor,0,0.015005845386962103,x,x,-1,z,0.5778142313192802,-1.0,1,-1,congruent,hit,z,2,0.7047612574624509,406837,20192,16:07:33.023066,other
20,94,other2,3,cue,left,-1.0,-1,-1,z,z,-1.0,0.2254837134078116,-1,1,none,none,-1,-1,-1.0,410637,20192,16:07:33.023066,other
20,95,other2,3,gabor,0,0.015005845386962103,x,x,-1,i,0.5033622248138272,-1.0,1,-1,incongruent,hit,i,2,0.7054059782767581,413304,20192,16:07:33.023066,other
20,96,other2,3,gabor,90,0.015005845386962103,x,n,-1,i,0.5913622002371994,-1.0,0,-1,incongruent,FA,z,2,0.5642555106551299,416937,20192,16:07:33.023066,other
20,97,other2,3,cue,right,-1.0,-1,-1,i,i,-1.0,0.1910178371490474,-1,1,none,none,-1,-1,-1.0,420721,20192,16:07:33.023066,other
20,98,other2,3,gabor,90,0.015005845386962103,n,n,-1,i,0.6537960577952617,-1.0,1,-1,congruent,CR,z,2,0.6977883656891208,423353,20192,16:07:33.023066,other
20,99,other2,3,cue,left,-1.0,-1,-1,z,z,-1.0,0.2545840840357414,-1,1,none,none,-1,-1,-1.0,427137,20192,16:07:33.023066,other
20,100,other2,3,cue,right,-1.0,-1,-1,i,i,-1.0,0.20240777689105016,-1,1,none,none,-1,-1,-1.0,429837,20192,16:07:33.023066,other
20,101,other2,3,cue,right,-1.0,-1,-1,i,i,-1.0,0.2562548286859965,-1,1,none,none,-1,-1,-1.0,432486,20192,16:07:33.023066,other
20,102,other2,3,cue,left,-1.0,-1,-1,z,z,-1.0,0.17615124328585807,-1,1,none,none,-1,-1,-1.0,435287,20192,16:07:33.023066,other
20,103,other2,3,cue,right,-1.0,-1,-1,i,i,-1.0,0.2218169837669848,-1,1,none,none,-1,-1,-1.0,440552,20192,16:07:33.023066,other
20,104,other2,3,gabor,90,0.015005845386962103,z,n,-1,z,0.26366969405171403,-1.0,0,-1,otherWEcongruent,FA,z,1,2.146602371220069,443321,20192,16:07:33.023066,other
20,105,other2,3,cue,right,-1.0,-1,-1,i,i,-1.0,0.2383881134828698,-1,1,none,none,-1,-1,-1.0,448354,20192,16:07:33.023066,other
20,106,other2,3,gabor,0,0.015005845386962103,i,x,-1,i,1.0912385551491752,-1.0,0,-1,otherWEcongruent,miss,z,1,0.8531975694895664,451036,20192,16:07:33.023066,other
20,107,other2,3,cue,left,-1.0,-1,-1,z,z,-1.0,0.2290267979606142,-1,1,none,none,-1,-1,-1.0,455402,20192,16:07:33.023066,other
20,108,other2,3,cue,left,-1.0,-1,-1,z,z,-1.0,0.25395088294862944,-1,1,none,none,-1,-1,-1.0,457985,20192,16:07:33.023066,other
20,109,other2,3,cue,left,-1.0,-1,-1,z,z,-1.0,0.317780547631628,-1,1,none,none,-1,-1,-1.0,460586,20192,16:07:33.023066,other
20,110,other2,3,gabor,90,0.015005845386962103,n,n,-1,z,0.5865642332391872,-1.0,1,-1,incongruent,CR,i,1,0.9374839683787286,463453,20192,16:07:33.023066,other
20,111,other2,3,cue,right,-1.0,-1,-1,i,i,-1.0,0.2652782321674749,-1,1,none,none,-1,-1,-1.0,467502,20192,16:07:33.023066,other
20,112,other2,3,gabor,90,0.015005845386962103,x,n,-1,z,0.8961945728260616,-1.0,0,-1,congruent,FA,i,1,0.41111876533068425,470118,20192,16:07:33.023066,other
20,113,other2,3,gabor,90,0.015005845386962103,x,n,-1,z,0.8198840500917868,-1.0,0,-1,congruent,FA,x,1,0.5608856060225662,474036,20192,16:07:33.023066,other
20,114,other2,3,cue,left,-1.0,-1,-1,z,z,-1.0,0.29966193436121097,-1,1,none,none,-1,-1,-1.0,478037,20192,16:07:33.023066,other
20,115,other2,3,gabor,90,0.015005845386962103,n,n,-1,i,0.5944156963214482,-1.0,1,-1,congruent,CR,i,2,0.8004233884275891,480886,20192,16:07:33.023066,other
20,116,other2,3,gabor,90,0.015005845386962103,n,n,-1,i,0.7932669489782711,-1.0,1,-1,congruent,CR,i,2,0.7441806170591008,484701,20192,16:07:33.023066,other
20,117,other2,3,gabor,0,0.015005845386962103,x,x,-1,z,0.7551312711493665,-1.0,1,-1,congruent,hit,n,1,0.6200267411295499,488852,20192,16:07:33.023066,other
20,118,other2,3,cue,right,-1.0,-1,-1,i,i,-1.0,0.3158360174311383,-1,1,none,none,-1,-1,-1.0,492852,20192,16:07:33.023066,other
20,119,other2,3,gabor,0,0.015005845386962103,n,x,-1,i,0.6886417011119192,-1.0,0,-1,congruent,miss,z,1,0.5796270526225271,495518,20192,16:07:33.023066,other
20,120,other2,3,cue,left,-1.0,-1,-1,z,z,-1.0,0.2934432008260046,-1,1,none,none,-1,-1,-1.0,499403,20192,16:07:33.023066,other
20,121,other2,4,cue,right,-1.0,-1,-1,i,i,-1.0,0.1973018491462426,-1,1,none,none,-1,-1,-1.0,557666,20192,16:07:33.023066,other
20,122,other2,4,gabor,0,0.015005845386962103,x,x,-1,i,0.6149899317570089,-1.0,1,-1,incongruent,hit,x,2,0.5888800826960505,560616,20192,16:07:33.023066,other
20,123,other2,4,gabor,0,0.015005845386962103,x,x,-1,z,0.5266923633425904,-1.0,1,-1,congruent,hit,x,2,0.5677060533871554,564434,20192,16:07:33.023066,other
20,124,other2,4,cue,right,-1.0,-1,-1,i,i,-1.0,0.24151187991265036,-1,1,none,none,-1,-1,-1.0,567966,20192,16:07:33.023066,other
20,125,other2,4,gabor,90,0.015005845386962103,x,n,-1,z,0.5543646716032526,-1.0,0,-1,congruent,FA,n,2,0.7862729376993229,570549,20192,16:07:33.023066,other
20,126,other2,4,cue,right,-1.0,-1,-1,i,i,-1.0,0.2962686062819557,-1,1,none,none,-1,-1,-1.0,574415,20192,16:07:33.023066,other
20,127,other2,4,gabor,90,0.015005845386962103,x,n,-1,i,0.6598381554922526,-1.0,0,-1,incongruent,FA,z,1,0.7357078566074051,580514,20192,16:07:33.023066,other
20,128,other2,4,cue,left,-1.0,-1,-1,z,z,-1.0,0.31959836082023685,-1,1,none,none,-1,-1,-1.0,584432,20192,16:07:33.023066,other
20,129,other2,4,cue,right,-1.0,-1,-1,i,i,-1.0,0.2404655045556865,-1,1,none,none,-1,-1,-1.0,587198,20192,16:07:33.023066,other
20,130,other2,4,cue,left,-1.0,-1,-1,z,z,-1.0,0.24527499128453198,-1,1,none,none,-1,-1,-1.0,589881,20192,16:07:33.023066,other
20,131,other2,4,cue,left,-1.0,-1,-1,z,z,-1.0,0.18114274172694425,-1,1,none,none,-1,-1,-1.0,592481,20192,16:07:33.023066,other
20,132,other2,4,cue,right,-1.0,-1,-1,i,i,-1.0,0.2199934107156878,-1,1,none,none,-1,-1,-1.0,595114,20192,16:07:33.023066,other
20,133,other2,4,cue,left,-1.0,-1,-1,z,z,-1.0,0.2578499271185137,-1,1,none,none,-1,-1,-1.0,597781,20192,16:07:33.023066,other
20,134,other2,4,cue,right,-1.0,-1,-1,i,i,-1.0,0.20568245176582425,-1,1,none,none,-1,-1,-1.0,600481,20192,16:07:33.023066,other
20,135,other2,4,gabor,90,0.015005845386962103,n,n,-1,i,0.5674764267951105,-1.0,1,-1,congruent,CR,n,1,0.4875540851262485,603031,20192,16:07:33.023066,other
20,136,other2,4,cue,left,-1.0,-1,-1,z,z,-1.0,0.5413289466196147,-1,1,none,none,-1,-1,-1.0,606498,20192,16:07:33.023066,other
20,137,other2,4,cue,left,-1.0,-1,-1,z,z,-1.0,0.242256054383688,-1,1,none,none,-1,-1,-1.0,609380,20192,16:07:33.023066,other
20,138,other2,4,cue,left,-1.0,-1,-1,z,z,-1.0,0.23498518562882964,-1,1,none,none,-1,-1,-1.0,612165,20192,16:07:33.023066,other
20,139,other2,4,cue,right,-1.0,-1,-1,i,i,-1.0,0.31186862286995165,-1,1,none,none,-1,-1,-1.0,614847,20192,16:07:33.023066,other
20,140,other2,4,gabor,0,0.015005845386962103,x,x,-1,z,0.5726514729121845,-1.0,1,-1,congruent,hit,z,2,0.8846894357957353,617715,20192,16:07:33.023066,other
20,141,other2,4,cue,right,-1.0,-1,-1,i,i,-1.0,0.23346995731481,-1,1,none,none,-1,-1,-1.0,621798,20192,16:07:33.023066,other
20,142,other2,4,gabor,90,0.015005845386962103,x,n,-1,i,0.7263016141441767,-1.0,0,-1,incongruent,FA,i,1,0.9113334162739192,624480,20192,16:07:33.023066,other
20,143,other2,4,cue,right,-1.0,-1,-1,i,i,-1.0,0.22917271452388374,-1,1,none,none,-1,-1,-1.0,628530,20192,16:07:33.023066,other
20,144,other2,4,gabor,90,0.015005845386962103,n,n,-1,i,0.7299752556227759,-1.0,1,-1,congruent,CR,z,1,0.4909251417302585,631213,20192,16:07:33.023066,other
20,145,other2,4,gabor,0,0.015005845386962103,x,x,-1,z,0.5247309375372424,-1.0,1,-1,congruent,hit,z,2,0.573716279834116,634947,20192,16:07:33.023066,other
20,146,other2,4,cue,left,-1.0,-1,-1,z,z,-1.0,0.3074865180788038,-1,1,none,none,-1,-1,-1.0,638564,20192,16:07:33.023066,other
20,147,other2,4,gabor,0,0.015005845386962103,x,x,-1,i,0.6183940115843143,-1.0,1,-1,incongruent,hit,n,2,0.799319798419674,641414,20192,16:07:33.023066,other
20,148,other2,4,cue,right,-1.0,-1,-1,i,i,-1.0,0.3641904625856114,-1,1,none,none,-1,-1,-1.0,645363,20192,16:07:33.023066,other
20,149,other2,4,gabor,0,0.015005845386962103,x,x,-1,i,0.5817969855179399,-1.0,1,-1,incongruent,hit,z,1,0.7077460191667342,651529,20192,16:07:33.023066,other
20,150,other2,4,gabor,90,0.015005845386962103,x,n,-1,z,0.6485100382924429,-1.0,0,-1,congruent,FA,n,2,1.0765251736793289,655447,20192,16:07:33.023066,other
20,151,other2,4,gabor,0,0.015005845386962103,x,x,-1,z,0.5392342759532767,-1.0,1,-1,congruent,hit,n,2,0.8431969090270286,659596,20192,16:07:33.023066,other
20,152,other2,4,cue,left,-1.0,-1,-1,z,z,-1.0,0.2829867430955346,-1,1,none,none,-1,-1,-1.0,663396,20192,16:07:33.023066,other
20,153,other2,4,gabor,90,0.015005845386962103,x,n,-1,z,0.7717315841764503,-1.0,0,-1,congruent,FA,x,1,0.6507279700545041,668978,20192,16:07:33.023066,other
20,154,other2,4,gabor,0,0.015005845386962103,x,x,-1,i,0.5906456731136132,-1.0,1,-1,incongruent,hit,z,2,0.6364903533794859,672929,20192,16:07:33.023066,other
20,155,other2,4,gabor,0,0.015005845386962103,x,x,-1,z,0.7162717703686212,-1.0,1,-1,congruent,hit,x,1,0.5652074242352683,676780,20192,16:07:33.023066,other
20,156,other2,4,gabor,90,0.015005845386962103,x,n,-1,i,0.6121771980015183,-1.0,0,-1,incongruent,FA,i,1,0.7931421519151627,680595,20192,16:07:33.023066,other
20,157,other2,4,gabor,90,0.015005845386962103,x,n,-1,z,0.9308578204381774,-1.0,0,-1,congruent,FA,z,1,0.6508423993582255,684629,20192,16:07:33.023066,other
20,158,other2,4,gabor,0,0.015005845386962103,x,x,-1,i,0.7416424368366279,-1.0,1,-1,incongruent,hit,x,1,0.685616236365604,688745,20192,16:07:33.023066,other
20,159,other2,4,gabor,90,0.015005845386962103,n,n,-1,z,0.6913688048807671,-1.0,1,-1,incongruent,CR,x,1,0.7824276522642322,692612,20192,16:07:33.023066,other
20,160,other2,4,cue,left,-1.0,-1,-1,z,z,-1.0,0.30428902538551483,-1,1,none,none,-1,-1,-1.0,696712,20192,16:07:33.023066,other
20,161,other2,5,gabor,0,0.015005845386962103,x,x,-1,i,0.5968083439693146,-1.0,1,-1,incongruent,hit,x,2,0.459824178220515,738809,20192,16:07:33.023066,other
20,162,other2,5,gabor,90,0.015005845386962103,n,n,-1,i,0.6365195366925036,-1.0,1,-1,congruent,CR,x,1,0.4975816249570926,742611,20192,16:07:33.023066,other
20,163,other2,5,gabor,0,0.015005845386962103,x,x,-1,z,0.5834128194601362,-1.0,1,-1,congruent,hit,x,2,0.5413281786386506,746176,20192,16:07:33.023066,other
20,164,other2,5,cue,right,-1.0,-1,-1,i,i,-1.0,0.2442170961985539,-1,1,none,none,-1,-1,-1.0,749826,20192,16:07:33.023066,other
20,165,other2,5,cue,right,-1.0,-1,-1,i,i,-1.0,0.17309429128363266,-1,1,none,none,-1,-1,-1.0,752426,20192,16:07:33.023066,other
20,166,other2,5,gabor,90,0.015005845386962103,x,n,-1,z,0.5719464655176125,-1.0,0,-1,congruent,FA,x,1,1.3318714797642317,755042,20192,16:07:33.023066,other
20,167,other2,5,cue,left,-1.0,-1,-1,z,z,-1.0,0.1825842437756364,-1,1,none,none,-1,-1,-1.0,759577,20192,16:07:33.023066,other
20,168,other2,5,gabor,0,0.015005845386962103,x,x,-1,i,0.5294144752297143,-1.0,1,-1,incongruent,hit,n,2,0.5864091008934338,762310,20192,16:07:33.023066,other
20,169,other2,5,cue,right,-1.0,-1,-1,i,i,-1.0,0.2922509089057712,-1,1,none,none,-1,-1,-1.0,765859,20192,16:07:33.023066,other
20,170,other2,5,cue,left,-1.0,-1,-1,z,z,-1.0,0.2671083330642432,-1,1,none,none,-1,-1,-1.0,768492,20192,16:07:33.023066,other
20,171,other2,5,cue,right,-1.0,-1,-1,i,i,-1.0,0.2459400636198552,-1,1,none,none,-1,-1,-1.0,771209,20192,16:07:33.023066,other
20,172,other2,5,gabor,90,0.015005845386962103,x,n,-1,i,0.7817675718106329,-1.0,0,-1,incongruent,FA,n,1,0.5257619532530953,773808,20192,16:07:33.023066,other
20,173,other2,5,gabor,0,0.015005845386962103,x,x,-1,z,0.7295413458432449,-1.0,1,-1,congruent,hit,z,1,1.2264939936121664,777727,20192,16:07:33.023066,other
20,174,other2,5,gabor,0,0.015005845386962103,x,x,-1,z,0.6153762266585545,-1.0,1,-1,congruent,hit,i,2,0.6772878565152496,782192,20192,16:07:33.023066,other
20,175,other2,5,cue,left,-1.0,-1,-1,z,z,-1.0,0.3151744010119728,-1,1,none,none,-1,-1,-1.0,785892,20192,16:07:33.023066,other
20,176,other2,5,gabor,90,0.015005845386962103,x,n,-1,z,0.7210186665688525,-1.0,0,-1,congruent,FA,i,1,0.569900561702525,788558,20192,16:07:33.023066,other
20,177,other2,5,gabor,0,0.015005845386962103,x,x,-1,i,0.5997036357803154,-1.0,1,-1,incongruent,hit,i,2,1.1256702562150167,792375,20192,16:07:33.023066,other
20,178,other2,5,cue,left,-1.0,-1,-1,z,z,-1.0,0.24647918692244275,-1,1,none,none,-1,-1,-1.0,796625,20192,16:07:33.023066,other
20,179,other2,5,gabor,90,0.015005845386962103,x,n,-1,i,0.5742987941139289,-1.0,0,-1,incongruent,FA,i,2,0.6692436299726978,799426,20192,16:07:33.023066,other
20,180,other2,5,cue,right,-1.0,-1,-1,i,i,-1.0,0.2792147999316512,-1,1,none,none,-1,-1,-1.0,803191,20192,16:07:33.023066,other
20,181,other2,5,gabor,0,0.015005845386962103,z,x,-1,z,0.7020015144607896,-1.0,0,-1,otherWEcongruent,miss,z,2,1.3118693908527348,806026,20192,16:07:33.023066,other
20,182,other2,5,cue,left,-1.0,-1,-1,z,z,-1.0,0.5056807622058841,-1,1,none,none,-1,-1,-1.0,810558,20192,16:07:33.023066,other
20,183,other2,5,cue,right,-1.0,-1,-1,i,i,-1.0,0.2394168252558302,-1,1,none,none,-1,-1,-1.0,813408,20192,16:07:33.023066,other
20,184,other2,5,gabor,0,0.015005845386962103,x,x,-1,i,0.5923713284701079,-1.0,1,-1,incongruent,hit,z,2,0.8702840150708653,816192,20192,16:07:33.023066,other
20,185,other2,5,cue,left,-1.0,-1,-1,z,z,-1.0,0.2212490611418616,-1,1,none,none,-1,-1,-1.0,820074,20192,16:07:33.023066,other
20,186,other2,5,gabor,90,0.015005845386962103,n,n,-1,z,0.7511039739983971,-1.0,1,-1,incongruent,CR,x,2,0.8459424443644821,822640,20192,16:07:33.023066,other
20,187,other2,5,cue,left,-1.0,-1,-1,z,z,-1.0,0.24182137662137396,-1,1,none,none,-1,-1,-1.0,826758,20192,16:07:33.023066,other
20,188,other2,5,gabor,90,0.015005845386962103,n,n,-1,z,0.6946154484176077,-1.0,1,-1,incongruent,CR,z,2,1.080555542755974,829441,20192,16:07:33.023066,other
20,189,other2,5,cue,left,-1.0,-1,-1,z,z,-1.0,0.2743396507539728,-1,1,none,none,-1,-1,-1.0,833757,20192,16:07:33.023066,other
20,190,other2,5,cue,left,-1.0,-1,-1,z,z,-1.0,0.2251047143327014,-1,1,none,none,-1,-1,-1.0,836574,20192,16:07:33.023066,other
20,191,other2,5,cue,right,-1.0,-1,-1,i,i,-1.0,0.31512563416072226,-1,1,none,none,-1,-1,-1.0,839140,20192,16:07:33.023066,other
20,192,other2,5,cue,right,-1.0,-1,-1,i,i,-1.0,0.2568008638245374,-1,1,none,none,-1,-1,-1.0,841806,20192,16:07:33.023066,other
20,193,other2,5,gabor,0,0.015005845386962103,x,x,-1,i,0.6486962739054434,-1.0,1,-1,incongruent,hit,z,2,0.7397071224186221,844608,20192,16:07:33.023066,other
20,194,other2,5,gabor,0,0.015005845386962103,x,x,-1,z,0.6154334413113247,-1.0,1,-1,congruent,hit,n,2,0.8454931749438401,848624,20192,16:07:33.023066,other
20,195,other2,5,gabor,90,0.015005845386962103,n,n,-1,i,0.7773781711894117,-1.0,1,-1,congruent,CR,z,1,1.1912789509970023,852606,20192,16:07:33.023066,other
20,196,other2,5,gabor,90,0.015005845386962103,n,n,-1,i,0.7130819574940688,-1.0,1,-1,congruent,CR,x,1,0.5790130510831659,856989,20192,16:07:33.023066,other
20,197,other2,5,cue,left,-1.0,-1,-1,z,z,-1.0,0.31277445753585204,-1,1,none,none,-1,-1,-1.0,860805,20192,16:07:33.023066,other
20,198,other2,5,cue,right,-1.0,-1,-1,i,i,-1.0,0.2706752250560385,-1,1,none,none,-1,-1,-1.0,863674,20192,16:07:33.023066,other
20,199,other2,5,gabor,90,0.015005845386962103,n,n,-1,z,0.6014776739993977,-1.0,1,-1,incongruent,CR,i,1,1.111568188347519,866389,20192,16:07:33.023066,other
20,200,other2,5,cue,right,-1.0,-1,-1,i,i,-1.0,0.2722618756888551,-1,1,none,none,-1,-1,-1.0,870622,20192,16:07:33.023066,other
