12,1,same1,1,cue,left,-1,-1,-1,x,x,-1,0.2819298612093917,-1,1,none,none,-1,-1,-1,0,23131,11:38:53.831464,same
12,2,same1,1,gabor,90,0.014075090106695375,n,n,-1,x,0.6217007243667467,-1,1,-1,incongruent,CR,x,2,1.0996383545398203,2900,23131,11:38:53.831464,same
12,3,same1,1,gabor,0,0.014075090106695375,x,x,-1,x,0.7885710358004872,-1,1,-1,congruent,hit,n,3,0.738429111653204,7149,23131,11:38:53.831464,same
12,4,same1,1,gabor,90,0.014075090106695375,x,n,-1,x,0.8342928061047132,-1,0,-1,congruent,FA,n,2,0.7753228620758819,11199,23131,11:38:53.831464,same
12,5,same1,1,gabor,0,0.014075090106695375,x,x,-1,n,0.6740498454810222,-1,1,-1,incongruent,hit,z,3,0.8369807634417157,15433,23131,11:38:53.831464,same
12,6,same1,1,cue,right,-1,-1,-1,n,n,-1,0.3159160097811764,-1,1,none,none,-1,-1,-1,19566,23131,11:38:53.831464,same
12,7,same1,1,cue,left,-1,-1,-1,x,x,-1,0.25769715783098945,-1,1,none,none,-1,-1,-1,22232,23131,11:38:53.831464,same
12,8,same1,1,gabor,90,0.014075090106695375,x,n,-1,n,0.6415082819812596,-1,0,-1,incongruent,FA,n,2,1.2694197237706248,24848,23131,11:38:53.831464,same
12,9,same1,1,cue,right,-1,-1,-1,n,n,-1,0.476354807296957,-1,1,none,none,-1,-1,-1,29181,23131,11:38:53.831464,same
12,10,same1,1,gabor,90,0.014075090106695375,x,n,-1,n,0.6671452510709059,-1,0,-1,incongruent,FA,z,2,0.7902049298672864,32216,23131,11:38:53.831464,same
12,11,same1,1,gabor,0,0.014075090106695375,x,x,-1,n,0.6269652808068713,-1,1,-1,incongruent,hit,z,3,1.1837629713145361,36198,23131,11:38:53.831464,same
12,12,same1,1,gabor,0,0.014075090106695375,x,x,-1,x,0.8705748542352012,-1,1,-1,congruent,hit,n,1,0.5615115996879467,40531,23131,11:38:53.831464,same
12,13,same1,1,cue,right,-1,-1,-1,n,n,-1,0.5363143036192923,-1,1,none,none,-1,-1,-1,44481,23131,11:38:53.831464,same
12,14,same1,1,cue,right,-1,-1,-1,n,n,-1,0.2692672781895453,-1,1,none,none,-1,-1,-1,47364,23131,11:38:53.831464,same
12,15,same1,1,cue,left,-1,-1,-1,x,x,-1,0.2880357482963518,-1,1,none,none,-1,-1,-1,50081,23131,11:38:53.831464,same
12,16,same1,1,cue,left,-1,-1,-1,x,x,-1,0.3349359958956484,-1,1,none,none,-1,-1,-1,52932,23131,11:38:53.831464,same
12,17,same1,1,gabor,0,0.014075090106695375,x,x,-1,x,0.5598170345847393,-1,1,-1,congruent,hit,x,3,0.7905428445037614,55714,23131,11:38:53.831464,same
12,18,same1,1,gabor,90,0.014075090106695375,x,n,-1,x,0.6604787328815291,-1,0,-1,congruent,FA,z,2,1.264421659099753,59580,23131,11:38:53.831464,same
12,19,same1,1,cue,left,-1,-1,-1,x,x,-1,0.23923473086688318,-1,1,none,none,-1,-1,-1,63930,23131,11:38:53.831464,same
12,20,same1,1,cue,right,-1,-1,-1,n,n,-1,0.19923408575687063,-1,1,none,none,-1,-1,-1,66531,23131,11:38:53.831464,same
12,21,same1,1,gabor,90,0.014075090106695375,x,n,-1,x,0.8329557393262803,-1,0,-1,congruent,FA,x,2,1.269943491457525,69081,23131,11:38:53.831464,same
12,22,same1,1,cue,left,-1,-1,-1,x,x,-1,0.2526672216654333,-1,1,none,none,-1,-1,-1,73798,23131,11:38:53.831464,same
12,23,same1,1,cue,left,-1,-1,-1,x,x,-1,0.21248955536611902,-1,1,none,none,-1,-1,-1,76597,23131,11:38:53.831464,same
12,24,same1,1,gabor,0,0.014075090106695375,x,x,-1,x,0.6824151527071081,-1,1,-1,congruent,hit,x,3,0.9082638560357736,79263,23131,11:38:53.831464,same
12,25,same1,1,gabor,90,0.014075090106695375,n,n,-1,n,0.42523062673990353,-1,1,-1,congruent,CR,space,0,0.8381350491199555,83482,23131,11:38:53.831464,same
12,26,same1,1,cue,right,-1,-1,-1,n,n,-1,0.31904709608443227,-1,1,none,none,-1,-1,-1,87163,23131,11:38:53.831464,same
12,27,same1,1,gabor,0,0.014075090106695375,x,x,-1,x,0.6877753236303761,-1,1,-1,congruent,hit,n,3,1.3466209304324366,89929,23131,11:38:53.831464,same
12,28,same1,1,cue,left,-1,-1,-1,x,x,-1,0.23739232810930844,-1,1,none,none,-1,-1,-1,94379,23131,11:38:53.831464,same
12,29,same1,1,gabor,90,0.014075090106695375,x,n,-1,n,0.6143952403190269,-1,0,-1,incongruent,FA,x,2,1.7793163986898435,96962,23131,11:38:53.831464,same
12,30,same1,1,cue,left,-1,-1,-1,x,x,-1,0.49419132419552625,-1,1,none,none,-1,-1,-1,101981,23131,11:38:53.831464,same
12,31,same1,1,gabor,90,0.014075090106695375,x,n,-1,x,0.6959497858852046,-1,0,-1,congruent,FA,z,4,0.5379305339665734,104929,23131,11:38:53.831464,same
12,32,same1,1,cue,right,-1,-1,-1,n,n,-1,0.2377317787213542,-1,1,none,none,-1,-1,-1,108797,23131,11:38:53.831464,same
12,33,same1,1,gabor,0,0.014075090106695375,x,x,-1,n,0.550584669120326,-1,1,-1,incongruent,hit,x,4,0.6624935489016934,111580,23131,11:38:53.831464,same
12,34,same1,1,gabor,0,0.014075090106695375,x,x,-1,n,0.677263106479586,-1,1,-1,incongruent,hit,z,3,0.6482542869080135,115212,23131,11:38:53.831464,same
12,35,same1,1,gabor,0,0.014075090106695375,x,x,-1,n,0.8311740076060232,-1,1,-1,incongruent,hit,x,3,2.9400155440735034,118962,23131,11:38:53.831464,same
12,36,same1,1,cue,right,-1,-1,-1,n,n,-1,0.4117816242023764,-1,1,none,none,-1,-1,-1,125262,23131,11:38:53.831464,same
12,37,same1,1,gabor,90,0.014075090106695375,x,n,-1,n,0.5605543028823377,-1,0,-1,incongruent,FA,i,2,0.7845099162586848,128129,23131,11:38:53.831464,same
12,38,same1,1,cue,right,-1,-1,-1,n,n,-1,0.2773453579738998,-1,1,none,none,-1,-1,-1,132011,23131,11:38:53.831464,same
12,39,same1,1,cue,right,-1,-1,-1,n,n,-1,0.2853485589475895,-1,1,none,none,-1,-1,-1,134645,23131,11:38:53.831464,same
12,40,same1,1,cue,left,-1,-1,-1,x,x,-1,0.36015633159877325,-1,1,none,none,-1,-1,-1,137379,23131,11:38:53.831464,same
12,41,same1,2,cue,left,-1,-1,-1,x,x,-1,0.49385686550340324,-1,1,none,none,-1,-1,-1,160444,23131,11:38:53.831464,same
12,42,same1,2,cue,left,-1,-1,-1,x,x,-1,0.368534310623545,-1,1,none,none,-1,-1,-1,163360,23131,11:38:53.831464,same
12,43,same1,2,cue,right,-1,-1,-1,n,n,-1,0.3804753690947109,-1,1,none,none,-1,-1,-1,166077,23131,11:38:53.831464,same
12,44,same1,2,gabor,90,0.014075090106695375,x,n,-1,n,0.4072193926140244,-1,0,-1,incongruent,FA,n,2,1.3242709491723872,168810,23131,11:38:53.831464,same
12,45,same1,2,gabor,90,0.014075090106695375,x,n,-1,n,0.6170632299727004,-1,0,-1,incongruent,FA,x,3,0.7819505968800513,173179,23131,11:38:53.831464,same
12,46,same1,2,cue,left,-1,-1,-1,x,x,-1,0.3547692811016532,-1,1,none,none,-1,-1,-1,177110,23131,11:38:53.831464,same
12,47,same1,2,gabor,0,0.014075090106695375,x,x,-1,n,0.5436412913259119,-1,1,-1,incongruent,hit,z,4,0.45555577741924935,180011,23131,11:38:53.831464,same
12,48,same1,2,gabor,90,0.014075090106695375,n,n,-1,x,0.7664241873153514,-1,1,-1,incongruent,CR,z,2,1.62225213961392,183426,23131,11:38:53.831464,same
12,49,same1,2,cue,right,-1,-1,-1,n,n,-1,0.2462668112530082,-1,1,none,none,-1,-1,-1,188445,23131,11:38:53.831464,same
12,50,same1,2,gabor,0,0.014075090106695375,x,x,-1,n,0.8619998863377987,-1,1,-1,incongruent,hit,i,1,0.7459953275620137,191245,23131,11:38:53.831464,same
12,51,same1,2,gabor,90,0.014075090106695375,x,n,-1,x,0.6538191265835849,-1,0,-1,congruent,FA,i,2,0.7537408686248455,195260,23131,11:38:53.831464,same
12,52,same1,2,cue,right,-1,-1,-1,n,n,-1,0.24561248563804838,-1,1,none,none,-1,-1,-1,199294,23131,11:38:53.831464,same
12,53,same1,2,gabor,0,0.014075090106695375,x,x,-1,n,0.5803772202525579,-1,1,-1,incongruent,hit,z,4,0.49129908210124995,202094,23131,11:38:53.831464,same
12,54,same1,2,cue,right,-1,-1,-1,n,n,-1,0.5052975799171691,-1,1,none,none,-1,-1,-1,205794,23131,11:38:53.831464,same
12,55,same1,2,gabor,0,0.014075090106695375,x,x,-1,x,0.4868988959406124,-1,1,-1,congruent,hit,n,2,1.0978838863866258,208844,23131,11:38:53.831464,same
12,56,same1,2,cue,left,-1,-1,-1,x,x,-1,0.3947622463338121,-1,1,none,none,-1,-1,-1,212942,23131,11:38:53.831464,same
12,57,same1,2,gabor,0,0.014075090106695375,x,x,-1,x,0.4925850776890002,-1,1,-1,congruent,hit,n,3,0.8155784791388214,215692,23131,11:38:53.831464,same
12,58,same1,2,gabor,90,0.014075090106695375,n,n,-1,x,0.8563947273032682,-1,1,-1,incongruent,CR,z,1,0.9152679048675054,219425,23131,11:38:53.831464,same
12,59,same1,2,gabor,90,0.014075090106695375,x,n,-1,x,0.596197001161272,-1,0,-1,congruent,FA,i,2,1.4501406953668265,223726,23131,11:38:53.831464,same
12,60,same1,2,cue,left,-1,-1,-1,x,x,-1,0.25381689941877994,-1,1,none,none,-1,-1,-1,228292,23131,11:38:53.831464,same
12,61,same1,2,cue,right,-1,-1,-1,n,n,-1,0.27365556053882756,-1,1,none,none,-1,-1,-1,230992,23131,11:38:53.831464,same
12,62,same1,2,cue,right,-1,-1,-1,n,n,-1,0.22054152356486156,-1,1,none,none,-1,-1,-1,233708,23131,11:38:53.831464,same
12,63,same1,2,gabor,0,0.014075090106695375,x,x,-1,x,0.4703794781371471,-1,1,-1,congruent,hit,x,1,0.737419207682251,236275,23131,11:38:53.831464,same
12,64,same1,2,gabor,90,0.014075090106695375,x,n,-1,x,0.6012922162899486,-1,0,-1,congruent,FA,n,2,0.575239381800202,240009,23131,11:38:53.831464,same
12,65,same1,2,cue,left,-1,-1,-1,x,x,-1,0.22523277710479306,-1,1,none,none,-1,-1,-1,243608,23131,11:38:53.831464,same
12,66,same1,2,gabor,0,0.014075090106695375,x,x,-1,n,0.7388280813202073,-1,1,-1,incongruent,hit,i,2,1.1627270171966302,246376,23131,11:38:53.831464,same
12,67,same1,2,cue,left,-1,-1,-1,x,x,-1,0.3585504690872767,-1,1,none,none,-1,-1,-1,250892,23131,11:38:53.831464,same
12,68,same1,2,cue,right,-1,-1,-1,n,n,-1,0.24541511277129757,-1,1,none,none,-1,-1,-1,253691,23131,11:38:53.831464,same
12,69,same1,2,gabor,90,0.014075090106695375,x,n,-1,n,0.715300006758298,-1,0,-1,incongruent,FA,x,2,1.7312845210526575,256391,23131,11:38:53.831464,same
12,70,same1,2,cue,left,-1,-1,-1,x,x,-1,0.4002429913434753,-1,1,none,none,-1,-1,-1,261258,23131,11:38:53.831464,same
12,71,same1,2,gabor,0,0.014075090106695375,x,x,-1,x,0.5897508954731165,-1,1,-1,congruent,hit,x,4,0.7167737753670735,264108,23131,11:38:53.831464,same
12,72,same1,2,gabor,0,0.014075090106695375,x,x,-1,n,0.7125337146644597,-1,1,-1,incongruent,hit,x,2,0.9464735535711952,268042,23131,11:38:53.831464,same
12,73,same1,2,gabor,90,0.014075090106695375,x,n,-1,n,0.6462490707344841,-1,0,-1,incongruent,FA,n,1,1.22629528824109,272308,23131,11:38:53.831464,same
12,74,same1,2,cue,left,-1,-1,-1,x,x,-1,0.45516717558621167,-1,1,none,none,-1,-1,-1,276691,23131,11:38:53.831464,same
12,75,same1,2,gabor,90,0.014075090106695375,x,n,-1,n,0.4949009449319419,-1,0,-1,incongruent,FA,n,3,1.0089017467116719,279490,23131,11:38:53.831464,same
12,76,same1,2,cue,left,-1,-1,-1,x,x,-1,0.2697073352055668,-1,1,none,none,-1,-1,-1,283524,23131,11:38:53.831464,same
12,77,same1,2,cue,right,-1,-1,-1,n,n,-1,0.2815255156274361,-1,1,none,none,-1,-1,-1,286240,23131,11:38:53.831464,same
12,78,same1,2,cue,right,-1,-1,-1,n,n,-1,0.24028265023389395,-1,1,none,none,-1,-1,-1,289074,23131,11:38:53.831464,same
12,79,same1,2,gabor,0,0.014075090106695375,x,x,-1,x,0.568313283731186,-1,1,-1,congruent,hit,i,4,0.6643294237637747,291656,23131,11:38:53.831464,same
12,80,same1,2,cue,right,-1,-1,-1,n,n,-1,0.31114027758212615,-1,1,none,none,-1,-1,-1,295324,23131,11:38:53.831464,same
12,81,same1,3,cue,left,-1,-1,-1,x,x,-1,0.7287943205765259,-1,1,none,none,-1,-1,-1,317272,23131,11:38:53.831464,same
12,82,same1,3,cue,right,-1,-1,-1,n,n,-1,0.24467477252164826,-1,1,none,none,-1,-1,-1,320606,23131,11:38:53.831464,same
12,83,same1,3,cue,right,-1,-1,-1,n,n,-1,0.24949504801497824,-1,1,none,none,-1,-1,-1,323289,23131,11:38:53.831464,same
12,84,same1,3,cue,left,-1,-1,-1,x,x,-1,0.2722804783643369,-1,1,none,none,-1,-1,-1,326089,23131,11:38:53.831464,same
12,85,same1,3,cue,right,-1,-1,-1,n,n,-1,0.29209302789968206,-1,1,none,none,-1,-1,-1,328806,23131,11:38:53.831464,same
12,86,same1,3,gabor,90,0.014075090106695375,x,n,-1,n,0.39498841874410573,-1,0,-1,incongruent,FA,n,4,0.9370084878019043,331439,23131,11:38:53.831464,same
12,87,same1,3,cue,left,-1,-1,-1,x,x,-1,0.4047084564672332,-1,1,none,none,-1,-1,-1,335189,23131,11:38:53.831464,same
12,88,same1,3,cue,right,-1,-1,-1,n,n,-1,0.40545647659473616,-1,1,none,none,-1,-1,-1,341588,23131,11:38:53.831464,same
12,89,same1,3,gabor,0,0.014075090106695375,x,x,-1,x,0.4552927415943486,-1,1,-1,congruent,hit,i,2,0.931309250259801,344539,23131,11:38:53.831464,same
12,90,same1,3,gabor,90,0.014075090106695375,x,n,-1,x,0.5049473774752187,-1,0,-1,congruent,FA,x,4,0.6027944004472374,351305,23131,11:38:53.831464,same
12,91,same1,3,cue,left,-1,-1,-1,x,x,-1,0.38366712643528444,-1,1,none,none,-1,-1,-1,354938,23131,11:38:53.831464,same
12,92,same1,3,gabor,90,0.014075090106695375,n,n,-1,n,0.3545488685995224,-1,1,-1,congruent,CR,z,2,0.9625191228969925,357872,23131,11:38:53.831464,same
12,93,same1,3,cue,right,-1,-1,-1,n,n,-1,0.43727113963268494,-1,1,none,none,-1,-1,-1,361604,23131,11:38:53.831464,same
12,94,same1,3,cue,left,-1,-1,-1,x,x,-1,0.4621635445400898,-1,1,none,none,-1,-1,-1,364589,23131,11:38:53.831464,same
12,95,same1,3,gabor,0,0.014075090106695375,n,x,-1,n,0.3180402640646207,-1,0,-1,congruent,miss,space,0,0.8539390862788423,367405,23131,11:38:53.831464,same
12,96,same1,3,gabor,0,0.014075090106695375,x,x,-1,n,0.8937423585211945,-1,1,-1,incongruent,hit,i,1,0.6796196770765164,371205,23131,11:38:53.831464,same
12,97,same1,3,cue,left,-1,-1,-1,x,x,-1,0.24250597494483372,-1,1,none,none,-1,-1,-1,375287,23131,11:38:53.831464,same
12,98,same1,3,cue,left,-1,-1,-1,x,x,-1,0.2552138692453809,-1,1,none,none,-1,-1,-1,377970,23131,11:38:53.831464,same
12,99,same1,3,cue,right,-1,-1,-1,n,n,-1,0.215184424592735,-1,1,none,none,-1,-1,-1,380571,23131,11:38:53.831464,same
12,100,same1,3,cue,right,-1,-1,-1,n,n,-1,0.5119928976491792,-1,1,none,none,-1,-1,-1,383137,23131,11:38:53.831464,same
12,101,same1,3,cue,left,-1,-1,-1,x,x,-1,0.42986236122487753,-1,1,none,none,-1,-1,-1,386004,23131,11:38:53.831464,same
12,102,same1,3,gabor,0,0.014075090106695375,x,x,-1,n,0.4828020649647442,-1,1,-1,incongruent,hit,i,3,0.7886754821420254,388887,23131,11:38:53.831464,same
12,103,same1,3,gabor,90,0.014075090106695375,x,n,-1,n,0.5184643469337971,-1,0,-1,incongruent,FA,x,1,0.6795129267711673,392586,23131,11:38:53.831464,same
12,104,same1,3,gabor,0,0.014075090106695375,x,x,-1,x,0.5262590392167112,-1,1,-1,congruent,hit,n,4,0.543241553669759,396203,23131,11:38:53.831464,same
12,105,same1,3,cue,left,-1,-1,-1,x,x,-1,0.28306801914459356,-1,1,none,none,-1,-1,-1,399888,23131,11:38:53.831464,same
12,106,same1,3,cue,left,-1,-1,-1,x,x,-1,0.22587251095137617,-1,1,none,none,-1,-1,-1,402721,23131,11:38:53.831464,same
12,107,same1,3,gabor,0,0.014075090106695375,x,x,-1,x,0.3627847698808182,-1,1,-1,congruent,hit,n,2,1.074715998107422,405488,23131,11:38:53.831464,same
12,108,same1,3,cue,right,-1,-1,-1,n,n,-1,0.20547513869860268,-1,1,none,none,-1,-1,-1,409436,23131,11:38:53.831464,same
12,109,same1,3,gabor,90,0.014075090106695375,x,n,-1,n,0.9072109447479306,-1,0,-1,incongruent,FA,n,2,1.7413443933819508,412086,23131,11:38:53.831464,same
12,110,same1,3,cue,right,-1,-1,-1,n,n,-1,0.2410444941415335,-1,1,none,none,-1,-1,-1,417354,23131,11:38:53.831464,same
12,111,same1,3,gabor,0,0.014075090106695375,n,x,-1,n,0.7060111941900686,-1,0,-1,congruent,miss,z,1,2.2838713343935524,419936,23131,11:38:53.831464,same
12,112,same1,3,gabor,90,0.014075090106695375,n,n,-1,x,0.8286300479840065,-1,1,-1,incongruent,CR,z,4,1.1945328483743651,425452,23131,11:38:53.831464,same
12,113,same1,3,gabor,0,0.014075090106695375,x,x,-1,x,0.8313552527297361,-1,1,-1,congruent,hit,n,1,0.6682373297362574,429985,23131,11:38:53.831464,same
12,114,same1,3,gabor,0,0.014075090106695375,x,x,-1,n,0.8111840528863468,-1,1,-1,incongruent,hit,x,2,1.5693185797754268,433919,23131,11:38:53.831464,same
12,115,same1,3,gabor,90,0.014075090106695375,x,n,-1,x,0.5588612737537915,-1,0,-1,congruent,FA,z,4,0.6067917770005806,438819,23131,11:38:53.831464,same
12,116,same1,3,gabor,90,0.014075090106695375,x,n,-1,n,1.2157293119444148,-1,0,-1,incongruent,FA,i,3,1.5965337638162964,442402,23131,11:38:53.831464,same
12,117,same1,3,gabor,90,0.014075090106695375,x,n,-1,x,0.5461199719838987,-1,0,-1,congruent,FA,z,1,1.0995104845696915,447734,23131,11:38:53.831464,same
12,118,same1,3,gabor,0,0.014075090106695375,x,x,-1,x,0.8643023137938144,-1,1,-1,congruent,hit,i,2,1.3711324133864764,451802,23131,11:38:53.831464,same
12,119,same1,3,gabor,90,0.014075090106695375,n,n,-1,x,0.45386850819886604,-1,1,-1,incongruent,CR,n,2,1.1687929689178418,456669,23131,11:38:53.831464,same
12,120,same1,3,cue,right,-1,-1,-1,n,n,-1,0.5275592425805371,-1,1,none,none,-1,-1,-1,460818,23131,11:38:53.831464,same
12,121,same1,4,gabor,90,0.014075090106695375,x,n,-1,x,0.5433225763836163,-1,0,-1,congruent,FA,i,2,1.2963181128388896,499833,23131,11:38:53.831464,same
12,122,same1,4,gabor,90,0.014075090106695375,x,n,-1,n,0.5821689358144795,-1,0,-1,incongruent,FA,i,4,0.6771202607478699,504300,23131,11:38:53.831464,same
12,123,same1,4,cue,left,-1,-1,-1,x,x,-1,0.2348579683339267,-1,1,none,none,-1,-1,-1,507967,23131,11:38:53.831464,same
12,124,same1,4,cue,right,-1,-1,-1,n,n,-1,0.25978224473601585,-1,1,none,none,-1,-1,-1,510549,23131,11:38:53.831464,same
12,125,same1,4,gabor,90,0.014075090106695375,x,n,-1,x,0.31556811130303686,-1,0,-1,congruent,FA,z,2,0.8216217752196826,513149,23131,11:38:53.831464,same
12,126,same1,4,gabor,90,0.014075090106695375,n,n,-1,n,0.6624140621634069,-1,1,-1,congruent,CR,i,4,0.9531538955416181,516900,23131,11:38:53.831464,same
12,127,same1,4,cue,right,-1,-1,-1,n,n,-1,0.2362683779483632,-1,1,none,none,-1,-1,-1,520949,23131,11:38:53.831464,same
12,128,same1,4,gabor,0,0.014075090106695375,x,x,-1,x,0.7589232503696621,-1,1,-1,congruent,hit,z,2,1.070641438779603,526482,23131,11:38:53.831464,same
12,129,same1,4,cue,right,-1,-1,-1,n,n,-1,0.45367459127737675,-1,1,none,none,-1,-1,-1,530732,23131,11:38:53.831464,same
12,130,same1,4,cue,right,-1,-1,-1,n,n,-1,0.21737050189494767,-1,1,none,none,-1,-1,-1,533632,23131,11:38:53.831464,same
12,131,same1,4,cue,right,-1,-1,-1,n,n,-1,0.3782589562733847,-1,1,none,none,-1,-1,-1,536400,23131,11:38:53.831464,same
12,132,same1,4,cue,left,-1,-1,-1,x,x,-1,0.22113517814250372,-1,1,none,none,-1,-1,-1,539132,23131,11:38:53.831464,same
12,133,same1,4,gabor,90,0.014075090106695375,x,n,-1,x,0.3750683509151713,-1,0,-1,congruent,FA,z,2,1.2459265926527223,541699,23131,11:38:53.831464,same
12,134,same1,4,gabor,0,0.014075090106695375,n,x,-1,x,0.3698041784682573,-1,0,-1,incongruent,miss,i,1,1.0807016951030164,545832,23131,11:38:53.831464,same
12,135,same1,4,cue,left,-1,-1,-1,x,x,-1,0.478506709141584,-1,1,none,none,-1,-1,-1,549916,23131,11:38:53.831464,same
12,136,same1,4,cue,left,-1,-1,-1,x,x,-1,0.193293700041977,-1,1,none,none,-1,-1,-1,552848,23131,11:38:53.831464,same
12,137,same1,4,cue,left,-1,-1,-1,x,x,-1,0.2122722148160392,-1,1,none,none,-1,-1,-1,555583,23131,11:38:53.831464,same
12,138,same1,4,gabor,90,0.014075090106695375,x,n,-1,x,0.27014278429396654,-1,0,-1,congruent,FA,x,1,1.1450978570064763,558148,23131,11:38:53.831464,same
12,139,same1,4,gabor,0,0.014075090106695375,x,x,-1,x,0.2958047129877741,-1,1,-1,congruent,hit,i,2,1.9777602249896518,562082,23131,11:38:53.831464,same
12,140,same1,4,gabor,90,0.014075090106695375,n,n,-1,x,0.7244621013369397,-1,1,-1,incongruent,CR,space,0,1.3252528215880375,566781,23131,11:38:53.831464,same
12,141,same1,4,gabor,0,0.014075090106695375,x,x,-1,x,0.7251636582022911,-1,1,-1,congruent,hit,n,1,0.6952536049348055,571347,23131,11:38:53.831464,same
12,142,same1,4,cue,right,-1,-1,-1,n,n,-1,0.6051694027510166,-1,1,none,none,-1,-1,-1,575181,23131,11:38:53.831464,same
12,143,same1,4,cue,right,-1,-1,-1,n,n,-1,0.2138124143693858,-1,1,none,none,-1,-1,-1,578332,23131,11:38:53.831464,same
12,144,same1,4,gabor,90,0.014075090106695375,x,n,-1,n,0.8156660297481721,-1,0,-1,incongruent,FA,n,2,1.0137343100095677,581098,23131,11:38:53.831464,same
12,145,same1,4,cue,right,-1,-1,-1,n,n,-1,0.46642894884007546,-1,1,none,none,-1,-1,-1,585447,23131,11:38:53.831464,same
12,146,same1,4,gabor,0,0.014075090106695375,n,x,-1,n,0.3183029158963109,-1,0,-1,congruent,miss,n,2,1.5193893882515113,588363,23131,11:38:53.831464,same
12,147,same1,4,gabor,90,0.014075090106695375,x,n,-1,n,0.6350606403175334,-1,0,-1,incongruent,FA,x,2,1.6401028642876554,592631,23131,11:38:53.831464,same
12,148,same1,4,gabor,0,0.014075090106695375,x,x,-1,x,0.815754348347582,-1,1,-1,congruent,hit,x,4,0.8208146200304327,597531,23131,11:38:53.831464,same
12,149,same1,4,gabor,0,0.014075090106695375,n,x,-1,n,0.7164600523465197,-1,0,-1,congruent,miss,x,1,2.045509805668189,601597,23131,11:38:53.831464,same
12,150,same1,4,cue,left,-1,-1,-1,x,x,-1,0.41321737741418474,-1,1,none,none,-1,-1,-1,606780,23131,11:38:53.831464,same
12,151,same1,4,gabor,90,0.014075090106695375,x,n,-1,n,0.5911528572214593,-1,0,-1,incongruent,FA,z,2,1.0052618684840127,609748,23131,11:38:53.831464,same
12,152,same1,4,gabor,0,0.014075090106695375,x,x,-1,n,0.8298910839694145,-1,1,-1,incongruent,hit,z,4,0.6738497846563405,613981,23131,11:38:53.831464,same
12,153,same1,4,cue,left,-1,-1,-1,x,x,-1,0.2726406646470423,-1,1,none,none,-1,-1,-1,617913,23131,11:38:53.831464,same
12,154,same1,4,cue,right,-1,-1,-1,n,n,-1,0.24047887111919408,-1,1,none,none,-1,-1,-1,620730,23131,11:38:53.831464,same
12,155,same1,4,cue,left,-1,-1,-1,x,x,-1,0.3202424691116903,-1,1,none,none,-1,-1,-1,623513,23131,11:38:53.831464,same
12,156,same1,4,cue,left,-1,-1,-1,x,x,-1,0.2063103254422458,-1,1,none,none,-1,-1,-1,626381,23131,11:38:53.831464,same
12,157,same1,4,gabor,0,0.014075090106695375,x,x,-1,n,0.6571145622774566,-1,1,-1,incongruent,hit,x,3,0.8999534599388426,629130,23131,11:38:53.831464,same
12,158,same1,4,cue,right,-1,-1,-1,n,n,-1,0.42066340323071927,-1,1,none,none,-1,-1,-1,633212,23131,11:38:53.831464,same
12,159,same1,4,gabor,0,0.014075090106695375,x,x,-1,n,0.5425242530545802,-1,1,-1,incongruent,hit,z,2,0.8315676013589837,635979,23131,11:38:53.831464,same
12,160,same1,4,cue,left,-1,-1,-1,x,x,-1,0.42232379287634103,-1,1,none,none,-1,-1,-1,639980,23131,11:38:53.831464,same
12,161,same1,5,gabor,90,0.014075090106695375,n,n,-1,n,0.6697571776139739,-1,1,-1,congruent,CR,z,1,1.249655557467122,668411,23131,11:38:53.831464,same
12,162,same1,5,gabor,90,0.014075090106695375,x,n,-1,x,0.6655562842906875,-1,0,-1,congruent,FA,x,4,0.46839730159808823,672944,23131,11:38:53.831464,same
12,163,same1,5,cue,left,-1,-1,-1,x,x,-1,0.2422740426263772,-1,1,none,none,-1,-1,-1,676712,23131,11:38:53.831464,same
12,164,same1,5,cue,right,-1,-1,-1,n,n,-1,0.28309451472341607,-1,1,none,none,-1,-1,-1,679495,23131,11:38:53.831464,same
12,165,same1,5,cue,left,-1,-1,-1,x,x,-1,0.2419230721970962,-1,1,none,none,-1,-1,-1,682328,23131,11:38:53.831464,same
12,166,same1,5,cue,right,-1,-1,-1,n,n,-1,0.2188646221802628,-1,1,none,none,-1,-1,-1,684911,23131,11:38:53.831464,same
12,167,same1,5,cue,right,-1,-1,-1,n,n,-1,0.3767348844639855,-1,1,none,none,-1,-1,-1,687577,23131,11:38:53.831464,same
12,168,same1,5,gabor,90,0.014075090106695375,x,n,-1,x,0.38749631365863024,-1,0,-1,congruent,FA,n,2,0.9704309333201309,690494,23131,11:38:53.831464,same
12,169,same1,5,cue,left,-1,-1,-1,x,x,-1,0.4202125943857027,-1,1,none,none,-1,-1,-1,694276,23131,11:38:53.831464,same
12,170,same1,5,gabor,0,0.014075090106695375,x,x,-1,x,0.5099934413838128,-1,1,-1,congruent,hit,n,4,0.5510158942752241,697044,23131,11:38:53.831464,same
12,171,same1,5,cue,left,-1,-1,-1,x,x,-1,0.4579303957289085,-1,1,none,none,-1,-1,-1,700543,23131,11:38:53.831464,same
12,172,same1,5,gabor,90,0.014075090106695375,x,n,-1,n,0.5376890018005724,-1,0,-1,incongruent,FA,x,3,0.8827309492944551,703343,23131,11:38:53.831464,same
12,173,same1,5,gabor,0,0.014075090106695375,x,x,-1,n,0.5045764393626087,-1,1,-1,incongruent,hit,i,4,0.3945053544102848,707193,23131,11:38:53.831464,same
12,174,same1,5,cue,right,-1,-1,-1,n,n,-1,0.25539549836230435,-1,1,none,none,-1,-1,-1,710610,23131,11:38:53.831464,same
12,175,same1,5,gabor,0,0.014075090106695375,n,x,-1,n,0.3603022492825403,-1,0,-1,congruent,miss,x,3,0.9752124254282535,713411,23131,11:38:53.831464,same
12,176,same1,5,gabor,90,0.014075090106695375,n,n,-1,n,0.5459487107018504,-1,1,-1,congruent,CR,n,4,0.7139279965349488,717361,23131,11:38:53.831464,same
12,177,same1,5,gabor,0,0.014075090106695375,x,x,-1,x,0.5838347013750536,-1,1,-1,congruent,hit,i,4,1.2937008103808694,721026,23131,11:38:53.831464,same
12,178,same1,5,gabor,0,0.014075090106695375,x,x,-1,x,0.8674556717433006,-1,1,-1,congruent,hit,x,2,1.2944161910263574,725527,23131,11:38:53.831464,same
12,179,same1,5,cue,right,-1,-1,-1,n,n,-1,0.47615513046548585,-1,1,none,none,-1,-1,-1,730110,23131,11:38:53.831464,same
12,180,same1,5,gabor,90,0.014075090106695375,x,n,-1,x,0.4841575634509354,-1,0,-1,congruent,FA,i,3,0.8460783470445676,733127,23131,11:38:53.831464,same
12,181,same1,5,cue,left,-1,-1,-1,x,x,-1,0.3417703194209025,-1,1,none,none,-1,-1,-1,736876,23131,11:38:53.831464,same
12,182,same1,5,cue,right,-1,-1,-1,n,n,-1,0.2507203725663203,-1,1,none,none,-1,-1,-1,739760,23131,11:38:53.831464,same
12,183,same1,5,cue,left,-1,-1,-1,x,x,-1,0.37460832621673035,-1,1,none,none,-1,-1,-1,742458,23131,11:38:53.831464,same
12,184,same1,5,gabor,0,0.014075090106695375,x,x,-1,x,0.7304093989423563,-1,1,-1,congruent,hit,z,4,1.059255635494992,745175,23131,11:38:53.831464,same
12,185,same1,5,gabor,90,0.014075090106695375,x,n,-1,x,0.6980006973326454,-1,0,-1,congruent,FA,x,2,0.9961869405206016,749577,23131,11:38:53.831464,same
12,186,same1,5,cue,left,-1,-1,-1,x,x,-1,0.25782694777080906,-1,1,none,none,-1,-1,-1,753792,23131,11:38:53.831464,same
12,187,same1,5,cue,left,-1,-1,-1,x,x,-1,0.273675144228946,-1,1,none,none,-1,-1,-1,756392,23131,11:38:53.831464,same
12,188,same1,5,cue,right,-1,-1,-1,n,n,-1,0.28051599565060314,-1,1,none,none,-1,-1,-1,759209,23131,11:38:53.831464,same
12,189,same1,5,gabor,0,0.014075090106695375,x,x,-1,n,0.5404168945024139,-1,1,-1,incongruent,hit,n,4,0.612290185729762,761941,23131,11:38:53.831464,same
12,190,same1,5,gabor,90,0.014075090106695375,x,n,-1,x,0.5142953251042854,-1,0,-1,congruent,FA,z,4,0.9551210963181802,765608,23131,11:38:53.831464,same
12,191,same1,5,gabor,90,0.014075090106695375,x,n,-1,n,0.9620041870693967,-1,0,-1,incongruent,FA,i,3,2.00174333232917,769592,23131,11:38:53.831464,same
12,192,same1,5,cue,right,-1,-1,-1,n,n,-1,0.4065930985543673,-1,1,none,none,-1,-1,-1,775075,23131,11:38:53.831464,same
12,193,same1,5,gabor,90,0.014075090106695375,x,n,-1,n,0.977530212640886,-1,0,-1,incongruent,FA,x,1,1.8803690027834818,777824,23131,11:38:53.831464,same
12,194,same1,5,gabor,0,0.014075090106695375,x,x,-1,x,0.5262624951619728,-1,1,-1,congruent,hit,i,3,0.7192259604453284,783092,23131,11:38:53.831464,same
12,195,same1,5,gabor,0,0.014075090106695375,x,x,-1,n,0.7159819799344405,-1,1,-1,incongruent,hit,x,2,1.5728574676068092,786959,23131,11:38:53.831464,same
12,196,same1,5,gabor,0,0.014075090106695375,x,x,-1,n,0.6716840590306674,-1,1,-1,incongruent,hit,x,4,0.6426667915930011,791875,23131,11:38:53.831464,same
12,197,same1,5,cue,right,-1,-1,-1,n,n,-1,0.5063681549245302,-1,1,none,none,-1,-1,-1,795607,23131,11:38:53.831464,same
12,198,same1,5,cue,left,-1,-1,-1,x,x,-1,0.2442301075798241,-1,1,none,none,-1,-1,-1,798557,23131,11:38:53.831464,same
12,199,same1,5,cue,right,-1,-1,-1,x,n,-1,0.4253093454899499,-1,0,none,none,-1,-1,-1,801257,23131,11:38:53.831464,same
12,200,same1,5,cue,left,-1,-1,-1,x,x,-1,0.24195609567323118,-1,1,none,none,-1,-1,-1,804024,23131,11:38:53.831464,same
